id,title,year,genres,description,cast,director,rating,poster_color,runtime
1,The Dark Knight,2008,"Action,Crime,Drama","When the menace known as the Joker wreaks havoc and chaos on the people of Gotham, Batman must accept one of the greatest psychological and physical tests of his ability to fight injustice.","Christian Bale,Heath Ledger,Aaron Eckhart",Christopher Nolan,9.0,#1a1a2e,152
2,Inception,2010,"Action,Adventure,Sci-Fi",A thief who steals corporate secrets through the use of dream-sharing technology is given the inverse task of planting an idea into the mind of a C.E.O.,"Leonardo DiCaprio,Joseph Gordon-Levitt,Elliot Page",Christopher Nolan,8.8,#16213e,148
3,Interstellar,2014,"Adventure,Drama,Sci-Fi",A team of explorers travel through a wormhole in space in an attempt to ensure humanity's survival.,"Matthew McConaughey,Anne Hathaway,Jessica Chastain",Christopher Nolan,8.7,#0f3460,169
4,The Avengers,2012,"Action,Adventure,Sci-Fi",Earth's mightiest heroes must come together and learn to fight as a team to stop Thanos from collecting the Infinity Stones.,"Robert Downey Jr.,Chris Evans,Scarlett Johansson",Joss Whedon,8.0,#e94560,143
5,Avengers: Endgame,2019,"Action,Adventure,Drama","After the devastating events of Infinity War, the Avengers assemble once more in order to undo Thanos's actions and restore order to the universe.","Robert Downey Jr.,Chris Evans,Mark Ruffalo",Anthony Russo,8.4,#533483,181
6,Joker,2019,"Crime,Drama,Thriller",A mentally troubled stand-up comedian embarks on a downward spiral that leads to the creation of an iconic villain.,"Joaquin Phoenix,Robert De Niro,Zazie Beetz",Todd Phillips,8.4,#1a1a2e,122
7,Parasite,2019,"Comedy,Drama,Thriller",Greed and class discrimination threaten the newly formed symbiotic relationship between the wealthy Park family and the destitute Kim clan.,"Song Kang-ho,Lee Sun-kyun,Cho Yeo-jeong",Bong Joon-ho,8.5,#2d4a22,132
8,The Shawshank Redemption,1994,Drama,"Two imprisoned men bond over a number of years, finding solace and eventual redemption through acts of common decency.","Tim Robbins,Morgan Freeman,Bob Gunton",Frank Darabont,9.3,#3d2b1f,142
9,Forrest Gump,1994,"Drama,Romance","The presidencies of Kennedy and Johnson, the Vietnam War, the Watergate scandal and other historical events unfold from the perspective of an Alabama man with an extraordinary story.","Tom Hanks,Robin Wright,Gary Sinise",Robert Zemeckis,8.8,#4a7c59,142
10,The Matrix,1999,"Action,Sci-Fi","A computer programmer discovers that reality as he knows it is a simulation created by machines, and joins a rebellion to break free.","Keanu Reeves,Laurence Fishburne,Carrie-Anne Moss",Lana Wachowski,8.7,#1a3a1a,136
11,Pulp Fiction,1994,"Crime,Drama","The lives of two mob hitmen, a boxer, a gangster and his wife, and a pair of diner bandits intertwine in four tales of violence and redemption.","John Travolta,Uma Thurman,Samuel L. Jackson",Quentin Tarantino,8.9,#4a1a1a,154
12,Fight Club,1999,Drama,An insomniac office worker and a devil-may-care soap maker form an underground fight club that evolves into something much more.,"Brad Pitt,Edward Norton,Helena Bonham Carter",David Fincher,8.8,#2a2a1a,139
13,Goodfellas,1990,"Biography,Crime,Drama","The story of Henry Hill and his life in the mob, covering his relationship with his wife Karen and his mob partners Jimmy Conway and Tommy DeVito.","Ray Liotta,Robert De Niro,Joe Pesci",Martin Scorsese,8.7,#1a1a3a,146
14,The Silence of the Lambs,1991,"Crime,Drama,Thriller",A young FBI cadet must receive the help of an incarcerated and manipulative cannibal killer to help catch another serial killer who skins his victims.,"Jodie Foster,Anthony Hopkins,Lawrence A. Bonney",Jonathan Demme,8.6,#1a2a1a,118
15,Schindler's List,1993,"Biography,Drama,History","In German-occupied Poland during World War II, industrialist Oskar Schindler gradually becomes concerned for his Jewish workforce after witnessing their persecution by the Nazis.","Liam Neeson,Ralph Fiennes,Ben Kingsley",Steven Spielberg,8.9,#1a1a1a,195
16,The Lord of the Rings: The Fellowship of the Ring,2001,"Adventure,Drama,Fantasy",A meek Hobbit from the Shire and eight companions set out on a journey to destroy the powerful One Ring and save Middle-earth.,"Elijah Wood,Ian McKellen,Orlando Bloom",Peter Jackson,8.8,#2d4a22,178
17,The Lord of the Rings: The Return of the King,2003,"Adventure,Drama,Fantasy",Gandalf and Aragorn lead the World of Men against Sauron's army to draw his gaze from Frodo and Sam as they approach Mount Doom with the One Ring.,"Elijah Wood,Viggo Mortensen,Ian McKellen",Peter Jackson,8.9,#3a2a1a,201
18,Harry Potter and the Sorcerer's Stone,2001,"Adventure,Family,Fantasy","An orphaned boy enrolls in a school of wizardry, where he learns the truth about himself, his family and the terrible evil that haunts the magical world.","Daniel Radcliffe,Emma Watson,Rupert Grint",Chris Columbus,7.6,#4a1a4a,152
19,Titanic,1997,"Drama,Romance",A seventeen-year-old aristocrat falls in love with a kind but poor artist aboard the luxurious ill-fated R.M.S. Titanic.,"Leonardo DiCaprio,Kate Winslet,Billy Zane",James Cameron,7.9,#1a3a4a,194
20,Avatar,2009,"Action,Adventure,Fantasy",A paraplegic marine dispatched to the moon Pandora on a unique mission becomes torn between following his orders and protecting the world he feels is his home.,"Sam Worthington,Zoe Saldana,Sigourney Weaver",James Cameron,7.8,#1a4a1a,162
21,The Lion King,1994,"Animation,Adventure,Drama","Lion prince Simba and his father are targeted by his bitter uncle, who wants to ascend the throne himself.","Matthew Broderick,Jeremy Irons,James Earl Jones",Roger Allers,8.5,#4a3a1a,88
22,Toy Story,1995,"Animation,Adventure,Comedy",A cowboy doll is profoundly threatened and jealous when a new spaceman figure supplants him as top toy in a boy's room.,"Tom Hanks,Tim Allen,Don Rickles",John Lasseter,8.3,#3a4a1a,81
23,Finding Nemo,2003,"Animation,Adventure,Comedy","After his son is taken by a scuba diver, an anxious clownfish sets out on a cross-ocean journey to find him.","Albert Brooks,Ellen DeGeneres,Alexander Gould",Andrew Stanton,8.2,#1a3a4a,100
24,Up,2009,"Animation,Adventure,Comedy","78-year-old Carl Fredricksen travels to Paradise Falls in his house equipped with balloons, inadvertently taking a young stowaway.","Edward Asner,Jordan Nagai,John Ratzenberger",Pete Docter,8.2,#4a4a1a,96
25,WALL-E,2008,"Animation,Adventure,Romance","In the distant future, a small waste-collecting robot inadvertently embarks on a space journey that will ultimately decide the fate of mankind.","Ben Burtt,Elissa Knight,Jeff Garlin",Andrew Stanton,8.4,#2a3a4a,98
26,Spirited Away,2001,"Animation,Adventure,Family","During her family's move to the suburbs, a sullen 10-year-old girl wanders into a world ruled by gods, witches, and spirits.","Daveigh Chase,Suzanne Pleshette,Miyu Irino",Hayao Miyazaki,8.6,#3a1a4a,125
27,Princess Mononoke,1997,"Animation,Adventure,Fantasy","On a journey to find the cure for a Tatarigami's curse, Ashitaka finds himself in the middle of a war between the forest gods and Tatara, a mining colony.","Yoji Matsuda,Yuriko Ishida,Yuko Tanaka",Hayao Miyazaki,8.3,#2a4a2a,134
28,Your Name,2016,"Animation,Drama,Fantasy","Two strangers find themselves linked in a bizarre way. When a connection forms, will distance be the only thing to keep them apart?","Ryunosuke Kamiki,Mone Kamishiraishi,Ryo Narita",Makoto Shinkai,8.4,#2a2a4a,106
29,Demon Slayer: Mugen Train,2020,"Animation,Action,Adventure","Tanjiro Kamado, joined with Inosuke Hashibira, a boy raised by boars who wears a boar's head, and Zenitsu Agatsuma, travel on the Infinity Train.","Natsuki Hanae,Akari Kito,Yoshitsugu Matsuoka",Haruo Sotozaki,7.8,#3a1a1a,117
30,Attack on Titan: The Movie,2015,"Animation,Action,Drama","Humanity lives behind walls to protect themselves from man-eating giants called Titans. When they breach the walls, soldiers must fight back.","Haruma Miura,Kiko Mizuhara,Kanata Hongo",Shinji Higuchi,4.9,#4a2a1a,98
31,The Grand Budapest Hotel,2014,"Adventure,Comedy,Crime",A writer encounters the owner of an aging European hotel between the wars who tells him of his early years serving as a lobby boy in the hotel's glorious years under an exceptional concierge.,"Ralph Fiennes,F. Murray Abraham,Mathieu Amalric",Wes Anderson,8.1,#e8c39a,99
32,La La Land,2016,"Comedy,Drama,Music","While navigating their careers in Los Angeles, a pianist and an actress fall in love while attempting to reconcile their aspirations for the future.","Ryan Gosling,Emma Stone,John Legend",Damien Chazelle,8.0,#f7c59f,128
33,Whiplash,2014,"Drama,Music",A promising young drummer enrolls at a cut-throat music conservatory where his dreams of greatness are mentored by an instructor who will stop at nothing to realize a student's potential.,"Miles Teller,J.K. Simmons,Melissa Benoist",Damien Chazelle,8.5,#1a1a1a,106
34,Bohemian Rhapsody,2018,"Biography,Drama,Music","The story of the legendary rock band Queen and lead singer Freddie Mercury, leading up to their famous performance at Live Aid.","Rami Malek,Lucy Boynton,Gwilym Lee",Bryan Singer,7.9,#1a1a4a,134
35,A Beautiful Mind,2001,"Biography,Drama","After John Nash, a brilliant but asocial mathematician, accepts secret work in cryptography, his life takes a turn for the nightmarish.","Russell Crowe,Ed Harris,Jennifer Connelly",Ron Howard,8.2,#2a3a2a,135
36,The Social Network,2010,"Biography,Drama","As Harvard student Mark Zuckerberg creates the social networking site that would become known as Facebook, he is sued by the twins who claimed he stole their idea.","Jesse Eisenberg,Andrew Garfield,Justin Timberlake",David Fincher,7.8,#1a2a3a,120
37,Moneyball,2011,"Biography,Drama,Sport",Oakland Athletics general manager Billy Beane's successful attempt to assemble a baseball team on a lean budget by employing computer-generated analysis to acquire new players.,"Brad Pitt,Jonah Hill,Philip Seymour Hoffman",Bennett Miller,7.6,#3a2a1a,133
38,The Wolf of Wall Street,2013,"Biography,Comedy,Crime","Based on the true story of Jordan Belfort, from his rise to a wealthy stockbroker living the high life to his fall involving crime, corruption and the federal government.","Leonardo DiCaprio,Jonah Hill,Margot Robbie",Martin Scorsese,8.2,#2a1a3a,180
39,American Hustle,2013,"Crime,Drama","A con man, Irving Rosenfeld, along with his seductive British partner Sydney Prosser, is forced to work for a wild FBI agent Richie DiMaso who pushes them into a world of Jersey power-brokers and mafia.","Christian Bale,Amy Adams,Bradley Cooper",David O. Russell,7.2,#3a3a1a,138
40,Gone Girl,2014,"Drama,Mystery,Thriller","With his wife's disappearance having become the focus of an intense media circus, a man sees the spotlight turned on him when it's suspected that he may not be innocent.","Ben Affleck,Rosamund Pike,Neil Patrick Harris",David Fincher,8.1,#1a2a1a,149
41,Get Out,2017,"Horror,Mystery,Thriller","A young African-American visits his white girlfriend's parents for the weekend, where his uneasiness grows as bizarre behavior ensues.","Daniel Kaluuya,Allison Williams,Bradley Whitford",Jordan Peele,7.7,#2a1a2a,104
42,Us,2019,"Horror,Mystery,Thriller",A family's serene beach vacation turns to chaos when their doppelgangers appear and begin to terrorize them.,"Lupita Nyong'o,Winston Duke,Shahadi Wright Joseph",Jordan Peele,6.8,#1a1a2e,116
43,A Quiet Place,2018,"Drama,Horror,Sci-Fi","In a post-apocalyptic world, a family is forced to live in near silence while hiding from creatures that hunt by sound.","Emily Blunt,John Krasinski,Millicent Simmonds",John Krasinski,7.5,#2a2a2a,90
44,Hereditary,2018,"Drama,Horror,Mystery",A grieving family is haunted by tragic and disturbing occurrences.,"Toni Collette,Milly Shapiro,Gabriel Byrne",Ari Aster,7.3,#1a2a2a,127
45,Midsommar,2019,"Drama,Horror,Mystery","A couple travels to Sweden to visit a rural hometown's fabled midsummer festival, but what begins as an idyllic retreat quickly devolves into an increasingly violent and bizarre competition.","Florence Pugh,Jack Reynor,William Jackson Harper",Ari Aster,7.1,#4a4a2a,148
46,Dune,2021,"Action,Adventure,Drama",Feature adaptation of Frank Herbert's science fiction novel about the son of a noble family entrusted with the protection of the most valuable asset and most vital element in the galaxy.,"Timothée Chalamet,Rebecca Ferguson,Oscar Isaac",Denis Villeneuve,8.0,#4a3a1a,155
47,Blade Runner 2049,2017,"Action,Drama,Mystery",Young Blade Runner K's discovery of a long-buried secret leads him to track down former Blade Runner Rick Deckard.,"Ryan Gosling,Harrison Ford,Ana de Armas",Denis Villeneuve,8.0,#1a2a3a,164
48,Arrival,2016,"Drama,Mystery,Sci-Fi",A linguist works with the military to communicate with alien lifeforms after twelve mysterious spacecraft appear around the world.,"Amy Adams,Jeremy Renner,Forest Whitaker",Denis Villeneuve,7.9,#2a1a4a,116
49,Ex Machina,2014,"Drama,Sci-Fi",A young programmer is selected to participate in the ground-breaking experiment of testing artificial intelligence in the form of a robot.,"Domhnall Gleeson,Oscar Isaac,Alicia Vikander",Alex Garland,7.7,#1a3a2a,108
50,Her,2013,"Drama,Romance,Sci-Fi","In a near future, a lonely writer develops an unlikely relationship with an operating system designed to meet his every need.","Joaquin Phoenix,Amy Adams,Scarlett Johansson",Spike Jonze,8.0,#4a2a2a,126
51,Gravity,2013,"Drama,Sci-Fi,Thriller",Two astronauts work together to survive after an accident leaves them stranded in space.,"Sandra Bullock,George Clooney,Ed Harris",Alfonso Cuarón,7.7,#1a2a4a,91
52,The Martian,2015,"Adventure,Drama,Sci-Fi","An astronaut becomes stranded on Mars after his team assume him dead, and must rely on his ingenuity to find a way to signal that he is alive.","Matt Damon,Jessica Chastain,Kristen Wiig",Ridley Scott,8.0,#3a2a4a,144
53,Ready Player One,2018,"Action,Adventure,Sci-Fi","When the creator of a virtual reality world called the OASIS dies, he releases a video urging his fans to find his Easter Egg, which will give the finder his fortune.","Tye Sheridan,Olivia Cooke,Ben Mendelsohn",Steven Spielberg,7.4,#1a1a4a,140
54,Tenet,2020,"Action,Sci-Fi,Thriller","Armed with only one word, Tenet, and fighting for the survival of the entire world, a Protagonist journeys through a twilight world of international espionage on a mission that will unfold in something beyond real time.","John David Washington,Robert Pattinson,Elizabeth Debicki",Christopher Nolan,7.3,#2a2a4a,150
55,The Hunger Games,2012,"Action,Adventure,Sci-Fi","Katniss Everdeen voluntarily takes her younger sister's place in the Hunger Games, a televised competition in which two teenagers from each of the twelve Districts of Panem are chosen at random to fight to the death.","Jennifer Lawrence,Josh Hutcherson,Liam Hemsworth",Gary Ross,7.2,#2a4a3a,142
56,Divergent,2014,"Action,Adventure,Sci-Fi","In a world divided by factions based on virtues, Tris learns she's Divergent and won't fit in. When she discovers a conspiracy by a faction leader to destroy all Divergents, Tris and the mysterious Four must find out what makes being Divergent so dangerous.","Shailene Woodley,Theo James,Ashley Judd",Neil Burger,6.6,#3a2a3a,139
57,The Maze Runner,2014,"Action,Mystery,Sci-Fi","Thomas is deposited in a community of boys after his memory is erased, soon learning they're all trapped in a maze that will require him to join forces with fellow runners for a shot at escape.","Dylan O'Brien,Kaya Scodelario,Will Poulter",Wes Ball,6.8,#3a3a2a,113
58,Deadpool,2016,"Action,Adventure,Comedy","A wisecracking mercenary gets experimented on and becomes immortal but ugly, and sets out to track down the man who ruined his looks.","Ryan Reynolds,Morena Baccarin,Ed Skrein",Tim Miller,8.0,#4a1a1a,108
59,Guardians of the Galaxy,2014,"Action,Adventure,Comedy",A group of intergalactic criminals must pull together to stop a fanatical warrior with plans to purge the universe.,"Chris Pratt,Zoe Saldana,Dave Bautista",James Gunn,8.0,#1a1a4a,121
60,Thor: Ragnarok,2017,"Action,Adventure,Comedy","Imprisoned on the planet Sakaar, Thor must race against time to return to Asgard and stop Ragnarök, the destruction of his world, at the hands of the powerful and ruthless villain Hela.","Chris Hemsworth,Tom Hiddleston,Cate Blanchett",Taika Waititi,7.9,#3a1a3a,130
61,Black Panther,2018,"Action,Adventure,Sci-Fi","T'Challa, heir to the hidden but advanced kingdom of Wakanda, must step forward to lead his people into a new future and must confront a challenger from his country's past.","Chadwick Boseman,Michael B. Jordan,Lupita Nyong'o",Ryan Coogler,7.3,#1a2a1a,134
62,Spider-Man: Into the Spider-Verse,2018,"Animation,Action,Adventure","Teen Miles Morales becomes the Spider-Man of his universe, and must join with five spider-powered individuals from other dimensions to stop a threat for all realities.","Shameik Moore,Jake Johnson,Hailee Steinfeld",Bob Persichetti,8.4,#1a1a4a,117
63,The Batman,2022,"Action,Crime,Drama","When the Riddler, a sadistic serial killer, begins murdering key political figures in Gotham, Batman is forced to investigate the city's hidden corruption and question his family's involvement.","Robert Pattinson,Zoë Kravitz,Jeffrey Wright",Matt Reeves,7.8,#1a1a1a,176
64,Top Gun: Maverick,2022,"Action,Drama","After thirty years, Maverick is still pushing the envelope as a top naval aviator, but must confront ghosts of his past when he leads TOP GUN's elite graduates on a mission that demands the ultimate sacrifice from those chosen to fly it.","Tom Cruise,Miles Teller,Jennifer Connelly",Joseph Kosinski,8.3,#1a2a4a,130
65,Everything Everywhere All at Once,2022,"Action,Adventure,Comedy","An aging Chinese immigrant is swept up in an insane adventure, where she alone can save the world by exploring other universes connecting with the lives she could have lived.","Michelle Yeoh,Stephanie Hsu,Jamie Lee Curtis",Daniel Kwan,7.8,#4a1a4a,139
66,No Time to Die,2021,"Action,Adventure,Thriller","James Bond has left active service. His peace is short-lived when Felix Leiter, an old friend from the CIA, turns up asking for help, leading Bond onto the trail of a mysterious villain armed with dangerous new technology.","Daniel Craig,Rami Malek,Léa Seydoux",Cary Joji Fukunaga,7.3,#1a2a3a,163
67,The Irishman,2019,"Biography,Crime,Drama","An aging hitman recalls his time with the mob and his involvement with the killing of Jimmy Hoffa as seen through the eyes of his friend, former mob enforcer Frank Sheeran.","Robert De Niro,Al Pacino,Joe Pesci",Martin Scorsese,7.8,#2a1a1a,209
68,Once Upon a Time in Hollywood,2019,"Comedy,Drama",A faded television actor and his stunt double strive to achieve fame and success in the final years of Hollywood's Golden Age in 1969 Los Angeles.,"Leonardo DiCaprio,Brad Pitt,Margot Robbie",Quentin Tarantino,7.6,#4a3a2a,161
69,Knives Out,2019,"Comedy,Crime,Drama","A detective investigates the death of a patriarch of an eccentric, combative family.","Daniel Craig,Chris Evans,Ana de Armas",Rian Johnson,7.9,#2a3a3a,130
70,1917,2019,"Drama,War","April 6th, 1917. As a regiment assembles to wage war deep in enemy territory, two soldiers are assigned to race against time and deliver a message that will stop 1917 soldiers from walking straight into a deadly trap.","George MacKay,Dean-Charles Chapman,Mark Strong",Sam Mendes,8.2,#3a3a3a,119
71,Dunkirk,2017,"Action,Drama,History","Allied soldiers from Belgium, the British Commonwealth and Empire, and France are surrounded by the German Army and evacuated during a fierce battle in World War II.","Fionn Whitehead,Tom Glynn-Carney,Jack Lowden",Christopher Nolan,7.8,#2a3a4a,106
72,Saving Private Ryan,1998,"Drama,War","Following the Normandy Landings, a group of U.S. soldiers go behind enemy lines to retrieve a paratrooper whose brothers have been killed in action.","Tom Hanks,Tom Sizemore,Edward Burns",Steven Spielberg,8.6,#3a2a2a,169
73,Hacksaw Ridge,2016,"Biography,Drama,History","WWII American Army Medic Desmond T. Doss, who served during the Battle of Okinawa, refuses to kill people, and becomes the first man in American history to receive the Medal of Honor without firing a shot.","Andrew Garfield,Sam Worthington,Luke Bracey",Mel Gibson,8.1,#4a2a3a,139
74,Braveheart,1995,"Biography,Drama,History",Scottish warrior William Wallace leads his countrymen in a rebellion to free his homeland from the tyranny of King Edward I of England.,"Mel Gibson,Sophie Marceau,Patrick McGoohan",Mel Gibson,8.3,#2a4a1a,178
75,Gladiator,2000,"Action,Adventure,Drama",A former Roman General sets out to exact vengeance against the corrupt emperor who murdered his family and sent him into slavery.,"Russell Crowe,Joaquin Phoenix,Connie Nielsen",Ridley Scott,8.5,#3a1a2a,155
76,Troy,2004,"Action,Adventure,Drama","An adaptation of Homer's great epic, the film follows the assault on Troy by the united Greek forces and chronicles the fates of the men involved.","Brad Pitt,Eric Bana,Orlando Bloom",Wolfgang Petersen,7.2,#4a3a3a,163
77,300,2006,"Action,Drama,Fantasy","King Leonidas of Sparta and a force of 300 men fight the Persian army at the Battle of Thermopylae, while the Spartan queen seeks support from the reluctant Spartan senate.","Gerard Butler,Lena Headey,David Wenham",Zack Snyder,7.6,#3a2a1a,117
78,Mulan,1998,"Animation,Action,Adventure","To save her father from death in the army, a young woman secretly enlists, disguises herself as a man, and goes to war against the Huns.","Ming-Na Wen,Eddie Murphy,BD Wong",Barry Cook,7.6,#4a1a2a,88
79,Moana,2016,"Animation,Adventure,Comedy","In Ancient Polynesia, when a terrible curse incurred by the Demigod Maui reaches Moana's island, she answers the Ocean's call to seek out the Demigod to set things right.","Auli'i Cravalho,Dwayne Johnson,Rachel House",Ron Clements,7.6,#1a4a4a,107
80,Frozen,2013,"Animation,Adventure,Comedy","When the newly crowned Queen Elsa accidentally uses her power to turn things into ice to curse her home in infinite winter, her sister Anna teams up with a mountain man, his playful reindeer, and a snowman to change the weather conditions.","Idina Menzel,Kristen Bell,Josh Gad",Chris Buck,7.4,#2a4a4a,102
81,Coco,2017,"Animation,Adventure,Comedy","Aspiring musician Miguel, confronted with his family's ancestral ban on music, enters the Land of the Dead to find his great-great-grandfather, a legendary singer.","Anthony Gonzalez,Gael García Bernal,Benjamin Bratt",Lee Unkrich,8.4,#4a2a4a,105
82,Soul,2020,"Animation,Adventure,Comedy",A musician who has lost his passion for music is transported out of his body and must find his way back with the help of an infant soul learning about herself.,"Jamie Foxx,Tina Fey,Graham Norton",Pete Docter,8.0,#2a2a4a,100
83,Luca,2021,"Animation,Adventure,Comedy","On the Italian Riviera, an unlikely but strong friendship grows between a human boy and a sea monster disguised as a human.","Jacob Tremblay,Jack Dylan Grazer,Emma Berman",Enrico Casarosa,7.4,#1a3a3a,95
84,The Secret Life of Pets,2016,"Animation,Adventure,Comedy","The quiet life of a terrier named Max is upended when his owner takes in Duke, a stray whom Max instantly dislikes.","Louis C.K.,Eric Stonestreet,Kevin Hart",Chris Renaud,6.5,#3a4a4a,87
85,Zootopia,2016,"Animation,Adventure,Comedy","In a city of anthropomorphic animals, a rookie bunny cop and a cynical con-artist fox must work together to uncover a conspiracy.","Ginnifer Goodwin,Jason Bateman,Idris Elba",Byron Howard,8.0,#4a4a3a,108
86,The Incredibles,2004,"Animation,Action,Adventure","A family of undercover superheroes, while trying to live the quiet suburban life, are forced into action to save the world.","Craig T. Nelson,Holly Hunter,Samuel L. Jackson",Brad Bird,8.0,#4a1a3a,115
87,Monsters Inc,2001,"Animation,Adventure,Comedy","In order to power the city, monsters have to scare children so that they scream. However, the children are toxic to the monsters, and after a child gets through, 2 monsters realize things may not be what they think.","John Goodman,Billy Crystal,Mary Gibbs",Pete Docter,8.1,#3a1a4a,92
88,Ratatouille,2007,"Animation,Comedy,Family",A rat who can cook makes an unusual alliance with a young kitchen worker at a famous Paris restaurant.,"Brad Garrett,Lou Romano,Patton Oswalt",Brad Bird,8.1,#4a4a2a,111
89,Inside Out,2015,"Animation,Adventure,Comedy","After young Riley is uprooted from her Midwest life and moved to San Francisco, her emotions - Joy, Fear, Anger, Disgust and Sadness - conflict on how best to navigate a new city, house, and school.","Amy Poehler,Mindy Kaling,Phyllis Smith",Pete Docter,8.1,#2a4a3a,95
90,Shrek,2001,"Animation,Adventure,Comedy","A mean lord exiles fairytale creatures to the swamp of a grumpy ogre, who must go on a quest and rescue a princess for the lord in order to get his land back.","Mike Myers,Eddie Murphy,Cameron Diaz",Andrew Adamson,7.9,#2a3a1a,90
91,Kung Fu Panda,2008,"Animation,Action,Adventure","The Dragon Warrior has to clash against the savage Tai Lung as China's fate hangs in the balance. However, the Dragon Warrior mantle is supposedly mistakenly bestowed upon an unfocused, clumsy, and loveable panda.","Jack Black,Dustin Hoffman,Angelina Jolie",Mark Osborne,7.6,#4a3a1a,92
92,How to Train Your Dragon,2010,"Animation,Action,Adventure","A hapless young Viking who aspires to hunt dragons becomes the unlikely friend of a young dragon himself, and learns there may be more to the creatures than he assumed.","Jay Baruchel,Gerard Butler,Craig Ferguson",Chris Sanders,8.1,#2a1a4a,98
93,The Croods,2013,"Animation,Adventure,Comedy","After their cave is destroyed, a caveman family must trek through an unfamiliar fantastical world with the help of an inventive boy.","Nicolas Cage,Emma Stone,Ryan Reynolds",Chris Sanders,7.2,#3a4a2a,98
94,Rio,2011,"Animation,Adventure,Comedy","When Blu, a domesticated macaw from small-town Minnesota, meets the fiercely independent Jewel, he takes off on an adventure to Rio de Janeiro with the bird of his life.","Jesse Eisenberg,Anne Hathaway,will.i.am",Carlos Saldanha,6.9,#1a4a2a,96
95,The Princess Bride,1987,"Adventure,Comedy,Fantasy","While sick in bed, a grandfather tells his grandson a story about a young farmhand named Westley who must rescue his true love Princess Buttercup from the evil Prince Humperdinck.","Cary Elwes,Mandy Patinkin,Robin Wright",Rob Reiner,8.0,#3a4a1a,98
96,Labyrinth,1986,"Adventure,Family,Fantasy","Sixteen-year-old Sarah, in order to save her baby brother Toby, must find her way through a maze filled with monsters and managed by Goblin King Jareth.","David Bowie,Jennifer Connelly,Toby Froud",Jim Henson,7.3,#4a2a4a,101
97,The Neverending Story,1984,"Adventure,Drama,Fantasy",A troubled boy dives into a wondrous fantasy world through the pages of a mysterious book.,"Noah Hathaway,Barret Oliver,Tami Stronach",Wolfgang Petersen,7.4,#2a4a4a,94
98,Coraline,2009,"Animation,Family,Fantasy","An adventurous girl finds another world that is a strangely idealized version of her frustrating home, but it has a secret.","Dakota Fanning,Teri Hatcher,Jennifer Saunders",Henry Selick,7.7,#1a1a3a,100
99,The Shape of Water,2017,"Adventure,Drama,Fantasy","At a top secret research facility in the 1960s, a lonely janitor forms a unique relationship with an amphibious creature that is being held in captivity.","Sally Hawkins,Mihal Huisman,Michael Shannon",Guillermo del Toro,7.3,#1a3a1a,123
100,Prometheus,2012,"Adventure,Mystery,Sci-Fi","Following clues to the origin of mankind, a team finds a structure on a distant moon, but they soon realize they are not alone.","Noomi Rapace, Logan Marshall-Green, Michael Fassbender, Charlize Theron",Ridley Scott,7.0,#2d4a22,124
101,Split,2016,"Horror,Thriller",Three girls are kidnapped by a man with a diagnosed 23 distinct personalities. They must try to escape before the apparent emergence of a frightful new 24th.,"James McAvoy, Anya Taylor-Joy, Haley Lu Richardson, Jessica Sula",M. Night Shyamalan,7.3,#1a1a3a,117
102,Sing,2016,"Animation,Comedy,Family","In a city of humanoid animals, a hustling theater impresario's attempt to save his theater with a singing competition becomes grander than he anticipates even as its finalists' find that their lives will never be the same.","Matthew McConaughey,Reese Witherspoon, Seth MacFarlane, Scarlett Johansson",Christophe Lourdelet,7.2,#1a1a3a,108
103,Suicide Squad,2016,"Action,Adventure,Fantasy",A secret government agency recruits some of the most dangerous incarcerated super-villains to form a defensive task force. Their first mission: save the world from the apocalypse.,"Will Smith, Jared Leto, Margot Robbie, Viola Davis",David Ayer,6.2,#533483,123
104,The Great Wall,2016,"Action,Adventure,Fantasy",European mercenaries searching for black powder become embroiled in the defense of the Great Wall of China against a horde of monstrous creatures.,"Matt Damon, Tian Jing, Willem Dafoe, Andy Lau",Yimou Zhang,6.1,#1a1a2e,103
105,Mindhorn,2016,Comedy,"A has-been actor best known for playing the title character in the 1980s detective series ""Mindhorn"" must work with the police when a serial killer says that he will only speak with Detective Mindhorn, whom he believes to be a real person.","Essie Davis, Andrea Riseborough, Julian Barratt,Kenneth Branagh",Sean Foley,6.4,#e94560,89
106,The Lost City of Z,2016,"Action,Adventure,Biography","A true-life drama, centering on British explorer Col. Percival Fawcett, who disappeared while searching for a mysterious city in the Amazon in the 1920s.","Charlie Hunnam, Robert Pattinson, Sienna Miller, Tom Holland",James Gray,7.1,#4a1a4a,141
107,Passengers,2016,"Adventure,Drama,Romance","A spacecraft traveling to a distant colony planet and transporting thousands of people has a malfunction in its sleep chambers. As a result, two passengers are awakened 90 years early.","Jennifer Lawrence, Chris Pratt, Michael Sheen,Laurence Fishburne",Morten Tyldum,7.0,#4a1a4a,116
108,Fantastic Beasts and Where to Find Them,2016,"Adventure,Family,Fantasy",The adventures of writer Newt Scamander in New York's secret community of witches and wizards seventy years before Harry Potter reads his book in school.,"Eddie Redmayne, Katherine Waterston, Alison Sudol,Dan Fogler",David Yates,7.5,#533483,133
109,Hidden Figures,2016,"Biography,Drama,History",The story of a team of female African-American mathematicians who served a vital role in NASA during the early years of the U.S. space program.,"Taraji P. Henson, Octavia Spencer, Janelle Monáe,Kevin Costner",Theodore Melfi,7.8,#e94560,127
110,Rogue One,2016,"Action,Adventure,Sci-Fi","The Rebel Alliance makes a risky move to steal the plans for the Death Star, setting up the epic saga to follow.","Felicity Jones, Diego Luna, Alan Tudyk, Donnie Yen",Gareth Edwards,7.9,#1a2a1a,133
111,Colossal,2016,"Action,Comedy,Drama","Gloria is an out-of-work party girl forced to leave her life in New York City, and move back home. When reports surface that a giant creature is destroying Seoul, she gradually comes to the realization that she is somehow connected to this phenomenon.","Anne Hathaway, Jason Sudeikis, Austin Stowell,Tim Blake Nelson",Nacho Vigalondo,6.4,#1a3a1a,109
112,Jason Bourne,2016,"Action,Thriller",The CIA's most dangerous former operative is drawn out of hiding to uncover more explosive truths about his past.,"Matt Damon, Tommy Lee Jones, Alicia Vikander,Vincent Cassel",Paul Greengrass,6.7,#4a1a4a,123
113,Lion,2016,"Biography,Drama","A five-year-old Indian boy gets lost on the streets of Calcutta, thousands of kilometers from home. He survives many challenges before being adopted by a couple in Australia. 25 years later, he sets out to find his lost family.","Dev Patel, Nicole Kidman, Rooney Mara, Sunny Pawar",Garth Davis,8.1,#4a3a1a,118
114,Gold,2016,"Adventure,Drama,Thriller","Kenny Wells, a prospector desperate for a lucky break, teams up with a similarly eager geologist and sets off on a journey to find gold in the uncharted jungle of Indonesia.","Matthew McConaughey, Edgar Ramírez, Bryce Dallas Howard, Corey Stoll",Stephen Gaghan,6.7,#4a1a4a,120
115,Manchester by the Sea,2016,Drama,A depressed uncle is asked to take care of his teenage nephew after the boy's father dies.,"Casey Affleck, Michelle Williams, Kyle Chandler,Lucas Hedges",Kenneth Lonergan,7.9,#1a1a3a,137
116,Hounds of Love,2016,"Crime,Drama,Horror","A cold-blooded predatory couple while cruising the streets in search of their next victim, will stumble upon a 17-year-old high school girl, who will be sedated, abducted and chained in the strangers' guest room.","Emma Booth, Ashleigh Cummings, Stephen Curry,Susie Porter",Ben Young,6.7,#3a4a1a,108
117,Trolls,2016,"Animation,Adventure,Comedy","After the Bergens invade Troll Village, Poppy, the happiest Troll ever born, and the curmudgeonly Branch set off on a journey to rescue her friends.","Anna Kendrick, Justin Timberlake,Zooey Deschanel, Christopher Mintz-Plasse",Walt Dohrn,6.5,#1a1a3a,92
118,Independence Day: Resurgence,2016,"Action,Adventure,Sci-Fi","Two decades after the first Independence Day invasion, Earth is faced with a new extra-Solar threat. But will mankind's new space defenses be enough?","Liam Hemsworth, Jeff Goldblum, Bill Pullman,Maika Monroe",Roland Emmerich,5.3,#1a3a1a,120
119,Paris pieds nus,2016,Comedy,"Fiona visits Paris for the first time to assist her myopic Aunt Martha. Catastrophes ensue, mainly involving Dom, a homeless man who has yet to have an emotion or thought he was afraid of expressing.","Fiona Gordon, Dominique Abel,Emmanuelle Riva, Pierre Richard",Dominique Abel,6.8,#4a4a1a,83
120,Bahubali: The Beginning,2015,"Action,Adventure,Drama","In ancient India, an adventurous and daring man becomes involved in a decades old feud between two warring people.","Prabhas, Rana Daggubati, Anushka Shetty,Tamannaah Bhatia",S.S. Rajamouli,8.3,#0f3460,159
121,Dead Awake,2016,"Horror,Thriller",A young woman must save herself and her friends from an ancient evil that stalks its victims through the real-life phenomenon of sleep paralysis.,"Jocelin Donahue, Jesse Bradford, Jesse Borrego,Lori Petty",Phillip Guzman,4.7,#533483,99
122,Bad Moms,2016,Comedy,"When three overworked and under-appreciated moms are pushed beyond their limits, they ditch their conventional responsibilities for a jolt of long overdue freedom, fun, and comedic self-indulgence.","Mila Kunis, Kathryn Hahn, Kristen Bell,Christina Applegate",Jon Lucas,6.2,#4a4a1a,100
123,Assassin's Creed,2016,"Action,Adventure,Drama","When Callum Lynch explores the memories of his ancestor Aguilar and gains the skills of a Master Assassin, he discovers he is a descendant of the secret Assassins society.","Michael Fassbender, Marion Cotillard, Jeremy Irons,Brendan Gleeson",Justin Kurzel,5.9,#1a3a1a,115
124,Why Him?,2016,Comedy,A holiday gathering threatens to go off the rails when Ned Fleming realizes that his daughter's Silicon Valley millionaire boyfriend is about to pop the question.,"Zoey Deutch, James Franco, Tangie Ambrose,Cedric the Entertainer",John Hamburg,6.3,#1a4a1a,111
125,Nocturnal Animals,2016,"Drama,Thriller","A wealthy art gallery owner is haunted by her ex-husband's novel, a violent thriller she interprets as a symbolic revenge tale.","Amy Adams, Jake Gyllenhaal, Michael Shannon, Aaron Taylor-Johnson",Tom Ford,7.5,#3a2a1a,116
126,X-Men: Apocalypse,2016,"Action,Adventure,Sci-Fi","After the re-emergence of the world's first mutant, world-destroyer Apocalypse, the X-Men must unite to defeat his extinction level plan.","James McAvoy, Michael Fassbender, Jennifer Lawrence, Nicholas Hoult",Bryan Singer,7.1,#1a1a1a,144
127,Resident Evil: The Final Chapter,2016,"Action,Horror,Sci-Fi","Alice returns to where the nightmare began: The Hive in Raccoon City, where the Umbrella Corporation is gathering its forces for a final strike against the only remaining survivors of the apocalypse.","Milla Jovovich, Iain Glen, Ali Larter, Shawn Roberts",Paul W.S. Anderson,5.6,#1a2a1a,107
128,Captain America: Civil War,2016,"Action,Adventure,Sci-Fi",Political interference in the Avengers' activities causes a rift between former allies Captain America and Iron Man.,"Chris Evans, Robert Downey Jr.,Scarlett Johansson, Sebastian Stan",Anthony Russo,7.9,#2a2a1a,147
129,Doctor Strange,2016,"Action,Adventure,Fantasy","While on a journey of physical and spiritual healing, a brilliant neurosurgeon is drawn into the world of the mystic arts.","Benedict Cumberbatch, Chiwetel Ejiofor, Rachel McAdams, Benedict Wong",Scott Derrickson,7.6,#1a1a3a,115
130,The Magnificent Seven,2016,"Action,Adventure,Western",Seven gunmen in the old west gradually come together to help a poor village against savage thieves.,"Denzel Washington, Chris Pratt, Ethan Hawke,Vincent D'Onofrio",Antoine Fuqua,6.9,#533483,132
131,5- 25- 77,2007,"Comedy,Drama","Alienated, hopeful-filmmaker Pat Johnson's epic story growing up in rural Illinois, falling in love, and becoming the first fan of the movie that changed everything.","John Francis Daley, Austin Pendleton, Colleen Camp, Neil Flynn",Patrick Read Johnson,7.1,#3a2a1a,113
132,Sausage Party,2016,"Animation,Adventure,Comedy",A sausage strives to discover the truth about his existence.,"Seth Rogen, Kristen Wiig, Jonah Hill, Alistair Abell",Greg Tiernan,6.3,#1a3a1a,89
133,Moonlight,2016,Drama,"A chronicle of the childhood, adolescence and burgeoning adulthood of a young, African-American, gay man growing up in a rough neighborhood of Miami.","Mahershala Ali, Shariff Earp, Duan Sanderson, Alex R. Hibbert",Barry Jenkins,7.5,#4a1a1a,111
134,Don't Fuck in the Woods,2016,Horror,"A group of friends are going on a camping trip to celebrate graduating college. But once they enter the woods, the proverbial shit starts to hit the fan.","Brittany Blanton, Ayse Howard, Roman Jossart,Nadia White",Shawn Burkett,2.7,#1a1a2e,73
135,The Founder,2016,"Biography,Drama,History","The story of Ray Kroc, a salesman who turned two brothers' innovative fast food eatery, McDonald's, into one of the biggest restaurant businesses in the world with a combination of ambition, persistence, and ruthlessness.","Michael Keaton, Nick Offerman, John Carroll Lynch, Linda Cardellini",John Lee Hancock,7.2,#1a1a2e,115
136,Lowriders,2016,Drama,"A young street artist in East Los Angeles is caught between his father's obsession with lowrider car culture, his ex-felon brother and his need for self-expression.","Gabriel Chavarria, Demián Bichir, Theo Rossi,Tony Revolori",Ricardo de Montreuil,6.3,#2d4a22,99
137,Pirates of the Caribbean: On Stranger Tides,2011,"Action,Adventure,Fantasy","Jack Sparrow and Barbossa embark on a quest to find the elusive fountain of youth, only to discover that Blackbeard and his daughter are after it too.","Johnny Depp, Penélope Cruz, Ian McShane, Geoffrey Rush",Rob Marshall,6.7,#1a2a1a,136
138,Miss Sloane,2016,"Drama,Thriller","In the high-stakes world of political power-brokers, Elizabeth Sloane is the most sought after and formidable lobbyist in D.C. But when taking on the most powerful opponent of her career, she finds winning may come at too high a price.","Jessica Chastain, Mark Strong, Gugu Mbatha-Raw,Michael Stuhlbarg",John Madden,7.3,#2d4a22,132
139,Fallen,2016,"Adventure,Drama,Fantasy","A young girl finds herself in a reform school after therapy since she was blamed for the death of a young boy. At the school she finds herself drawn to a fellow student, unaware that he is an angel, and has loved her for thousands of years.","Hermione Corfield, Addison Timlin, Joely Richardson,Jeremy Irvine",Scott Hicks,5.6,#3a4a1a,91
140,Star Trek Beyond,2016,"Action,Adventure,Sci-Fi","The USS Enterprise crew explores the furthest reaches of uncharted space, where they encounter a new ruthless enemy who puts them and everything the Federation stands for to the test.","Chris Pine, Zachary Quinto, Karl Urban, Zoe Saldana",Justin Lin,7.1,#1a3a1a,122
141,The Last Face,2016,Drama,"A director (Charlize Theron) of an international aid agency in Africa meets a relief aid doctor (Javier Bardem) amidst a political/social revolution, and together face tough choices ... See full summary »","Charlize Theron, Javier Bardem, Adèle Exarchopoulos,Jared Harris",Sean Penn,3.7,#4a1a4a,130
142,Star Wars: Episode VII - The Force Awakens,2015,"Action,Adventure,Fantasy","Three decades after the defeat of the Galactic Empire, a new threat arises. The First Order attempts to rule the galaxy and only a ragtag group of heroes can stop them, along with the help of the Resistance.","Daisy Ridley, John Boyega, Oscar Isaac, Domhnall Gleeson",J.J. Abrams,8.1,#4a1a1a,136
143,Underworld: Blood Wars,2016,"Action,Adventure,Fantasy","Vampire death dealer, Selene (Kate Beckinsale) fights to end the eternal war between the Lycan clan and the Vampire faction that betrayed her.","Kate Beckinsale, Theo James, Tobias Menzies, Lara Pulver",Anna Foerster,5.8,#3a2a1a,91
144,Mother's Day,2016,"Comedy,Drama",Three generations come together in the week leading up to Mother's Day.,"Jennifer Aniston, Kate Hudson, Julia Roberts, Jason Sudeikis",Garry Marshall,5.6,#4a4a1a,118
145,John Wick,2014,"Action,Crime,Thriller",An ex-hitman comes out of retirement to track down the gangsters that took everything from him.,"Keanu Reeves, Michael Nyqvist, Alfie Allen, Willem Dafoe",Chad Stahelski,7.2,#3a2a1a,101
146,Silence,2016,"Adventure,Drama,History","In the 17th century, two Portuguese Jesuit priests travel to Japan in an attempt to locate their mentor, who is rumored to have committed apostasy, and to propagate Catholicism.","Andrew Garfield, Adam Driver, Liam Neeson,Tadanobu Asano",Martin Scorsese,7.3,#1a1a3a,161
147,Don't Breathe,2016,"Crime,Horror,Thriller","Hoping to walk away with a massive fortune, a trio of thieves break into the house of a blind man who isn't as helpless as he seems.","Stephen Lang, Jane Levy, Dylan Minnette, Daniel Zovatto",Fede Alvarez,7.2,#4a3a1a,88
148,Me Before You,2016,"Drama,Romance",A girl in a small town forms an unlikely bond with a recently-paralyzed man she's taking care of.,"Emilia Clarke, Sam Claflin, Janet McTeer, Charles Dance",Thea Sharrock,7.4,#1a1a2e,106
149,Their Finest,2016,"Comedy,Drama,Romance","A former secretary, newly appointed as a scriptwriter for propaganda films, joins the cast and crew of a major production while the Blitz rages around them.","Gemma Arterton, Sam Claflin, Bill Nighy, Jack Huston",Lone Scherfig,7.0,#1a1a3a,117
150,Sully,2016,"Biography,Drama","The story of Chesley Sullenberger, an American pilot who became a hero after landing his damaged plane on the Hudson River in order to save the flight's passengers and crew.","Tom Hanks, Aaron Eckhart, Laura Linney, Valerie Mahaffey",Clint Eastwood,7.5,#1a2a1a,96
151,Batman v Superman: Dawn of Justice,2016,"Action,Adventure,Sci-Fi","Fearing that the actions of Superman are left unchecked, Batman takes on the Man of Steel, while the world wrestles with what kind of a hero it really needs.","Ben Affleck, Henry Cavill, Amy Adams, Jesse Eisenberg",Zack Snyder,6.7,#1a1a1a,151
152,The Autopsy of Jane Doe,2016,"Horror,Mystery,Thriller","A father and son, both coroners, are pulled into a complex mystery while attempting to identify the body of a young woman, who was apparently harboring dark secrets.","Brian Cox, Emile Hirsch, Ophelia Lovibond, Michael McElhatton",André Øvredal,6.8,#e94560,86
153,The Girl on the Train,2016,"Crime,Drama,Mystery",A divorcee becomes entangled in a missing persons investigation that promises to send shockwaves throughout her life.,"Emily Blunt, Haley Bennett, Rebecca Ferguson, Justin Theroux",Tate Taylor,6.5,#0f3460,112
154,Fifty Shades of Grey,2015,"Drama,Romance,Thriller","Literature student Anastasia Steele's life changes forever when she meets handsome, yet tormented, billionaire Christian Grey.","Dakota Johnson, Jamie Dornan, Jennifer Ehle,Eloise Mumford",Sam Taylor-Johnson,4.1,#533483,125
155,The Prestige,2006,"Drama,Mystery,Sci-Fi",Two stage magicians engage in competitive one-upmanship in an attempt to create the ultimate stage illusion.,"Christian Bale, Hugh Jackman, Scarlett Johansson, Michael Caine",Christopher Nolan,8.5,#1a1a2e,130
156,Kingsman: The Secret Service,2014,"Action,Adventure,Comedy","A spy organization recruits an unrefined, but promising street kid into the agency's ultra-competitive training program, just as a global threat emerges from a twisted tech genius.","Colin Firth, Taron Egerton, Samuel L. Jackson,Michael Caine",Matthew Vaughn,7.7,#e94560,129
157,Patriots Day,2016,"Drama,History,Thriller","The story of the 2013 Boston Marathon bombing and the aftermath, which includes the city-wide manhunt to find the terrorists responsible.","Mark Wahlberg, Michelle Monaghan, J.K. Simmons, John Goodman",Peter Berg,7.4,#1a2a1a,133
158,Mad Max: Fury Road,2015,"Action,Adventure,Sci-Fi","A woman rebels against a tyrannical ruler in postapocalyptic Australia in search for her home-land with the help of a group of female prisoners, a psychotic worshipper, and a drifter named Max.","Tom Hardy, Charlize Theron, Nicholas Hoult, Zoë Kravitz",George Miller,8.1,#4a1a4a,120
159,Wakefield,2016,Drama,A man's nervous breakdown causes him to leave his wife and live in his attic for several months.,"Bryan Cranston, Jennifer Garner, Beverly D'Angelo,Jason O'Mara",Robin Swicord,7.5,#1a1a3a,106
160,Deepwater Horizon,2016,"Action,Drama,Thriller","A dramatization of the April 2010 disaster, when the offshore drilling rig Deepwater Horizon exploded and created the worst oil spill in U.S. history.","Mark Wahlberg, Kurt Russell, Douglas M. Griffin, James DuMont",Peter Berg,7.2,#3a4a1a,107
161,The Promise,2016,"Drama,History","Set during the last days of the Ottoman Empire, The Promise follows a love triangle between Michael, a brilliant medical student, the beautiful and sophisticated Ana, and Chris - a renowned American journalist based in Paris.","Oscar Isaac, Charlotte Le Bon, Christian Bale, Daniel Giménez Cacho",Terry George,5.9,#3a4a1a,133
162,Allied,2016,"Action,Drama,Romance","In 1942, a Canadian intelligence officer in North Africa encounters a female French Resistance fighter on a deadly mission behind enemy lines. When they reunite in London, their relationship is tested by the pressures of war.","Brad Pitt, Marion Cotillard, Jared Harris, Vincent Ebrahim",Robert Zemeckis,7.1,#e94560,124
163,A Monster Calls,2016,"Drama,Fantasy",A boy seeks the help of a tree monster to cope with his single mother's terminal illness.,"Lewis MacDougall, Sigourney Weaver, Felicity Jones,Toby Kebbell",J.A. Bayona,7.5,#533483,108
164,Collateral Beauty,2016,"Drama,Romance","Retreating from life after a tragedy, a man questions the universe by writing to Love, Time and Death. Receiving unexpected answers, he begins to see how these things interlock and how even loss can reveal moments of meaning and beauty.","Will Smith, Edward Norton, Kate Winslet, Michael Peña",David Frankel,6.8,#1a1a2e,97
165,Pirates of the Caribbean: At World's End,2007,"Action,Adventure,Fantasy","Captain Barbossa, Will Turner and Elizabeth Swann must sail off the edge of the map, navigate treachery and betrayal, find Jack Sparrow, and make their final alliances for one last decisive battle.","Johnny Depp, Orlando Bloom, Keira Knightley,Geoffrey Rush",Gore Verbinski,7.1,#1a1a3a,169
166,Inglourious Basterds,2009,"Adventure,Drama,War","In Nazi-occupied France during World War II, a plan to assassinate Nazi leaders by a group of Jewish U.S. soldiers coincides with a theatre owner's vengeful plans for the same.","Brad Pitt, Diane Kruger, Eli Roth,Mélanie Laurent",Quentin Tarantino,8.3,#e94560,153
167,Pirates of the Caribbean: Dead Man's Chest,2006,"Action,Adventure,Fantasy","Jack Sparrow races to recover the heart of Davy Jones to avoid enslaving his soul to Jones' service, as other friends and foes seek the heart for their own agenda as well.","Johnny Depp, Orlando Bloom, Keira Knightley, Jack Davenport",Gore Verbinski,7.3,#3a4a1a,151
168,Ghostbusters,2016,"Action,Comedy,Fantasy","Following a ghost invasion of Manhattan, paranormal enthusiasts Erin Gilbert and Abby Yates, nuclear engineer Jillian Holtzmann, and subway worker Patty Tolan band together to stop the otherworldly threat.","Melissa McCarthy, Kristen Wiig, Kate McKinnon, Leslie Jones",Paul Feig,5.3,#1a3a4a,116
169,Captain Fantastic,2016,"Comedy,Drama","In the forests of the Pacific Northwest, a father devoted to raising his six kids with a rigorous physical and intellectual education is forced to leave his paradise and enter the world, challenging his idea of what it means to be a parent.","Viggo Mortensen, George MacKay, Samantha Isler,Annalise Basso",Matt Ross,7.9,#16213e,118
170,Furious Seven,2015,"Action,Crime,Thriller",Deckard Shaw seeks revenge against Dominic Toretto and his family for his comatose brother.,"Vin Diesel, Paul Walker, Dwayne Johnson, Jason Statham",James Wan,7.2,#2a2a1a,137
171,Jurassic World,2015,"Action,Adventure,Sci-Fi","A new theme park, built on the original site of Jurassic Park, creates a genetically modified hybrid dinosaur, which escapes containment and goes on a killing spree.","Chris Pratt, Bryce Dallas Howard, Ty Simpkins,Judy Greer",Colin Trevorrow,7.0,#3a4a1a,124
172,Live by Night,2016,"Crime,Drama","A group of Boston-bred gangsters set up shop in balmy Florida during the Prohibition era, facing off against the competition and the Ku Klux Klan.","Ben Affleck, Elle Fanning, Brendan Gleeson, Chris Messina",Ben Affleck,6.4,#2a2a1a,129
173,The Hateful Eight,2015,"Crime,Drama,Mystery","In the dead of a Wyoming winter, a bounty hunter and his prisoner find shelter in a cabin currently inhabited by a collection of nefarious characters.","Samuel L. Jackson, Kurt Russell, Jennifer Jason Leigh, Walton Goggins",Quentin Tarantino,7.8,#1a3a4a,187
174,The Accountant,2016,"Action,Crime,Drama","As a math savant uncooks the books for a new client, the Treasury Department closes in on his activities and the body count starts to rise.","Ben Affleck, Anna Kendrick, J.K. Simmons, Jon Bernthal",Gavin O'Connor,7.4,#1a2a1a,128
175,Prisoners,2013,"Crime,Drama,Mystery","When Keller Dover's daughter and her friend go missing, he takes matters into his own hands as the police pursue multiple leads and the pressure mounts.","Hugh Jackman, Jake Gyllenhaal, Viola Davis,Melissa Leo",Denis Villeneuve,8.1,#2d4a22,153
176,Warcraft,2016,"Action,Adventure,Fantasy","As an Orc horde invades the planet Azeroth using a magic portal, a few human heroes and dissenting Orcs must attempt to stop the true evil behind this war.","Travis Fimmel, Paula Patton, Ben Foster, Dominic Cooper",Duncan Jones,7.0,#4a4a1a,123
177,The Help,2011,Drama,"An aspiring author during the civil rights movement of the 1960s decides to write a book detailing the African American maids' point of view on the white families for which they work, and the hardships they go through on a daily basis.","Emma Stone, Viola Davis, Octavia Spencer, Bryce Dallas Howard",Tate Taylor,8.1,#1a4a1a,146
178,War Dogs,2016,"Comedy,Crime,Drama","Based on the true story of two young men, David Packouz and Efraim Diveroli, who won a $300 million contract from the Pentagon to arm America's allies in Afghanistan.","Jonah Hill, Miles Teller, Steve Lantz, Gregg Weiner",Todd Phillips,7.1,#2d4a22,114
179,Avengers: Age of Ultron,2015,"Action,Adventure,Sci-Fi","When Tony Stark and Bruce Banner try to jump-start a dormant peacekeeping program called Ultron, things go horribly wrong and it's up to Earth's mightiest heroes to stop the villainous Ultron from enacting his terrible plan.","Robert Downey Jr., Chris Evans, Mark Ruffalo, Chris Hemsworth",Joss Whedon,7.4,#4a1a1a,141
180,The Nice Guys,2016,"Action,Comedy,Crime","In 1970s Los Angeles, a mismatched pair of private eyes investigate a missing girl and the mysterious death of a porn star.","Russell Crowe, Ryan Gosling, Angourie Rice, Matt Bomer",Shane Black,7.4,#1a3a1a,116
181,Kimi no na wa,2016,"Animation,Drama,Fantasy","Two strangers find themselves linked in a bizarre way. When a connection forms, will distance be the only thing to keep them apart?","Ryûnosuke Kamiki, Mone Kamishiraishi, Ryô Narita, Aoi Yuki",Makoto Shinkai,8.6,#4a1a1a,106
182,The Void,2016,"Horror,Mystery,Sci-Fi","Shortly after delivering a patient to an understaffed hospital, a police officer experiences strange and violent occurrences seemingly linked to a group of mysterious hooded figures.","Aaron Poole, Kenneth Welsh,Daniel Fathers, Kathleen Munroe",Jeremy Gillespie,5.8,#4a3a1a,90
183,Personal Shopper,2016,"Drama,Mystery,Thriller",A personal shopper in Paris refuses to leave the city until she makes contact with her twin brother who previously died there. Her life becomes more complicated when a mysterious person contacts her via text message.,"Kristen Stewart, Lars Eidinger, Sigrid Bouaziz,Anders Danielsen Lie",Olivier Assayas,6.3,#533483,105
184,The Departed,2006,"Crime,Drama,Thriller",An undercover cop and a mole in the police attempt to identify each other while infiltrating an Irish gang in South Boston.,"Leonardo DiCaprio, Matt Damon, Jack Nicholson, Mark Wahlberg",Martin Scorsese,8.5,#2d4a22,151
185,Legend,2015,"Biography,Crime,Drama",Identical twin gangsters Ronald and Reginald Kray terrorize London during the 1960s.,"Tom Hardy, Emily Browning, Taron Egerton, Paul Anderson",Brian Helgeland,7.0,#1a2a1a,132
186,Thor,2011,"Action,Adventure,Fantasy","The powerful but arrogant god Thor is cast out of Asgard to live amongst humans in Midgard (Earth), where he soon becomes one of their finest defenders.","Chris Hemsworth, Anthony Hopkins, Natalie Portman, Tom Hiddleston",Kenneth Branagh,7.0,#1a3a1a,115
187,Contratiempo,2016,"Crime,Mystery,Thriller",A young businessman faces a lawyer trying to prove his innocence by the assassination of his lover.,"Mario Casas, Ana Wagener, José Coronado, Bárbara Lennie",Oriol Paulo,7.9,#1a1a3a,106
188,The Man from U.N.C.L.E.,2015,"Action,Adventure,Comedy","In the early 1960s, CIA agent Napoleon Solo and KGB operative Illya Kuryakin participate in a joint mission against a mysterious criminal organization, which is working to proliferate nuclear weapons.","Henry Cavill, Armie Hammer, Alicia Vikander, Elizabeth Debicki",Guy Ritchie,7.3,#1a1a1a,116
189,Hell or High Water,2016,"Crime,Drama,Thriller",A divorced father and his ex-con older brother resort to a desperate scheme in order to save their family's ranch in West Texas.,"Chris Pine, Ben Foster, Jeff Bridges, Gil Birmingham",David Mackenzie,7.7,#3a4a1a,102
190,The Comedian,2016,Comedy,A look at the life of an aging insult comic named Jack Burke.,"Robert De Niro, Leslie Mann, Danny DeVito, Edie Falco",Taylor Hackford,5.4,#1a3a1a,120
191,The Legend of Tarzan,2016,"Action,Adventure,Drama","Tarzan, having acclimated to life in London, is called back to his former home in the jungle to investigate the activities at a mining encampment.","Alexander Skarsgård, Rory J. Saper, Christian Stevens, Christoph Waltz",David Yates,6.3,#2a2a1a,110
192,All We Had,2016,Drama,A mother struggles to make a better life for her daughter.,"Eve Lindley, Richard Kind, Mark Consuelos, Katherine Reis",Katie Holmes,5.8,#3a2a1a,105
193,The Belko Experiment,2016,"Action,Horror,Thriller","In a twisted social experiment, 80 Americans are locked in their high-rise corporate office in Bogotá, Colombia and ordered by an unknown voice coming from the company's intercom system to participate in a deadly game of kill or be killed.","John Gallagher Jr., Tony Goldwyn, Adria Arjona, John C. McGinley",Greg McLean,6.3,#2d4a22,89
194,12 Years a Slave,2013,"Biography,Drama,History","In the antebellum United States, Solomon Northup, a free black man from upstate New York, is abducted and sold into slavery.","Chiwetel Ejiofor, Michael Kenneth Williams, Michael Fassbender, Brad Pitt",Steve McQueen,8.1,#16213e,134
195,The Bad Batch,2016,"Romance,Sci-Fi",A dystopian love story in a Texas wasteland and set in a community of cannibals.,"Keanu Reeves, Jason Momoa, Jim Carrey, Diego Luna",Ana Lily Amirpour,6.1,#533483,118
196,Harry Potter and the Deathly Hallows: Part 2,2011,"Adventure,Drama,Fantasy","Harry, Ron and Hermione search for Voldemort's remaining Horcruxes in their effort to destroy the Dark Lord as the final battle rages on at Hogwarts.","Daniel Radcliffe, Emma Watson, Rupert Grint, Michael Gambon",David Yates,8.1,#1a1a2e,130
197,Office Christmas Party,2016,Comedy,"When his uptight CEO sister threatens to shut down his branch, the branch manager throws an epic Christmas party in order to land a big client and save the day, but the party gets way out of hand...","Jason Bateman, Olivia Munn, T.J. Miller,Jennifer Aniston",Josh Gordon,5.8,#4a1a4a,105
198,The Neon Demon,2016,"Horror,Thriller","When aspiring model Jesse moves to Los Angeles, her youth and vitality are devoured by a group of beauty-obsessed women who will take any means necessary to get what she has.","Elle Fanning, Christina Hendricks, Keanu Reeves, Karl Glusman",Nicolas Winding Refn,6.2,#16213e,118
199,Dangal,2016,"Action,Biography,Drama",Former wrestler Mahavir Singh Phogat and his two wrestler daughters struggle towards glory at the Commonwealth Games in the face of societal oppression.,"Aamir Khan, Sakshi Tanwar, Fatima Sana Shaikh,Sanya Malhotra",Nitesh Tiwari,8.8,#3a2a1a,161
200,10 Cloverfield Lane,2016,"Drama,Horror,Mystery","After getting in a car accident, a woman is held in a shelter with two men, who claim the outside world is affected by a widespread chemical attack.","John Goodman, Mary Elizabeth Winstead, John Gallagher Jr., Douglas M. Griffin",Dan Trachtenberg,7.2,#1a3a1a,104
201,Finding Dory,2016,"Animation,Adventure,Comedy","The friendly but forgetful blue tang fish, Dory, begins a search for her long-lost parents, and everyone learns a few things about the real meaning of family along the way.","Ellen DeGeneres, Albert Brooks,Ed O'Neill, Kaitlin Olson",Andrew Stanton,7.4,#2a2a1a,97
202,Miss Peregrine's Home for Peculiar Children,2016,"Adventure,Drama,Family","When Jacob discovers clues to a mystery that stretches across time, he finds Miss Peregrine's Home for Peculiar Children. But the danger deepens after he gets to know the residents and learns about their special powers.","Eva Green, Asa Butterfield, Samuel L. Jackson, Judi Dench",Tim Burton,6.7,#1a1a3a,127
203,Mike and Dave Need Wedding Dates,2016,"Adventure,Comedy,Romance","Two hard-partying brothers place an online ad to find the perfect dates for their sister's Hawaiian wedding. Hoping for a wild getaway, the boys instead find themselves out-hustled by an uncontrollable duo.","Zac Efron, Adam Devine, Anna Kendrick, Aubrey Plaza",Jake Szymanski,6.0,#1a2a1a,98
204,Boyka: Undisputed IV,2016,Action,"In the fourth installment of the fighting franchise, Boyka is shooting for the big leagues when an accidental death in the ring makes him question everything he stands for.","Scott Adkins, Teodora Duhovnikova, Alon Aboutboul, Julian Vergov",Todor Chapkanov,7.4,#4a3a1a,86
205,The Dark Knight Rises,2012,"Action,Thriller","Eight years after the Joker's reign of anarchy, the Dark Knight, with the help of the enigmatic Selina, is forced from his imposed exile to save Gotham City, now on the edge of total annihilation, from the brutal guerrilla terrorist Bane.","Christian Bale, Tom Hardy, Anne Hathaway,Gary Oldman",Christopher Nolan,8.5,#1a3a1a,164
206,The Jungle Book,2016,"Adventure,Drama,Family","After a threat from the tiger Shere Khan forces him to flee the jungle, a man-cub named Mowgli embarks on a journey of self discovery with the help of panther, Bagheera, and free spirited bear, Baloo.","Neel Sethi, Bill Murray, Ben Kingsley, Idris Elba",Jon Favreau,7.5,#1a1a2e,106
207,Transformers: Age of Extinction,2014,"Action,Adventure,Sci-Fi","Autobots must escape sight from a bounty hunter who has taken control of the human serendipity: Unexpectedly, Optimus Prime and his remaining gang turn to a mechanic, his daughter, and her back street racing boyfriend for help.","Mark Wahlberg, Nicola Peltz, Jack Reynor, Stanley Tucci",Michael Bay,5.7,#3a4a1a,165
208,Nerve,2016,"Adventure,Crime,Mystery","A high school senior finds herself immersed in an online game of truth or dare, where her every move starts to become manipulated by an anonymous community of ""watchers.""","Emma Roberts, Dave Franco, Emily Meade, Miles Heizer",Henry Joost,6.6,#4a1a4a,96
209,Mamma Mia!,2008,"Comedy,Family,Musical",The story of a bride-to-be trying to find her real father told using hit songs by the popular '70s group ABBA.,"Meryl Streep, Pierce Brosnan, Amanda Seyfried,Stellan Skarsgård",Phyllida Lloyd,6.4,#2d4a22,108
210,The Revenant,2015,"Adventure,Drama,Thriller",A frontiersman on a fur trading expedition in the 1820s fights for survival after being mauled by a bear and left for dead by members of his own hunting team.,"Leonardo DiCaprio, Tom Hardy, Will Poulter, Domhnall Gleeson",Alejandro González Iñárritu,8.0,#1a1a3a,156
211,Fences,2016,Drama,"A working-class African-American father tries to raise his family in the 1950s, while coming to terms with the events of his life.","Denzel Washington, Viola Davis, Stephen Henderson, Jovan Adepo",Denzel Washington,7.3,#1a1a1a,139
212,Into the Woods,2014,"Adventure,Comedy,Drama",A witch tasks a childless baker and his wife with procuring magical items from classic fairy tales to reverse the curse put on their family tree.,"Anna Kendrick, Meryl Streep, Chris Pine, Emily Blunt",Rob Marshall,6.0,#1a1a2e,125
213,The Shallows,2016,"Drama,Horror,Thriller","A mere 200 yards from shore, surfer Nancy is attacked by a great white shark, with her short journey to safety becoming the ultimate contest of wills.","Blake Lively, Óscar Jaenada, Angelo Josue Lozano Corzo, Brett Cullen",Jaume Collet-Serra,6.4,#2d4a22,86
214,Furious 6,2013,"Action,Crime,Thriller","Hobbs has Dominic and Brian reassemble their crew to take down a team of mercenaries: Dominic unexpectedly gets convoluted also facing his presumed deceased girlfriend, Letty.","Vin Diesel, Paul Walker, Dwayne Johnson, Michelle Rodriguez",Justin Lin,7.1,#1a2a1a,130
215,The Place Beyond the Pines,2012,"Crime,Drama,Thriller","A motorcycle stunt rider turns to robbing banks as a way to provide for his lover and their newborn child, a decision that puts him on a collision course with an ambitious rookie cop navigating a department ruled by a corrupt detective.","Ryan Gosling, Bradley Cooper, Eva Mendes,Craig Van Hook",Derek Cianfrance,7.3,#3a4a1a,140
216,No Country for Old Men,2007,"Crime,Drama,Thriller",Violence and mayhem ensue after a hunter stumbles upon a drug deal gone wrong and more than two million dollars in cash near the Rio Grande.,"Tommy Lee Jones, Javier Bardem, Josh Brolin, Woody Harrelson",Ethan Coen,8.1,#1a3a1a,122
217,The Great Gatsby,2013,"Drama,Romance","A writer and wall street trader, Nick, finds himself drawn to the past and lifestyle of his millionaire neighbor, Jay Gatsby.","Leonardo DiCaprio, Carey Mulligan, Joel Edgerton,Tobey Maguire",Baz Luhrmann,7.3,#1a3a1a,143
218,Shutter Island,2010,"Mystery,Thriller","In 1954, a U.S. marshal investigates the disappearance of a murderess who escaped from a hospital for the criminally insane.","Leonardo DiCaprio, Emily Mortimer, Mark Ruffalo,Ben Kingsley",Martin Scorsese,8.1,#1a1a1a,138
219,Brimstone,2016,"Mystery,Thriller,Western","From the moment the new reverend climbs the pulpit, Liz knows she and her family are in great danger.","Dakota Fanning, Guy Pearce, Kit Harington,Carice van Houten",Martin Koolhoven,7.1,#4a4a1a,148
220,Star Trek,2009,"Action,Adventure,Sci-Fi",The brash James T. Kirk tries to live up to his father's legacy with Mr. Spock keeping him in check as a vengeful Romulan from the future creates black holes to destroy the Federation one planet at a time.,"Chris Pine, Zachary Quinto, Simon Pegg, Leonard Nimoy",J.J. Abrams,8.0,#1a3a1a,127
221,Diary of a Wimpy Kid,2010,"Comedy,Family","The adventures of a teenager who is fresh out of elementary and transitions to middle school, where he has to learn the consequences and responsibility to survive the year.","Zachary Gordon, Robert Capron, Rachael Harris,Steve Zahn",Thor Freudenthal,6.2,#e94560,94
222,The Big Short,2015,"Biography,Comedy,Drama","Four denizens in the world of high-finance predict the credit and housing bubble collapse of the mid-2000s, and decide to take on the big banks for their greed and lack of foresight.","Christian Bale, Steve Carell, Ryan Gosling, Brad Pitt",Adam McKay,7.8,#1a4a1a,130
223,Room,2015,Drama,A young boy is raised within the confines of a small shed.,"Brie Larson, Jacob Tremblay, Sean Bridgers,Wendy Crewson",Lenny Abrahamson,8.2,#4a1a1a,118
224,Django Unchained,2012,"Drama,Western","With the help of a German bounty hunter , a freed slave sets out to rescue his wife from a brutal Mississippi plantation owner.","Jamie Foxx, Christoph Waltz, Leonardo DiCaprio,Kerry Washington",Quentin Tarantino,8.4,#4a1a1a,165
225,Ah-ga-ssi,2016,"Drama,Mystery,Romance","A woman is hired as a handmaiden to a Japanese heiress, but secretly she is involved in a plot to defraud her.","Min-hee Kim, Jung-woo Ha, Jin-woong Jo, So-ri Moon",Chan-wook Park,8.1,#4a4a1a,144
226,The Edge of Seventeen,2016,"Comedy,Drama","High-school life gets even more unbearable for Nadine when her best friend, Krista, starts dating her older brother.","Hailee Steinfeld, Haley Lu Richardson, Blake Jenner, Kyra Sedgwick",Kelly Fremon Craig,7.4,#0f3460,104
227,Watchmen,2009,"Action,Drama,Mystery","In 1985 where former superheroes exist, the murder of a colleague sends active vigilante Rorschach into his own sprawling investigation, uncovering something that could completely change the course of history as we know it.","Jackie Earle Haley, Patrick Wilson, Carla Gugino,Malin Akerman",Zack Snyder,7.6,#4a4a1a,162
228,Superbad,2007,Comedy,Two co-dependent high school seniors are forced to deal with separation anxiety after their plan to stage a booze-soaked party goes awry.,"Michael Cera, Jonah Hill, Christopher Mintz-Plasse, Bill Hader",Greg Mottola,7.6,#3a2a1a,113
229,Inferno,2016,"Action,Adventure,Crime","When Robert Langdon wakes up in an Italian hospital with amnesia, he teams up with Dr. Sienna Brooks, and together they must race across Europe against the clock to foil a deadly global plot.","Tom Hanks, Felicity Jones, Irrfan Khan, Ben Foster",Ron Howard,6.2,#4a1a4a,121
230,The BFG,2016,"Adventure,Family,Fantasy","An orphan little girl befriends a benevolent giant who takes her to Giant Country, where they attempt to stop the man-eating giants that are invading the human world.","Mark Rylance, Ruby Barnhill, Penelope Wilton,Jemaine Clement",Steven Spielberg,6.4,#533483,117
231,White Girl,2016,Drama,"Summer, New York City. A college girl falls hard for a guy she just met. After a night of partying goes wrong, she goes to wild extremes to get him back.","Morgan Saylor, Brian Marc, Justin Bartha, Adrian Martinez",Elizabeth Wood,5.8,#4a1a1a,88
232,Sicario,2015,"Action,Crime,Drama",An idealistic FBI agent is enlisted by a government task force to aid in the escalating war against drugs at the border area between the U.S. and Mexico.,"Emily Blunt, Josh Brolin, Benicio Del Toro, Jon Bernthal",Denis Villeneuve,7.6,#4a4a1a,121
233,Twin Peaks: The Missing Pieces,2014,"Drama,Horror,Mystery",Twin Peaks before Twin Peaks (1990) and at the same time not always and entirely in the same place as Twin Peaks: Fire Walk with Me (1992). A feature film which presents deleted scenes from Twin Peaks: Fire Walk with Me (1992) assembled together for the first time in an untold portion of the story's prequel.,"Chris Isaak, Kiefer Sutherland, C.H. Evans, Sandra Kinder",David Lynch,8.1,#1a1a3a,91
234,Aliens vs Predator - Requiem,2007,"Action,Horror,Sci-Fi","Warring alien and predator races descend on a rural US town, where unsuspecting residents must band together for any chance of survival.","Reiko Aylesworth, Steven Pasquale,Shareeka Epps, John Ortiz",Colin Strause,4.7,#1a2a1a,94
235,Pacific Rim,2013,"Action,Adventure,Sci-Fi","As a war between humankind and monstrous sea creatures wages on, a former pilot and a trainee are paired up to drive a seemingly obsolete special weapon in a desperate effort to save the world from the apocalypse.","Idris Elba, Charlie Hunnam, Rinko Kikuchi,Charlie Day",Guillermo del Toro,7.0,#1a4a1a,131
236,"Crazy, Stupid, Love.",2011,"Comedy,Drama,Romance","A middle-aged husband's life changes dramatically when his wife asks him for a divorce. He seeks to rediscover his manhood with the help of a newfound friend, Jacob, learning to pick up girls at bars.","Steve Carell, Ryan Gosling, Julianne Moore, Emma Stone",Glenn Ficarra,7.4,#1a4a1a,118
237,Scott Pilgrim vs. the World,2010,"Action,Comedy,Fantasy",Scott Pilgrim must defeat his new girlfriend's seven evil exes in order to win her heart.,"Michael Cera, Mary Elizabeth Winstead, Kieran Culkin, Alison Pill",Edgar Wright,7.5,#1a3a1a,112
238,Hot Fuzz,2007,"Action,Comedy,Mystery","Exceptional London cop Nicholas Angel is involuntarily transferred to a quaint English village and paired with a witless new partner. While on the beat, Nicholas suspects a sinister conspiracy is afoot with the residents.","Simon Pegg, Nick Frost, Martin Freeman, Bill Nighy",Edgar Wright,7.9,#4a1a1a,121
239,Mine,2016,"Thriller,War","After a failed assassination attempt, a soldier finds himself stranded in the desert. Exposed to the elements, he must survive the dangers of the desert and battle the psychological and physical tolls of the treacherous conditions.","Armie Hammer, Annabelle Wallis,Tom Cullen, Clint Dyer",Fabio Guaglione,6.0,#2d4a22,106
240,Free Fire,2016,"Action,Comedy,Crime","Set in Boston in 1978, a meeting in a deserted warehouse between two gangs turns into a shootout and a game of survival.","Sharlto Copley, Brie Larson, Armie Hammer, Cillian Murphy",Ben Wheatley,7.0,#16213e,90
241,X-Men: Days of Future Past,2014,"Action,Adventure,Sci-Fi",The X-Men send Wolverine to the past in a desperate effort to change history and prevent an event that results in doom for both humans and mutants.,"Patrick Stewart, Ian McKellen, Hugh Jackman, James McAvoy",Bryan Singer,8.0,#16213e,132
242,Jack Reacher: Never Go Back,2016,"Action,Adventure,Crime","Jack Reacher must uncover the truth behind a major government conspiracy in order to clear his name. On the run as a fugitive from the law, Reacher uncovers a potential secret from his past that could change his life forever.","Tom Cruise, Cobie Smulders, Aldis Hodge, Robert Knepper",Edward Zwick,6.1,#16213e,118
243,Casino Royale,2006,"Action,Adventure,Thriller","Armed with a licence to kill, Secret Agent James Bond sets out on his first mission as 007 and must defeat a weapons dealer in a high stakes game of poker at Casino Royale, but things are not what they seem.","Daniel Craig, Eva Green, Judi Dench, Jeffrey Wright",Martin Campbell,8.0,#16213e,144
244,Twilight,2008,"Drama,Fantasy,Romance",A teenage girl risks everything when she falls in love with a vampire.,"Kristen Stewart, Robert Pattinson, Billy Burke,Sarah Clarke",Catherine Hardwicke,5.2,#2a2a1a,122
245,Now You See Me 2,2016,"Action,Adventure,Comedy",The Four Horsemen resurface and are forcibly recruited by a tech genius to pull off their most impossible heist yet.,"Jesse Eisenberg, Mark Ruffalo, Woody Harrelson, Dave Franco",Jon M. Chu,6.5,#1a3a1a,129
246,Woman in Gold,2015,"Biography,Drama,History","Maria Altmann, an octogenarian Jewish refugee, takes on the Austrian government to recover artwork she believes rightfully belongs to her family.","Helen Mirren, Ryan Reynolds, Daniel Brühl, Katie Holmes",Simon Curtis,7.3,#16213e,109
247,13 Hours,2016,"Action,Drama,History","During an attack on a U.S. compound in Libya, a security team struggles to make sense out of the chaos.","John Krasinski, Pablo Schreiber, James Badge Dale,David Denman",Michael Bay,7.3,#0f3460,144
248,Spectre,2015,"Action,Adventure,Thriller","A cryptic message from Bond's past sends him on a trail to uncover a sinister organization. While M battles political forces to keep the secret service alive, Bond peels back the layers of deceit to reveal the terrible truth behind SPECTRE.","Daniel Craig, Christoph Waltz, Léa Seydoux, Ralph Fiennes",Sam Mendes,6.8,#2a2a1a,148
249,Nightcrawler,2014,"Crime,Drama,Thriller","When Louis Bloom, a con man desperate for work, muscles into the world of L.A. crime journalism, he blurs the line between observer and participant to become the star of his own story.","Jake Gyllenhaal, Rene Russo, Bill Paxton, Riz Ahmed",Dan Gilroy,7.9,#1a4a1a,118
250,Kubo and the Two Strings,2016,"Animation,Adventure,Family",A young boy named Kubo must locate a magical suit of armour worn by his late father in order to defeat a vengeful spirit from the past.,"Charlize Theron, Art Parkinson, Matthew McConaughey, Ralph Fiennes",Travis Knight,7.9,#1a1a1a,101
251,Beyond the Gates,2016,"Adventure,Horror",Two estranged brothers reunite at their missing father's video store and find a VCR board game dubbed 'Beyond The Gates' that holds a connection to their father's disappearance.,"Graham Skipper, Chase Williamson, Brea Grant,Barbara Crampton",Jackson Stewart,5.2,#e94560,84
252,Tomorrowland,2015,"Action,Adventure,Family","Bound by a shared destiny, a teen bursting with scientific curiosity and a former boy-genius inventor embark on a mission to unearth the secrets of a place somewhere in time and space that exists in their collective memory.","George Clooney, Britt Robertson, Hugh Laurie, Raffey Cassidy",Brad Bird,6.5,#1a4a1a,130
253,Dawn of the Planet of the Apes,2014,"Action,Adventure,Drama",A growing nation of genetically evolved apes led by Caesar is threatened by a band of human survivors of the devastating virus unleashed a decade earlier.,"Gary Oldman, Keri Russell, Andy Serkis, Kodi Smit-McPhee",Matt Reeves,7.6,#4a4a1a,130
254,Tropic Thunder,2008,"Action,Comedy","Through a series of freak occurrences, a group of actors shooting a big-budget war movie are forced to become the soldiers they are portraying.","Ben Stiller, Jack Black, Robert Downey Jr., Jeff Kahn",Ben Stiller,7.0,#1a3a4a,107
255,The Conjuring 2,2016,"Horror,Mystery,Thriller",Lorraine and Ed Warren travel to north London to help a single mother raising four children alone in a house plagued by a malicious spirit.,"Vera Farmiga, Patrick Wilson, Madison Wolfe, Frances O'Connor",James Wan,7.4,#4a3a1a,134
256,Ant-Man,2015,"Action,Adventure,Comedy","Armed with a super-suit with the astonishing ability to shrink in scale but increase in strength, cat burglar Scott Lang must embrace his inner hero and help his mentor, Dr. Hank Pym, plan and pull off a heist that will save the world.","Paul Rudd, Michael Douglas, Corey Stoll, Evangeline Lilly",Peyton Reed,7.3,#1a1a3a,117
257,Bridget Jones's Baby,2016,"Comedy,Romance","Bridget's focus on single life and her career is interrupted when she finds herself pregnant, but with one hitch ... she can only be fifty percent sure of the identity of her baby's father.","Renée Zellweger, Gemma Jones, Jim Broadbent,Sally Phillips",Sharon Maguire,6.7,#1a2a1a,118
258,The VVitch: A New-England Folktale,2015,"Horror,Mystery","A family in 1630s New England is torn apart by the forces of witchcraft, black magic and possession.","Anya Taylor-Joy, Ralph Ineson, Kate Dickie, Julian Richings",Robert Eggers,6.8,#16213e,92
259,Cinderella,2015,"Drama,Family,Fantasy","When her father unexpectedly passes away, young Ella finds herself at the mercy of her cruel stepmother and her scheming step-sisters. Never one to give up hope, Ella's fortunes begin to change after meeting a dashing stranger.","Lily James, Cate Blanchett, Richard Madden,Helena Bonham Carter",Kenneth Branagh,7.0,#0f3460,105
260,Realive,2016,Sci-Fi,"Marc (Tom Hughes) is diagnosed with a disease and is given one year left to live. Unable to accept his own end, he decides to freeze his body. Sixty years later, in the year 2084, he ... See full summary »","Tom Hughes, Charlotte Le Bon, Oona Chaplin, Barry Ward",Mateo Gil,5.9,#4a1a1a,112
261,Forushande,2016,"Drama,Thriller","While both participating in a production of ""Death of a Salesman,"" a teacher's wife is assaulted in her new home, which leaves him determined to find the perpetrator over his wife's traumatized objections.","Taraneh Alidoosti, Shahab Hosseini, Babak Karimi,Farid Sajjadi Hosseini",Asghar Farhadi,8.0,#2a2a1a,124
262,Love,2015,"Drama,Romance","Murphy is an American living in Paris who enters a highly sexually and emotionally charged relationship with the unstable Electra. Unaware of the effect it will have on their relationship, they invite their pretty neighbor into their bed.","Aomi Muyock, Karl Glusman, Klara Kristin, Juan Saavedra",Gaspar Noé,6.0,#2d4a22,135
263,Billy Lynn's Long Halftime Walk,2016,"Drama,War",19-year-old Billy Lynn is brought home for a victory tour after a harrowing Iraq battle. Through flashbacks the film shows what really happened to his squad - contrasting the realities of war with America's perceptions.,"Joe Alwyn, Garrett Hedlund, Arturo Castro, Mason Lee",Ang Lee,6.3,#16213e,113
264,Crimson Peak,2015,"Drama,Fantasy,Horror","In the aftermath of a family tragedy, an aspiring author is torn between love for her childhood friend and the temptation of a mysterious outsider. Trying to escape the ghosts of her past, she is swept away to a house that breathes, bleeds - and remembers.","Mia Wasikowska, Jessica Chastain, Tom Hiddleston, Charlie Hunnam",Guillermo del Toro,6.6,#533483,119
265,Drive,2011,"Crime,Drama",A mysterious Hollywood stuntman and mechanic moonlights as a getaway driver and finds himself in trouble when he helps out his neighbor.,"Ryan Gosling, Carey Mulligan, Bryan Cranston, Albert Brooks",Nicolas Winding Refn,7.8,#3a2a1a,100
266,Trainwreck,2015,"Comedy,Drama,Romance","Having thought that monogamy was never possible, a commitment-phobic career woman may have to face her fears when she meets a good guy.","Amy Schumer, Bill Hader, Brie Larson, Colin Quinn",Judd Apatow,6.3,#4a1a1a,125
267,The Light Between Oceans,2016,"Drama,Romance",A lighthouse keeper and his wife living off the coast of Western Australia raise a baby they rescue from a drifting rowing boat.,"Michael Fassbender, Alicia Vikander, Rachel Weisz, Florence Clery",Derek Cianfrance,7.2,#4a3a1a,133
268,Below Her Mouth,2016,Drama,An unexpected affair quickly escalates into a heart-stopping reality for two women whose passionate connection changes their lives forever.,"Erika Linder, Natalie Krill, Sebastian Pigott, Mayko Nguyen",April Mullen,5.6,#4a1a4a,94
269,Spotlight,2015,"Crime,Drama,History","The true story of how the Boston Globe uncovered the massive scandal of child molestation and cover-up within the local Catholic Archdiocese, shaking the entire Catholic Church to its core.","Mark Ruffalo, Michael Keaton, Rachel McAdams, Liev Schreiber",Tom McCarthy,8.1,#2d4a22,128
270,Morgan,2016,"Horror,Sci-Fi,Thriller",A corporate risk-management consultant must decide whether or not to terminate an artificially created humanoid being.,"Kate Mara, Anya Taylor-Joy, Rose Leslie, Michael Yare",Luke Scott,5.8,#2d4a22,92
271,Warrior,2011,"Action,Drama,Sport","The youngest son of an alcoholic former boxer returns home, where he's trained by his father for competition in a mixed martial arts tournament - a path that puts the fighter on a collision course with his estranged, older brother.","Tom Hardy, Nick Nolte, Joel Edgerton, Jennifer Morrison",Gavin O'Connor,8.2,#1a2a1a,140
272,Captain America: The First Avenger,2011,"Action,Adventure,Sci-Fi","Steve Rogers, a rejected military soldier transforms into Captain America after taking a dose of a ""Super-Soldier serum"". But being Captain America comes at a price as he attempts to take down a war monger and a terrorist organization.","Chris Evans, Hugo Weaving, Samuel L. Jackson,Hayley Atwell",Joe Johnston,6.9,#1a3a4a,124
273,Hacker,2016,"Crime,Drama,Thriller",With the help of his new friends Alex Danyliuk turns to a life of crime and identity theft.,"Callan McAuliffe, Lorraine Nicholson, Daniel Eric Gold, Clifton Collins Jr.",Akan Satayev,6.3,#4a3a1a,95
274,Into the Wild,2007,"Adventure,Biography,Drama","After graduating from Emory University, top student and athlete Christopher McCandless abandons his possessions, gives his entire $24,000 savings account to charity and hitchhikes to Alaska to live in the wilderness. Along the way, Christopher encounters a series of characters that shape his life.","Emile Hirsch, Vince Vaughn, Catherine Keener, Marcia Gay Harden",Sean Penn,8.1,#1a4a1a,148
275,The Imitation Game,2014,"Biography,Drama,Thriller","During World War II, mathematician Alan Turing tries to crack the enigma code with help from fellow mathematicians.","Benedict Cumberbatch, Keira Knightley, Matthew Goode, Allen Leech",Morten Tyldum,8.1,#1a4a1a,114
276,Central Intelligence,2016,"Action,Comedy,Crime","After he reconnects with an awkward pal from high school through Facebook, a mild-mannered accountant is lured into the world of international espionage.","Dwayne Johnson, Kevin Hart, Danielle Nicolet, Amy Ryan",Rawson Marshall Thurber,6.3,#4a3a1a,107
277,Edge of Tomorrow,2014,"Action,Adventure,Sci-Fi","A soldier fighting aliens gets to relive the same day over and over again, the day restarting every time he dies.","Tom Cruise, Emily Blunt, Bill Paxton, Brendan Gleeson",Doug Liman,7.9,#4a1a1a,113
278,A Cure for Wellness,2016,"Drama,Fantasy,Horror","An ambitious young executive is sent to retrieve his company's CEO from an idyllic but mysterious ""wellness center"" at a remote location in the Swiss Alps, but soon suspects that the spa's treatments are not what they seem.","Dane DeHaan, Jason Isaacs, Mia Goth, Ivo Nandi",Gore Verbinski,6.5,#0f3460,146
279,Snowden,2016,"Biography,Drama,Thriller","The NSA's illegal surveillance techniques are leaked to the public by one of the agency's employees, Edward Snowden, in the form of thousands of classified documents distributed to the press.","Joseph Gordon-Levitt, Shailene Woodley, Melissa Leo,Zachary Quinto",Oliver Stone,7.3,#1a4a1a,134
280,Iron Man,2008,"Action,Adventure,Sci-Fi","After being held captive in an Afghan cave, billionaire engineer Tony Stark creates a unique weaponized suit of armor to fight evil.","Robert Downey Jr., Gwyneth Paltrow, Terrence Howard, Jeff Bridges",Jon Favreau,7.9,#1a3a4a,126
281,Allegiant,2016,"Action,Adventure,Mystery","After the earth-shattering revelations of Insurgent, Tris must escape with Four beyond the wall that encircles Chicago, to finally discover the shocking truth of the world around them.","Shailene Woodley, Theo James, Jeff Daniels,Naomi Watts",Robert Schwentke,5.7,#4a1a1a,120
282,X: First Class,2011,"Action,Adventure,Sci-Fi","In 1962, the United States government enlists the help of Mutants with superhuman abilities to stop a malicious dictator who is determined to start World War III.","James McAvoy, Michael Fassbender, Jennifer Lawrence, Kevin Bacon",Matthew Vaughn,7.8,#0f3460,132
283,Raw (II),2016,"Drama,Horror","When a young vegetarian undergoes a carnivorous hazing ritual at vet school, an unbidden taste for meat begins to grow in her.","Garance Marillier, Ella Rumpf, Rabah Nait Oufella,Laurent Lucas",Julia Ducournau,7.5,#3a4a1a,99
284,Paterson,2016,"Comedy,Drama,Romance","A quiet observation of the triumphs and defeats of daily life, along with the poetry evident in its smallest details.","Adam Driver, Golshifteh Farahani, Nellie, Rizwan Manji",Jim Jarmusch,7.5,#2a2a1a,118
285,Bridesmaids,2011,"Comedy,Romance","Competition between the maid of honor and a bridesmaid, over who is the bride's best friend, threatens to upend the life of an out-of-work pastry chef.","Kristen Wiig, Maya Rudolph, Rose Byrne, Terry Crews",Paul Feig,6.8,#4a4a1a,125
286,The Girl with All the Gifts,2016,"Drama,Horror,Thriller",A scientist and a teacher living in a dystopian future embark on a journey of survival with a special young girl named Melanie.,"Gemma Arterton, Glenn Close, Dominique Tipper,Paddy Considine",Colm McCarthy,6.7,#1a2a1a,111
287,San Andreas,2015,"Action,Adventure,Drama","In the aftermath of a massive earthquake in California, a rescue-chopper pilot makes a dangerous journey with his ex-wife across the state in order to rescue his daughter.","Dwayne Johnson, Carla Gugino, Alexandra Daddario,Colton Haynes",Brad Peyton,6.1,#2d4a22,114
288,Spring Breakers,2012,Drama,"Four college girls hold up a restaurant in order to fund their spring break vacation. While partying, drinking, and taking drugs, they are arrested, only to be bailed out by a drug and arms dealer.","Vanessa Hudgens, Selena Gomez, Ashley Benson,Rachel Korine",Harmony Korine,5.3,#533483,94
289,Transformers,2007,"Action,Adventure,Sci-Fi","An ancient struggle between two Cybertronian races, the heroic Autobots and the evil Decepticons, comes to Earth, with a clue to the ultimate power held by a teenager.","Shia LaBeouf, Megan Fox, Josh Duhamel, Tyrese Gibson",Michael Bay,7.1,#1a1a3a,144
290,Old Boy,2013,"Action,Drama,Mystery","Obsessed with vengeance, a man sets out to find out why he was kidnapped and locked into solitary confinement for twenty years without reason.","Josh Brolin, Elizabeth Olsen, Samuel L. Jackson, Sharlto Copley",Spike Lee,5.8,#3a4a1a,104
291,Thor: The Dark World,2013,"Action,Adventure,Fantasy","When Dr. Jane Foster gets cursed with a powerful entity known as the Aether, Thor is heralded of the cosmic event known as the Convergence and the genocidal Dark Elves.","Chris Hemsworth, Natalie Portman, Tom Hiddleston,Stellan Skarsgård",Alan Taylor,7.0,#1a2a1a,112
292,Gods of Egypt,2016,"Action,Adventure,Fantasy","Mortal hero Bek teams with the god Horus in an alliance against Set, the merciless god of darkness, who has usurped Egypt's throne, plunging the once peaceful and prosperous empire into chaos and conflict.","Brenton Thwaites, Nikolaj Coster-Waldau, Gerard Butler, Chadwick Boseman",Alex Proyas,5.5,#1a3a4a,126
293,Captain America: The Winter Soldier,2014,"Action,Adventure,Sci-Fi","As Steve Rogers struggles to embrace his role in the modern world, he teams up with a fellow Avenger and S.H.I.E.L.D agent, Black Widow, to battle a new threat from history: an assassin known as the Winter Soldier.","Chris Evans, Samuel L. Jackson,Scarlett Johansson, Robert Redford",Anthony Russo,7.8,#3a2a1a,136
294,Monster Trucks,2016,"Action,Adventure,Comedy",A young man working at a small town junkyard discovers and befriends a creature which feeds on oil being sought by a fracking company.,"Lucas Till, Jane Levy, Thomas Lennon, Barry Pepper",Chris Wedge,5.7,#e94560,104
295,A Dark Song,2016,"Drama,Horror",A determined young woman and a damaged occultist risk their lives and souls to perform a dangerous ritual that will grant them what they want.,"Mark Huberman, Susan Loughnane, Steve Oram,Catherine Walker",Liam Gavin,6.1,#1a1a2e,100
296,Kick-Ass,2010,"Action,Comedy","Dave Lizewski is an unnoticed high school student and comic book fan who one day decides to become a superhero, even though he has no powers, training or meaningful reason to do so.","Aaron Taylor-Johnson, Nicolas Cage, Chloë Grace Moretz, Garrett M. Brown",Matthew Vaughn,7.7,#0f3460,117
297,Hardcore Henry,2015,"Action,Adventure,Sci-Fi","Henry is resurrected from death with no memory, and he must save his wife from a telekinetic warlord with a plan to bio-engineer soldiers.","Sharlto Copley, Tim Roth, Haley Bennett, Danila Kozlovsky",Ilya Naishuller,6.7,#1a1a3a,96
298,Cars,2006,"Animation,Adventure,Comedy","A hot-shot race-car named Lightning McQueen gets waylaid in Radiator Springs, where he finds the true meaning of friendship and family.","Owen Wilson, Bonnie Hunt, Paul Newman, Larry the Cable Guy",John Lasseter,7.1,#2a2a1a,117
299,It Follows,2014,"Horror,Mystery",A young woman is followed by an unknown supernatural force after a sexual encounter.,"Maika Monroe, Keir Gilchrist, Olivia Luccardi,Lili Sepe",David Robert Mitchell,6.9,#3a2a1a,100
300,The Girl with the Dragon Tattoo,2011,"Crime,Drama,Mystery","Journalist Mikael Blomkvist is aided in his search for a woman who has been missing for forty years by Lisbeth Salander, a young computer hacker.","Daniel Craig, Rooney Mara, Christopher Plummer,Stellan Skarsgård",David Fincher,7.8,#4a3a1a,158
301,We're the Millers,2013,"Comedy,Crime",A veteran pot dealer creates a fake family as part of his plan to move a huge shipment of weed into the U.S. from Mexico.,"Jason Sudeikis, Jennifer Aniston, Emma Roberts, Ed Helms",Rawson Marshall Thurber,7.0,#16213e,110
302,American Honey,2016,Drama,"A teenage girl with nothing to lose joins a traveling magazine sales crew, and gets caught up in a whirlwind of hard partying, law bending and young love as she criss-crosses the Midwest with a band of misfits.","Sasha Lane, Shia LaBeouf, Riley Keough, McCaul Lombardi",Andrea Arnold,7.0,#2a2a1a,163
303,The Lobster,2015,"Comedy,Drama,Romance","In a dystopian near future, single people, according to the laws of The City, are taken to The Hotel, where they are obliged to find a romantic partner in forty-five days or are transformed into beasts and sent off into The Woods.","Colin Farrell, Rachel Weisz, Jessica Barden,Olivia Colman",Yorgos Lanthimos,7.1,#3a4a1a,119
304,Predators,2010,"Action,Adventure,Sci-Fi",A group of elite warriors parachute into an unfamiliar jungle and are hunted by members of a merciless alien race.,"Adrien Brody, Laurence Fishburne, Topher Grace,Alice Braga",Nimród Antal,6.4,#0f3460,107
305,Maleficent,2014,"Action,Adventure,Family","A vengeful fairy is driven to curse an infant princess, only to discover that the child may be the one person who can restore peace to their troubled land.","Angelina Jolie, Elle Fanning, Sharlto Copley,Lesley Manville",Robert Stromberg,7.0,#1a1a1a,97
306,Rupture,2016,"Horror,Sci-Fi,Thriller",A single mom tries to break free from a mysterious organization that has abducted her.,"Noomi Rapace, Michael Chiklis, Kerry Bishé,Peter Stormare",Steven Shainberg,4.8,#2a2a1a,102
307,Pan's Labyrinth,2006,"Drama,Fantasy,War","In the falangist Spain of 1944, the bookish young stepdaughter of a sadistic army officer escapes into an eerie but captivating fantasy world.","Ivana Baquero, Ariadna Gil, Sergi López,Maribel Verdú",Guillermo del Toro,8.2,#4a1a4a,118
308,A Kind of Murder,2016,"Crime,Drama,Thriller","In 1960s New York, Walter Stackhouse is a successful architect married to the beautiful Clara who leads a seemingly perfect life. But his fascination with an unsolved murder leads him into a spiral of chaos as he is forced to play cat-and-mouse with a clever killer and an overambitious detective, while at the same time lusting after another woman.","Patrick Wilson, Jessica Biel, Haley Bennett, Vincent Kartheiser",Andy Goddard,5.2,#4a4a1a,95
309,Apocalypto,2006,"Action,Adventure,Drama","As the Mayan kingdom faces its decline, the rulers insist the key to prosperity is to build more temples and offer human sacrifices. Jaguar Paw, a young man captured for sacrifice, flees to avoid his fate.","Gerardo Taracena, Raoul Max Trujillo, Dalia Hernández,Rudy Youngblood",Mel Gibson,7.8,#1a1a1a,139
310,Mission: Impossible - Rogue Nation,2015,"Action,Adventure,Thriller","Ethan and team take on their most impossible mission yet, eradicating the Syndicate - an International rogue organization as highly skilled as they are, committed to destroying the IMF.","Tom Cruise, Rebecca Ferguson, Jeremy Renner, Simon Pegg",Christopher McQuarrie,7.4,#1a4a1a,131
311,The Huntsman: Winter's War,2016,"Action,Adventure,Drama","Eric and fellow warrior Sara, raised as members of ice Queen Freya's army, try to conceal their forbidden love as they fight to survive the wicked intentions of both Freya and her sister Ravenna.","Chris Hemsworth, Jessica Chastain, Charlize Theron, Emily Blunt",Cedric Nicolas-Troyan,6.1,#1a1a2e,114
312,The Perks of Being a Wallflower,2012,"Drama,Romance",An introvert freshman is taken under the wings of two seniors who welcome him to the real world.,"Logan Lerman, Emma Watson, Ezra Miller, Paul Rudd",Stephen Chbosky,8.0,#4a1a4a,102
313,Jackie,2016,"Biography,Drama,History","Following the assassination of President John F. Kennedy, First Lady Jacqueline Kennedy fights through grief and trauma to regain her faith, console her children, and define her husband's historic legacy.","Natalie Portman, Peter Sarsgaard, Greta Gerwig,Billy Crudup",Pablo Larraín,6.8,#1a1a3a,100
314,The Disappointments Room,2016,"Drama,Horror,Thriller",A mother and her young son release unimaginable horrors from the attic of their rural dream home.,"Kate Beckinsale, Mel Raido, Duncan Joiner, Lucas Till",D.J. Caruso,3.9,#e94560,85
315,The Host,2013,"Action,Adventure,Romance","When an unseen enemy threatens mankind by taking over their bodies and erasing their memories, Melanie will risk everything to protect the people she cares most about, proving that love can conquer all in a dangerous new world.","Saoirse Ronan, Max Irons, Jake Abel, Diane Kruger",Andrew Niccol,5.9,#1a1a2e,125
316,Fury,2014,"Action,Drama,War","A grizzled tank commander makes tough decisions as he and his crew fight their way across Germany in April, 1945.","Brad Pitt, Shia LaBeouf, Logan Lerman, Michael Peña",David Ayer,7.6,#3a4a1a,134
317,Rock Dog,2016,"Animation,Adventure,Comedy","When a radio falls from the sky into the hands of a wide-eyed Tibetan Mastiff, he leaves home to fulfill his dream of becoming a musician, setting into motion a series of completely unexpected events.","Luke Wilson, Eddie Izzard, J.K. Simmons, Lewis Black",Ash Brannon,5.8,#e94560,90
318,Terminator Genisys,2015,"Action,Adventure,Sci-Fi","When John Connor, leader of the human resistance, sends Sgt. Kyle Reese back to 1984 to protect Sarah Connor and safeguard the future, an unexpected turn of events creates a fractured timeline.","Arnold Schwarzenegger, Jason Clarke, Emilia Clarke,Jai Courtney",Alan Taylor,6.5,#533483,126
319,Percy Jackson & the Olympians: The Lightning Thief,2010,"Adventure,Family,Fantasy",A teenager discovers he's the descendant of a Greek god and sets out on an adventure to settle an on-going battle between the gods.,"Logan Lerman, Kevin McKidd, Steve Coogan,Brandon T. Jackson",Chris Columbus,5.9,#2a2a1a,118
320,Les Misérables,2012,"Drama,Musical,Romance","In 19th-century France, Jean Valjean, who for decades has been hunted by the ruthless policeman Javert after breaking parole, agrees to care for a factory worker's daughter. The decision changes their lives forever.","Hugh Jackman, Russell Crowe, Anne Hathaway,Amanda Seyfried",Tom Hooper,7.6,#1a1a1a,158
321,Children of Men,2006,"Drama,Sci-Fi,Thriller","In 2027, in a chaotic world in which women have become somehow infertile, a former activist agrees to help transport a miraculously pregnant woman to a sanctuary at sea.","Julianne Moore, Clive Owen, Chiwetel Ejiofor,Michael Caine",Alfonso Cuarón,7.9,#1a3a1a,109
322,20th Century Women,2016,"Comedy,Drama","The story of a teenage boy, his mother, and two other women who help raise him among the love and freedom of Southern California of 1979.","Annette Bening, Elle Fanning, Greta Gerwig, Billy Crudup",Mike Mills,7.4,#2a2a1a,119
323,Spy,2015,"Action,Comedy,Crime","A desk-bound CIA analyst volunteers to go undercover to infiltrate the world of a deadly arms dealer, and prevent diabolical global disaster.","Melissa McCarthy, Rose Byrne, Jude Law, Jason Statham",Paul Feig,7.1,#4a1a1a,119
324,The Intouchables,2011,"Biography,Comedy,Drama","After he becomes a quadriplegic from a paragliding accident, an aristocrat hires a young man from the projects to be his caregiver.","François Cluzet, Omar Sy, Anne Le Ny, Audrey Fleurot",Olivier Nakache,8.6,#1a1a3a,112
325,Bonjour Anne,2016,"Comedy,Drama,Romance","Anne is at a crossroads in her life. Long married to a successful, driven but inattentive movie producer, she unexpectedly finds herself taking a car trip from Cannes to Paris with a ... See full summary »","Diane Lane, Alec Baldwin, Arnaud Viard, Linda Gegusch",Eleanor Coppola,4.9,#1a3a1a,92
326,Kynodontas,2009,"Drama,Thriller","Three teenagers live isolated, without leaving their house, because their over-protective parents say they can only leave when their dogtooth falls out.","Christos Stergioglou, Michele Valley, Angeliki Papoulia, Hristos Passalis",Yorgos Lanthimos,7.3,#2d4a22,94
327,Straight Outta Compton,2015,"Biography,Drama,History","The group NWA emerges from the mean streets of Compton in Los Angeles, California, in the mid-1980s and revolutionizes Hip Hop culture with their music and tales about life in the hood.","O'Shea Jackson Jr., Corey Hawkins, Jason Mitchell,Neil Brown Jr.",F. Gary Gray,7.9,#0f3460,147
328,The Amazing Spider-Man 2,2014,"Action,Adventure,Sci-Fi","When New York is put under siege by Oscorp, it is up to Spider-Man to save the city he swore to protect as well as his loved ones.","Andrew Garfield, Emma Stone, Jamie Foxx, Paul Giamatti",Marc Webb,6.7,#3a4a1a,142
329,The Conjuring,2013,"Horror,Mystery,Thriller",Paranormal investigators Ed and Lorraine Warren work to help a family terrorized by a dark presence in their farmhouse.,"Patrick Wilson, Vera Farmiga, Ron Livingston, Lili Taylor",James Wan,7.5,#4a3a1a,112
330,The Hangover,2009,Comedy,"Three buddies wake up from a bachelor party in Las Vegas, with no memory of the previous night and the bachelor missing. They make their way around the city in order to find their friend before his wedding.","Zach Galifianakis, Bradley Cooper, Justin Bartha, Ed Helms",Todd Phillips,7.8,#1a4a1a,100
331,Battleship,2012,"Action,Adventure,Sci-Fi",A fleet of ships is forced to do battle with an armada of unknown origins in order to discover and thwart their destructive goals.,"Alexander Skarsgård, Brooklyn Decker, Liam Neeson,Rihanna",Peter Berg,5.8,#1a3a4a,131
332,Rise of the Planet of the Apes,2011,"Action,Drama,Sci-Fi","A substance, designed to help the brain repair itself, gives rise to a super-intelligent chimp who leads an ape uprising.","James Franco, Andy Serkis, Freida Pinto, Karin Konoval",Rupert Wyatt,7.6,#16213e,105
333,Lights Out,2016,Horror,"Rebecca must unlock the terror behind her little brother's experiences that once tested her sanity, bringing her face to face with an entity attached to their mother.","Teresa Palmer, Gabriel Bateman, Maria Bello,Billy Burke",David F. Sandberg,6.4,#4a1a4a,81
334,Norman: The Moderate Rise and Tragic Fall of a New York Fixer,2016,"Drama,Thriller","Norman Oppenheimer is a small time operator who befriends a young politician at a low point in his life. Three years later, when the politician becomes an influential world leader, Norman's life dramatically changes for better and worse.","Richard Gere, Lior Ashkenazi, Michael Sheen,Charlotte Gainsbourg",Joseph Cedar,7.1,#1a1a3a,118
335,Birdman or (The Unexpected Virtue of Ignorance),2014,"Comedy,Drama,Romance","Illustrated upon the progress of his latest Broadway play, a former popular actor's struggle to cope with his current life as a wasted actor is shown.","Michael Keaton, Zach Galifianakis,Edward Norton, Andrea Riseborough",Alejandro González Iñárritu,7.8,#4a1a1a,119
336,Black Swan,2010,"Drama,Thriller","A committed dancer wins the lead role in a production of Tchaikovsky's ""Swan Lake"" only to find herself struggling to maintain her sanity.","Natalie Portman, Mila Kunis, Vincent Cassel,Winona Ryder",Darren Aronofsky,8.0,#4a4a1a,108
337,Dear White People,2014,"Comedy,Drama",The lives of four black students at an Ivy League college.,"Tyler James Williams, Tessa Thompson, Kyle Gallner,Teyonah Parris",Justin Simien,6.2,#1a3a1a,108
338,Nymphomaniac: Vol. I,2013,Drama,A self-diagnosed nymphomaniac recounts her erotic experiences to the man who saved her after a beating.,"Charlotte Gainsbourg, Stellan Skarsgård, Stacy Martin, Shia LaBeouf",Lars von Trier,7.0,#3a4a1a,117
339,Teenage Mutant Ninja Turtles: Out of the Shadows,2016,"Action,Adventure,Comedy","After facing Shredder, who has joined forces with mad scientist Baxter Stockman and henchmen Bebop and Rocksteady to take over the world, the Turtles must confront an even greater nemesis: the notorious Krang.","Megan Fox, Will Arnett, Tyler Perry, Laura Linney",Dave Green,6.0,#4a1a1a,112
340,Knock Knock,2015,"Drama,Horror,Thriller","A devoted father helps two stranded young women who knock on his door, but his kind gesture turns into a dangerous seduction and a deadly game of cat and mouse.","Keanu Reeves, Lorenza Izzo, Ana de Armas, Aaron Burns",Eli Roth,4.9,#e94560,99
341,Dirty Grandpa,2016,Comedy,"Right before his wedding, an uptight guy is tricked into driving his grandfather, a lecherous former Army Lieutenant-Colonel, to Florida for spring break.","Robert De Niro, Zac Efron, Zoey Deutch, Aubrey Plaza",Dan Mazer,6.0,#2d4a22,102
342,Cloud Atlas,2012,"Drama,Sci-Fi","An exploration of how the actions of individual lives impact one another in the past, present and future, as one soul is shaped from a killer into a hero, and an act of kindness ripples across centuries to inspire a revolution.","Tom Hanks, Halle Berry, Hugh Grant, Hugo Weaving",Tom Tykwer,7.5,#2d4a22,172
343,X-Men Origins: Wolverine,2009,"Action,Adventure,Sci-Fi","A look at Wolverine's early life, in particular his time with the government squad Team X and the impact it will have on his later years.","Hugh Jackman, Liev Schreiber, Ryan Reynolds, Danny Huston",Gavin Hood,6.7,#4a4a1a,107
344,Satanic,2016,Horror,"Four friends on their way to Coachella stop off in Los Angeles to tour true-crime occult sites, only to encounter a mysterious young runaway who puts them on a terrifying path to ultimate horror.","Sarah Hyland, Steven Krueger, Justin Chon, Clara Mamet",Jeffrey G. Hunt,3.7,#1a4a1a,85
345,Skyfall,2012,"Action,Adventure,Thriller","Bond's loyalty to M is tested when her past comes back to haunt her. Whilst MI6 comes under attack, 007 must track down and destroy the threat, no matter how personal the cost.","Daniel Craig, Javier Bardem, Naomie Harris, Judi Dench",Sam Mendes,7.8,#4a4a1a,143
346,The Hobbit: An Unexpected Journey,2012,"Adventure,Fantasy","A reluctant hobbit, Bilbo Baggins, sets out to the Lonely Mountain with a spirited group of dwarves to reclaim their mountain home - and the gold within it - from the dragon Smaug.","Martin Freeman, Ian McKellen, Richard Armitage,Andy Serkis",Peter Jackson,7.9,#3a4a1a,169
347,21 Jump Street,2012,"Action,Comedy,Crime",A pair of underachieving cops are sent back to a local high school to blend in and bring down a synthetic drug ring.,"Jonah Hill, Channing Tatum, Ice Cube,Brie Larson",Phil Lord,7.2,#1a1a2e,110
348,Sing Street,2016,"Comedy,Drama,Music",A boy growing up in Dublin during the 1980s escapes his strained family life by starting a band to impress the mysterious girl he likes.,"Ferdia Walsh-Peelo, Aidan Gillen, Maria Doyle Kennedy, Jack Reynor",John Carney,8.0,#e94560,106
349,Ballerina,2016,"Animation,Adventure,Comedy","An orphan girl dreams of becoming a ballerina and flees her rural Brittany for Paris, where she passes for someone else and accedes to the position of pupil at the Grand Opera house.","Elle Fanning, Dane DeHaan, Carly Rae Jepsen, Maddie Ziegler",Eric Summer,6.8,#1a1a1a,89
350,Oblivion,2013,"Action,Adventure,Mystery",A veteran assigned to extract Earth's remaining resources begins to question what he knows about his mission and himself.,"Tom Cruise, Morgan Freeman, Andrea Riseborough, Olga Kurylenko",Joseph Kosinski,7.0,#2a2a1a,124
351,22 Jump Street,2014,"Action,Comedy,Crime","After making their way through high school (twice), big changes are in store for officers Schmidt and Jenko when they go deep undercover at a local college.","Channing Tatum, Jonah Hill, Ice Cube,Nick Offerman",Phil Lord,7.1,#e94560,112
352,Zodiac,2007,"Crime,Drama,History","In the late 1960s/early 1970s, a San Francisco cartoonist becomes an amateur detective obsessed with tracking down the Zodiac Killer, an unidentified individual who terrorizes Northern California with a killing spree.","Jake Gyllenhaal, Robert Downey Jr., Mark Ruffalo,Anthony Edwards",David Fincher,7.7,#3a2a1a,157
353,Everybody Wants Some!!,2016,Comedy,"In 1980, a group of college baseball players navigate their way through the freedoms and responsibilities of unsupervised adulthood.","Blake Jenner, Tyler Hoechlin, Ryan Guzman,Zoey Deutch",Richard Linklater,7.0,#16213e,117
354,Iron Man Three,2013,"Action,Adventure,Sci-Fi","When Tony Stark's world is torn apart by a formidable terrorist called the Mandarin, he starts an odyssey of rebuilding and retribution.","Robert Downey Jr., Guy Pearce, Gwyneth Paltrow,Don Cheadle",Shane Black,7.2,#533483,130
355,Now You See Me,2013,"Crime,Mystery,Thriller",An FBI agent and an Interpol detective track a team of illusionists who pull off bank heists during their performances and reward their audiences with the money.,"Jesse Eisenberg, Common, Mark Ruffalo, Woody Harrelson",Louis Leterrier,7.3,#3a2a1a,115
356,Sherlock Holmes,2009,"Action,Adventure,Crime",Detective Sherlock Holmes and his stalwart partner Watson engage in a battle of wits and brawn with a nemesis whose plot is a threat to all of England.,"Robert Downey Jr., Jude Law, Rachel McAdams, Mark Strong",Guy Ritchie,7.6,#533483,128
357,Death Proof,2007,Thriller,"Two separate sets of voluptuous women are stalked at different times by a scarred stuntman who uses his ""death proof"" cars to execute his murderous plans.","Kurt Russell, Zoë Bell, Rosario Dawson, Vanessa Ferlito",Quentin Tarantino,7.1,#2a2a1a,113
358,The Danish Girl,2015,"Biography,Drama,Romance",A fictitious love story loosely inspired by the lives of Danish artists Lili Elbe and Gerda Wegener. Lili and Gerda's marriage and work evolve as they navigate Lili's groundbreaking journey as a transgender pioneer.,"Eddie Redmayne, Alicia Vikander, Amber Heard, Ben Whishaw",Tom Hooper,7.0,#2a2a1a,119
359,Hercules,2014,"Action,Adventure","Having endured his legendary twelve labors, Hercules, the Greek demigod, has his life as a sword-for-hire tested when the King of Thrace and his daughter seek his aid in defeating a tyrannical warlord.","Dwayne Johnson, John Hurt, Ian McShane, Joseph Fiennes",Brett Ratner,6.0,#1a3a4a,98
360,Sucker Punch,2011,"Action,Fantasy","A young girl is institutionalized by her abusive stepfather, retreating to an alternative reality as a coping strategy, envisioning a plan to help her escape.","Emily Browning, Vanessa Hudgens, Abbie Cornish,Jena Malone",Zack Snyder,6.1,#4a1a1a,110
361,Keeping Up with the Joneses,2016,"Action,Comedy",A suburban couple becomes embroiled in an international espionage plot when they discover that their seemingly perfect new neighbors are government spies.,"Zach Galifianakis, Isla Fisher, Jon Hamm, Gal Gadot",Greg Mottola,5.8,#3a2a1a,105
362,Jupiter Ascending,2015,"Action,Adventure,Sci-Fi",A young woman discovers her destiny as an heiress of intergalactic nobility and must fight to protect the inhabitants of Earth from an ancient and destructive industry.,"Channing Tatum, Mila Kunis,Eddie Redmayne, Sean Bean",Lana Wachowski,5.3,#0f3460,127
363,Masterminds,2016,"Action,Comedy,Crime",A guard at an armored car company in the Southern U.S. organizes one of the biggest bank heists in American history. Based on the October 1997 Loomis Fargo robbery.,"Zach Galifianakis, Kristen Wiig, Owen Wilson, Ross Kimball",Jared Hess,5.8,#1a2a1a,95
364,Iris,2016,Thriller,"Iris, young wife of a businessman, disappears in Paris. Maybe a mechanic with many debts is involved in the strange affair. A really complicated job for the police.","Romain Duris, Charlotte Le Bon, Jalil Lespert, Camille Cottin",Jalil Lespert,6.1,#4a3a1a,99
365,Busanhaeng,2016,"Action,Drama,Horror","While a zombie virus breaks out in South Korea, passengers struggle to survive on the train from Seoul to Busan.","Yoo Gong, Soo-an Kim, Yu-mi Jung, Dong-seok Ma",Sang-ho Yeon,7.5,#1a2a1a,118
366,Pitch Perfect,2012,"Comedy,Music,Romance","Beca, a freshman at Barden University, is cajoled into joining The Bellas, her school's all-girls singing group. Injecting some much needed energy into their repertoire, The Bellas take on their male rivals in a campus competition.","Anna Kendrick, Brittany Snow, Rebel Wilson, Anna Camp",Jason Moore,7.2,#1a3a1a,112
367,Neighbors 2: Sorority Rising,2016,Comedy,"When their new next-door neighbors turn out to be a sorority even more debaucherous than the fraternity previously living there, Mac and Kelly team with their former enemy, Teddy, to bring the girls down.","Seth Rogen, Rose Byrne, Zac Efron, Chloë Grace Moretz",Nicholas Stoller,5.7,#1a3a1a,92
368,The Exception,2016,Drama,"A German soldier tries to determine if the Dutch resistance has planted a spy to infiltrate the home of Kaiser Wilhelm in Holland during the onset of World War II, but falls for a young Jewish Dutch woman during his investigation.","Lily James, Jai Courtney, Christopher Plummer, Loïs van Wijk",David Leveaux,7.7,#2a2a1a,107
369,Man of Steel,2013,"Action,Adventure,Fantasy","Clark Kent, one of the last of an extinguished race disguised as an unremarkable human, is forced to reveal his identity when Earth is invaded by an army of survivors who threaten to bring the planet to the brink of destruction.","Henry Cavill, Amy Adams, Michael Shannon, Diane Lane",Zack Snyder,7.1,#3a4a1a,143
370,The Choice,2016,"Drama,Romance",Travis and Gabby first meet as neighbors in a small coastal town and wind up in a relationship that is tested by life's most defining events.,"Benjamin Walker, Teresa Palmer, Alexandra Daddario,Maggie Grace",Ross Katz,6.6,#1a1a1a,111
371,Ice Age: Collision Course,2016,"Animation,Adventure,Comedy","Manny, Diego, and Sid join up with Buck to fend off a meteor strike that would destroy the world.","Ray Romano, Denis Leary, John Leguizamo, Chris Wedge",Mike Thurmeier,5.7,#e94560,94
372,The Devil Wears Prada,2006,"Comedy,Drama","A smart but sensible new graduate lands a job as an assistant to Miranda Priestly, the demanding editor-in-chief of a high fashion magazine.","Anne Hathaway, Meryl Streep, Adrian Grenier, Emily Blunt",David Frankel,6.8,#1a1a1a,109
373,The Infiltrator,2016,"Biography,Crime,Drama",A U.S. Customs official uncovers a money laundering scheme involving Colombian drug lord Pablo Escobar.,"Bryan Cranston, John Leguizamo, Diane Kruger, Amy Ryan",Brad Furman,7.1,#1a1a3a,127
374,There Will Be Blood,2007,"Drama,History","A story of family, religion, hatred, oil and madness, focusing on a turn-of-the-century prospector in the early days of the business.","Daniel Day-Lewis, Paul Dano, Ciarán Hinds,Martin Stringer",Paul Thomas Anderson,8.1,#e94560,158
375,The Equalizer,2014,"Action,Crime,Thriller","A man believes he has put his mysterious past behind him and has dedicated himself to beginning a new, quiet life. But when he meets a young girl under the control of ultra-violent Russian gangsters, he can't stand idly by - he has to help her.","Denzel Washington, Marton Csokas, Chloë Grace Moretz, David Harbour",Antoine Fuqua,7.2,#0f3460,132
376,Lone Survivor,2013,"Action,Biography,Drama","Marcus Luttrell and his team set out on a mission to capture or kill notorious Taliban leader Ahmad Shah, in late June 2005. Marcus and his team are left to fight for their lives in one of the most valiant efforts of modern warfare.","Mark Wahlberg, Taylor Kitsch, Emile Hirsch, Ben Foster",Peter Berg,7.5,#1a3a1a,121
377,The Cabin in the Woods,2012,Horror,"Five friends go for a break at a remote cabin, where they get more than they bargained for, discovering the truth behind the cabin in the woods.","Kristen Connolly, Chris Hemsworth, Anna Hutchison,Fran Kranz",Drew Goddard,7.0,#1a3a4a,95
378,The House Bunny,2008,"Comedy,Romance","After Playboy bunny Shelley is kicked out of the playboy mansion, she finds a job as the house mother for a sorority full of socially awkward girls.","Anna Faris, Colin Hanks, Emma Stone, Kat Dennings",Fred Wolf,5.5,#3a2a1a,97
379,She's Out of My League,2010,"Comedy,Romance","An average Joe meets the perfect woman, but his lack of confidence and the influence of his friends and family begin to pick away at the relationship.","Jay Baruchel, Alice Eve, T.J. Miller, Mike Vogel",Jim Field Smith,6.4,#1a3a1a,104
380,Inherent Vice,2014,"Comedy,Crime,Drama","In 1970, drug-fueled Los Angeles private investigator Larry ""Doc"" Sportello investigates the disappearance of a former girlfriend.","Joaquin Phoenix, Josh Brolin, Owen Wilson,Katherine Waterston",Paul Thomas Anderson,6.7,#533483,148
381,Alice Through the Looking Glass,2016,"Adventure,Family,Fantasy",Alice returns to the whimsical world of Wonderland and travels back in time to help the Mad Hatter.,"Mia Wasikowska, Johnny Depp, Helena Bonham Carter, Anne Hathaway",James Bobin,6.2,#533483,113
382,Vincent N Roxxy,2016,"Crime,Drama,Thriller",A small town loner and a rebellious punk rocker unexpectedly fall in love as they are forced on the run and soon discover violence follows them everywhere.,"Emile Hirsch, Zoë Kravitz, Zoey Deutch,Emory Cohen",Gary Michael Schultz,5.5,#e94560,110
383,The Fast and the Furious: Tokyo Drift,2006,"Action,Crime,Thriller",A teenager becomes a major competitor in the world of drift racing after moving in with his father in Tokyo to avoid a jail sentence in America.,"Lucas Black, Zachery Ty Bryan, Shad Moss, Damien Marzette",Justin Lin,6.0,#1a1a1a,104
384,How to Be Single,2016,"Comedy,Romance",A group of young adults navigate love and relationships in New York City.,"Dakota Johnson, Rebel Wilson, Leslie Mann, Alison Brie",Christian Ditter,6.1,#e94560,110
385,The Blind Side,2009,"Biography,Drama,Sport","The story of Michael Oher, a homeless and traumatized boy who became an All American football player and first round NFL draft pick with the help of a caring woman and her family.","Quinton Aaron, Sandra Bullock, Tim McGraw,Jae Head",John Lee Hancock,7.7,#1a1a2e,129
386,La vie d'Adèle,2013,"Drama,Romance","Adèle's life is changed when she meets Emma, a young woman with blue hair, who will allow her to discover desire and to assert herself as a woman and as an adult. In front of others, Adèle grows, seeks herself, loses herself, and ultimately finds herself through love and loss.","Léa Seydoux, Adèle Exarchopoulos, Salim Kechiouche, Aurélien Recoing",Abdellatif Kechiche,7.8,#0f3460,180
387,The Babadook,2014,"Drama,Horror","A single mother, plagued by the violent death of her husband, battles with her son's fear of a monster lurking in the house, but soon discovers a sinister presence all around her.","Essie Davis, Noah Wiseman, Daniel Henshall, Hayley McElhinney",Jennifer Kent,6.8,#1a3a4a,93
388,The Hobbit: The Battle of the Five Armies,2014,"Adventure,Fantasy",Bilbo and Company are forced to engage in a war against an array of combatants and keep the Lonely Mountain from falling into the hands of a rising darkness.,"Ian McKellen, Martin Freeman, Richard Armitage,Cate Blanchett",Peter Jackson,7.4,#e94560,144
389,Harry Potter and the Order of the Phoenix,2007,"Adventure,Family,Fantasy","With their warning about Lord Voldemort's return scoffed at, Harry and Dumbledore are targeted by the Wizard authorities as an authoritarian bureaucrat slowly seizes power at Hogwarts.","Daniel Radcliffe, Emma Watson, Rupert Grint, Brendan Gleeson",David Yates,7.5,#4a3a1a,138
390,Snowpiercer,2013,"Action,Drama,Sci-Fi","Set in a future where a failed climate-change experiment kills all life on the planet except for a lucky few who boarded the Snowpiercer, a train that travels around the globe, where a class system emerges.","Chris Evans, Jamie Bell, Tilda Swinton, Ed Harris",Bong Joon Ho,7.0,#2d4a22,126
391,The 5th Wave,2016,"Action,Adventure,Sci-Fi","Four waves of increasingly deadly alien attacks have left most of Earth decimated. Cassie is on the run, desperately trying to save her younger brother.","Chloë Grace Moretz, Matthew Zuk, Gabriela Lopez,Bailey Anne Borders",J Blakeson,5.2,#e94560,112
392,The Stakelander,2016,"Action,Horror","When his home of New Eden is destroyed by a revitalized Brotherhood and its new Vamp leader, Martin finds himself alone in the badlands of America with only the distant memory of his mentor and legendary vampire hunter, Mister, to guide him.","Connor Paolo, Nick Damici, Laura Abramsen, A.C. Peterson",Dan Berk,5.3,#1a1a2e,81
393,The Visit,2015,"Comedy,Horror,Thriller",Two siblings become increasingly frightened by their grandparents' disturbing behavior while visiting them on vacation.,"Olivia DeJonge, Ed Oxenbould, Deanna Dunagan, Peter McRobbie",M. Night Shyamalan,6.2,#1a4a1a,94
394,Fast Five,2011,"Action,Crime,Thriller",Dominic Toretto and his crew of street racers plan a massive heist to buy their freedom while in the sights of a powerful Brazilian drug lord and a dangerous federal agent.,"Vin Diesel, Paul Walker, Dwayne Johnson, Jordana Brewster",Justin Lin,7.3,#2d4a22,131
395,Step Up,2006,"Crime,Drama,Music","Tyler Gage receives the opportunity of a lifetime after vandalizing a performing arts school, gaining him the chance to earn a scholarship and dance with an up and coming dancer, Nora.","Channing Tatum, Jenna Dewan Tatum, Damaine Radcliff, De'Shawn Washington",Anne Fletcher,6.5,#4a1a4a,104
396,Lovesong,2016,Drama,The relationship between two friends deepens during an impromptu road trip.,"Riley Keough, Jena Malone, Jessie Ok Gray, Cary Joji Fukunaga",So Yong Kim,6.4,#1a2a1a,84
397,RocknRolla,2008,"Action,Crime,Thriller","In London, a real-estate scam puts millions of pounds up for grabs, attracting some of the city's scrappiest tough guys and its more established underworld types, all of whom are looking to get rich quick. While the city's seasoned criminals vie for the cash, an unexpected player -- a drugged-out rock 'n' roller presumed to be dead but very much alive -- has a multi-million-dollar prize fall into... See full summary »","Gerard Butler, Tom Wilkinson, Idris Elba, Thandie Newton",Guy Ritchie,7.3,#1a2a1a,114
398,In Time,2011,"Action,Sci-Fi,Thriller","In a future where people stop aging at 25, but are engineered to live only one more year, having the means to buy your way out of the situation is a shot at immortal youth. Here, Will Salas finds himself accused of murder and on the run with a hostage - a connection that becomes an important part of the way against the system.","Justin Timberlake, Amanda Seyfried, Cillian Murphy,Olivia Wilde",Andrew Niccol,6.7,#16213e,109
399,The Last Witch Hunter,2015,"Action,Adventure,Fantasy",The last witch hunter is all that stands between humanity and the combined forces of the most horrifying witches in history.,"Vin Diesel, Rose Leslie, Elijah Wood, Ólafur Darri Ólafsson",Breck Eisner,6.0,#1a1a1a,106
400,Victor Frankenstein,2015,"Drama,Horror,Sci-Fi","Told from Igor's perspective, we see the troubled young assistant's dark origins, his redemptive friendship with the young medical student Viktor Von Frankenstein, and become eyewitnesses to the emergence of how Frankenstein became the man - and the legend - we know today.","Daniel Radcliffe, James McAvoy, Jessica Brown Findlay, Andrew Scott",Paul McGuigan,6.0,#2a2a1a,110
401,A Street Cat Named Bob,2016,"Biography,Comedy,Drama","Based on the international best selling book. The true feel good story of how James Bowen, a busker and recovering drug addict, had his life transformed when he met a stray ginger cat.","Luke Treadaway, Bob the Cat, Ruta Gedmintas, Joanne Froggatt",Roger Spottiswoode,7.4,#3a2a1a,103
402,Green Room,2015,"Crime,Horror,Thriller",A punk rock band is forced to fight for survival after witnessing a murder at a neo-Nazi skinhead bar.,"Anton Yelchin, Imogen Poots, Alia Shawkat,Patrick Stewart",Jeremy Saulnier,7.0,#0f3460,95
403,Blackhat,2015,"Crime,Drama,Mystery",A furloughed convict and his American and Chinese partners hunt a high-level cybercrime network from Chicago to Los Angeles to Hong Kong to Jakarta.,"Chris Hemsworth, Viola Davis, Wei Tang, Leehom Wang",Michael Mann,5.4,#16213e,133
404,Storks,2016,"Animation,Adventure,Comedy","Storks have moved on from delivering babies to packages. But when an order for a baby appears, the best delivery stork must scramble to fix the error by delivering the baby.","Andy Samberg, Katie Crown,Kelsey Grammer, Jennifer Aniston",Nicholas Stoller,6.9,#0f3460,87
405,American Sniper,2014,"Action,Biography,Drama","Navy S.E.A.L. sniper Chris Kyle's pinpoint accuracy saves countless lives on the battlefield and turns him into a legend. Back home to his wife and kids after four tours of duty, however, Chris finds that it is the war he can't leave behind.","Bradley Cooper, Sienna Miller, Kyle Gallner, Cole Konis",Clint Eastwood,7.3,#0f3460,133
406,Dallas Buyers Club,2013,"Biography,Drama","In 1985 Dallas, electrician and hustler Ron Woodroof works around the system to help AIDS patients get the medication they need after he is diagnosed with the disease.","Matthew McConaughey, Jennifer Garner, Jared Leto, Steve Zahn",Jean-Marc Vallée,8.0,#e94560,117
407,Lincoln,2012,"Biography,Drama,History","As the War continues to rage, America's president struggles with continuing carnage on the battlefield as he fights with many inside his own cabinet on the decision to emancipate the slaves.","Daniel Day-Lewis, Sally Field, David Strathairn,Joseph Gordon-Levitt",Steven Spielberg,7.4,#1a4a1a,150
408,Rush,2013,"Action,Biography,Drama",The merciless 1970s rivalry between Formula One rivals James Hunt and Niki Lauda.,"Daniel Brühl, Chris Hemsworth, Olivia Wilde,Alexandra Maria Lara",Ron Howard,8.1,#4a1a1a,123
409,Before I Wake,2016,"Drama,Fantasy,Horror",A young couple adopt an orphaned child whose dreams - and nightmares - manifest physically as he sleeps.,"Kate Bosworth, Thomas Jane, Jacob Tremblay,Annabeth Gish",Mike Flanagan,6.1,#1a2a1a,97
410,Silver Linings Playbook,2012,"Comedy,Drama,Romance","After a stint in a mental institution, former teacher Pat Solitano moves back in with his parents and tries to reconcile with his ex-wife. Things get more challenging when Pat meets Tiffany, a mysterious girl with problems of her own.","Bradley Cooper, Jennifer Lawrence, Robert De Niro, Jacki Weaver",David O. Russell,7.8,#0f3460,122
411,Tracktown,2016,"Drama,Sport","A young, talented, and lonely long-distance runner twists her ankle as she prepares for the Olympic Trials and must do something she's never done before: take a day off.","Alexi Pappas, Chase Offerle, Rachel Dratch, Andy Buckley",Alexi Pappas,5.9,#4a1a4a,88
412,The Fault in Our Stars,2014,"Drama,Romance",Two teenage cancer patients begin a life-affirming journey to visit a reclusive author in Amsterdam.,"Shailene Woodley, Ansel Elgort, Nat Wolff, Laura Dern",Josh Boone,7.8,#3a4a1a,126
413,Blended,2014,"Comedy,Romance","After a bad blind date, a man and woman find themselves stuck together at a resort for families, where their attraction grows as their respective kids benefit from the burgeoning relationship.","Adam Sandler, Drew Barrymore, Wendi McLendon-Covey, Kevin Nealon",Frank Coraci,6.5,#1a3a1a,117
414,Fast & Furious,2009,"Action,Crime,Thriller","Brian O'Conner, back working for the FBI in Los Angeles, teams up with Dominic Toretto to bring down a heroin importer by infiltrating his operation.","Vin Diesel, Paul Walker, Michelle Rodriguez, Jordana Brewster",Justin Lin,6.6,#3a4a1a,107
415,Looper,2012,"Action,Crime,Drama","In 2074, when the mob wants to get rid of someone, the target is sent into the past, where a hired gun awaits - someone like Joe - who one day learns the mob wants to 'close the loop' by sending back Joe's future self for assassination.","Joseph Gordon-Levitt, Bruce Willis, Emily Blunt, Paul Dano",Rian Johnson,7.4,#1a3a4a,119
416,White House Down,2013,"Action,Drama,Thriller","While on a tour of the White House with his young daughter, a Capitol policeman springs into action to save his child and protect the president from a heavily armed group of paramilitary invaders.","Channing Tatum, Jamie Foxx, Maggie Gyllenhaal,Jason Clarke",Roland Emmerich,6.4,#533483,131
417,Pete's Dragon,2016,"Adventure,Family,Fantasy","The adventures of an orphaned boy named Pete and his best friend Elliot, who just so happens to be a dragon.","Bryce Dallas Howard, Robert Redford, Oakes Fegley,Oona Laurence",David Lowery,6.8,#4a1a4a,102
418,Spider-Man 3,2007,"Action,Adventure","A strange black entity from another world bonds with Peter Parker and causes inner turmoil as he contends with new villains, temptations, and revenge.","Tobey Maguire, Kirsten Dunst, Topher Grace, Thomas Haden Church",Sam Raimi,6.2,#1a4a1a,139
419,The Three Musketeers,2011,"Action,Adventure,Romance",The hot-headed young D'Artagnan along with three former legendary but now down on their luck Musketeers must unite and defeat a beautiful double agent and her villainous employer from seizing the French throne and engulfing Europe in war.,"Logan Lerman, Matthew Macfadyen, Ray Stevenson, Milla Jovovich",Paul W.S. Anderson,5.8,#3a2a1a,110
420,Stardust,2007,"Adventure,Family,Fantasy","In a countryside town bordering on a magical land, a young man makes a promise to his beloved that he'll retrieve a fallen star by venturing into the magical realm.","Charlie Cox, Claire Danes, Sienna Miller, Ian McKellen",Matthew Vaughn,7.7,#16213e,127
421,Jennifer's Body,2009,"Comedy,Horror",A newly possessed high school cheerleader turns into a succubus who specializes in killing her male classmates. Can her best friend put an end to the horror?,"Megan Fox, Amanda Seyfried, Adam Brody, Johnny Simmons",Karyn Kusama,5.1,#e94560,102
422,Midnight in Paris,2011,"Comedy,Fantasy,Romance","While on a trip to Paris with his fiancée's family, a nostalgic screenwriter finds himself mysteriously going back to the 1920s everyday at midnight.","Owen Wilson, Rachel McAdams, Kathy Bates, Kurt Fuller",Woody Allen,7.7,#16213e,94
423,Lady Macbeth,2016,Drama,"Set in 19th century rural England, young bride who has been sold into marriage to a middle-aged man discovers an unstoppable desire within herself as she enters into an affair with a work on her estate.","Florence Pugh, Christopher Fairbank, Cosmo Jarvis, Naomi Ackie",William Oldroyd,7.3,#533483,89
424,Joy,2015,Drama,"Joy is the story of the title character, who rose to become founder and matriarch of a powerful family business dynasty.","Jennifer Lawrence, Robert De Niro, Bradley Cooper, Edgar Ramírez",David O. Russell,6.6,#4a4a1a,124
425,The Dressmaker,2015,"Comedy,Drama","A glamorous woman returns to her small town in rural Australia. With her sewing machine and haute couture style, she transforms the women and exacts sweet revenge on those who did her wrong.","Kate Winslet, Judy Davis, Liam Hemsworth,Hugo Weaving",Jocelyn Moorhouse,7.1,#1a1a2e,119
426,Café Society,2016,"Comedy,Drama,Romance","In the 1930s, a Bronx native moves to Hollywood and falls in love with a young woman who is seeing a married man.","Jesse Eisenberg, Kristen Stewart, Steve Carell, Blake Lively",Woody Allen,6.7,#1a2a1a,96
427,Insurgent,2015,"Adventure,Sci-Fi,Thriller",Beatrice Prior must confront her inner demons and continue her fight against a powerful alliance which threatens to tear her society apart with the help from others on her side.,"Shailene Woodley, Ansel Elgort, Theo James,Kate Winslet",Robert Schwentke,6.3,#1a3a4a,119
428,Seventh Son,2014,"Action,Adventure,Fantasy","When Mother Malkin, the queen of evil witches, escapes the pit she was imprisoned in by professional monster hunter Spook decades ago and kills his apprentice, he recruits young Tom, the seventh son of the seventh son, to help him.","Ben Barnes, Julianne Moore, Jeff Bridges, Alicia Vikander",Sergei Bodrov,5.5,#1a4a1a,102
429,Demain tout commence,2016,"Comedy,Drama",Samuel parties hard in the Marseille area of France and is awoken one morning by a woman carrying a baby she claims is his. She drives off leaving him with a wailing infant; he gives chase ... See full summary »,"Omar Sy, Clémence Poésy, Antoine Bertrand, Ashley Walters",Hugo Gélin,7.4,#0f3460,118
430,The Theory of Everything,2014,"Biography,Drama,Romance",A look at the relationship between the famous physicist Stephen Hawking and his wife.,"Eddie Redmayne, Felicity Jones, Tom Prior, Sophie Perry",James Marsh,7.7,#16213e,123
431,This Is the End,2013,"Comedy,Fantasy","While attending a party at James Franco's house, Seth Rogen, Jay Baruchel and many other celebrities are faced with the Biblical Apocalypse.","James Franco, Jonah Hill, Seth Rogen,Jay Baruchel",Evan Goldberg,6.6,#3a2a1a,107
432,About Time,2013,"Comedy,Drama,Fantasy","At the age of 21, Tim discovers he can travel in time and change what happens and has happened in his own life. His decision to make his world a better place by getting a girlfriend turns out not to be as easy as you might think.","Domhnall Gleeson, Rachel McAdams, Bill Nighy,Lydia Wilson",Richard Curtis,7.8,#2a2a1a,123
433,Step Brothers,2008,Comedy,Two aimless middle-aged losers still living at home are forced against their will to become roommates when their parents marry.,"Will Ferrell, John C. Reilly, Mary Steenburgen,Richard Jenkins",Adam McKay,6.9,#3a2a1a,98
434,Clown,2014,"Horror,Thriller","A loving father finds a clown suit for his son's birthday party, only to realize that it is not a suit at all.","Andy Powers, Laura Allen, Peter Stormare, Christian Distefano",Jon Watts,5.7,#3a4a1a,100
435,Star Trek Into Darkness,2013,"Action,Adventure,Sci-Fi","After the crew of the Enterprise find an unstoppable force of terror from within their own organization, Captain Kirk leads a manhunt to a war-zone world to capture a one-man weapon of mass destruction.","Chris Pine, Zachary Quinto, Zoe Saldana, Benedict Cumberbatch",J.J. Abrams,7.8,#533483,132
436,Zombieland,2009,"Adventure,Comedy,Horror","A shy student trying to reach his family in Ohio, a gun-toting tough guy trying to find the last Twinkie, and a pair of sisters trying to get to an amusement park join forces to travel across a zombie-filled America.","Jesse Eisenberg, Emma Stone, Woody Harrelson,Abigail Breslin",Ruben Fleischer,7.7,#2d4a22,88
437,"Hail, Caesar!",2016,"Comedy,Mystery",A Hollywood fixer in the 1950s works to keep the studio's stars in line.,"Josh Brolin, George Clooney, Alden Ehrenreich, Ralph Fiennes",Ethan Coen,6.3,#1a3a1a,106
438,Slumdog Millionaire,2008,Drama,"A Mumbai teen reflects on his upbringing in the slums when he is accused of cheating on the Indian Version of ""Who Wants to be a Millionaire?""","Dev Patel, Freida Pinto, Saurabh Shukla, Anil Kapoor",Danny Boyle,8.0,#3a4a1a,120
439,The Twilight Saga: Breaking Dawn - Part 2,2012,"Adventure,Drama,Fantasy","After the birth of Renesmee, the Cullens gather other vampire clans in order to protect the child from a false allegation that puts the family in front of the Volturi.","Kristen Stewart, Robert Pattinson, Taylor Lautner, Peter Facinelli",Bill Condon,5.5,#1a1a1a,115
440,American Wrestler: The Wizard,2016,"Drama,Sport","In 1980, a teenage boy escapes the unrest in Iran only to face more hostility in America, due to the hostage crisis. Determined to fit in, he joins the school's floundering wrestling team.","William Fichtner, Jon Voight, Lia Marie Johnson,Gabriel Basso",Alex Ranarivelo,6.9,#1a3a4a,117
441,The Amazing Spider-Man,2012,"Action,Adventure","After Peter Parker is bitten by a genetically altered spider, he gains newfound, spider-like powers and ventures out to solve the mystery of his parent's mysterious death.","Andrew Garfield, Emma Stone, Rhys Ifans, Irrfan Khan",Marc Webb,7.0,#0f3460,136
442,Ben-Hur,2016,"Action,Adventure,Drama","Judah Ben-Hur, a prince falsely accused of treason by his adopted brother, an officer in the Roman army, returns to his homeland after years at sea to seek revenge, but finds redemption.","Jack Huston, Toby Kebbell, Rodrigo Santoro,Nazanin Boniadi",Timur Bekmambetov,5.7,#4a4a1a,123
443,Sleight,2016,"Action,Drama,Sci-Fi","A young street magician (Jacob Latimore) is left to care for his little sister after their parents passing, and turns to illegal activities to keep a roof over their heads. When he gets in ... See full summary »","Jacob Latimore, Seychelle Gabriel, Dulé Hill, Storm Reid",J.D. Dillard,6.0,#1a3a4a,89
444,Criminal,2016,"Action,Crime,Drama","In a last-ditch effort to stop a diabolical plot, a dead CIA operative's memories, secrets, and skills are implanted into a death-row inmate in hopes that he will complete the operative's mission.","Kevin Costner, Ryan Reynolds, Gal Gadot, Gary Oldman",Ariel Vromen,6.3,#16213e,113
445,Wanted,2008,"Action,Crime,Fantasy","A frustrated office worker learns that he is the son of a professional assassin, and that he shares his father's superhuman killing abilities.","Angelina Jolie, James McAvoy, Morgan Freeman, Terence Stamp",Timur Bekmambetov,6.7,#533483,110
446,Florence Foster Jenkins,2016,"Biography,Comedy,Drama","The story of Florence Foster Jenkins, a New York heiress who dreamed of becoming an opera singer, despite having a terrible singing voice.","Meryl Streep, Hugh Grant, Simon Helberg, Rebecca Ferguson",Stephen Frears,6.9,#1a1a2e,111
447,Collide,2016,"Action,Crime,Thriller","An American backpacker gets involved with a ring of drug smugglers as their driver, though he winds up on the run from his employers across Cologne high-speed Autobahn.","Nicholas Hoult, Felicity Jones, Anthony Hopkins, Ben Kingsley",Eran Creevy,5.7,#4a3a1a,99
448,Black Mass,2015,"Biography,Crime,Drama","The true story of Whitey Bulger, the brother of a state senator and the most infamous violent criminal in the history of South Boston, who became an FBI informant to take down a Mafia family invading his turf.","Johnny Depp, Benedict Cumberbatch, Dakota Johnson, Joel Edgerton",Scott Cooper,6.9,#4a4a1a,123
449,Creed,2015,"Drama,Sport","The former World Heavyweight Champion Rocky Balboa serves as a trainer and mentor to Adonis Johnson, the son of his late friend and former rival Apollo Creed.","Michael B. Jordan, Sylvester Stallone, Tessa Thompson, Phylicia Rashad",Ryan Coogler,7.6,#1a2a1a,133
450,Swiss Army Man,2016,"Adventure,Comedy,Drama",A hopeless man stranded on a deserted island befriends a dead body and together they go on a surreal journey to get home.,"Paul Dano, Daniel Radcliffe, Mary Elizabeth Winstead, Antonia Ribero",Dan Kwan,7.1,#533483,97
451,The Expendables 3,2014,"Action,Adventure,Thriller","Barney augments his team with new blood for a personal battle: to take down Conrad Stonebanks, the Expendables co-founder and notorious arms trader who is hell bent on wiping out Barney and every single one of his associates.","Sylvester Stallone, Jason Statham, Jet Li, Antonio Banderas",Patrick Hughes,6.1,#1a3a1a,126
452,What We Do in the Shadows,2014,"Comedy,Fantasy,Horror","A documentary team films the lives of a group of vampires for a few months. The vampires share a house in Wellington, New Zealand. Turns out vampires have their own domestic problems too.","Jemaine Clement, Taika Waititi,Cori Gonzalez-Macuer, Jonny Brugh",Jemaine Clement,7.6,#1a1a1a,86
453,Southpaw,2015,"Drama,Sport",Boxer Billy Hope turns to trainer Tick Wills to help him get his life back on track after losing his wife in a tragic accident and his daughter to child protection services.,"Jake Gyllenhaal, Rachel McAdams, Oona Laurence,Forest Whitaker",Antoine Fuqua,7.4,#2d4a22,124
454,Hush,2016,"Horror,Thriller",A deaf writer who retreated into the woods to live a solitary life must fight for her life in silence when a masked killer appears at her window.,"John Gallagher Jr., Kate Siegel, Michael Trucco,Samantha Sloyan",Mike Flanagan,6.6,#1a1a1a,81
455,Bridge of Spies,2015,"Drama,History,Thriller","During the Cold War, an American lawyer is recruited to defend an arrested Soviet spy in court, and then help the CIA facilitate an exchange of the spy for the Soviet captured American U2 spy plane pilot, Francis Gary Powers.","Tom Hanks, Mark Rylance, Alan Alda, Amy Ryan",Steven Spielberg,7.6,#4a1a4a,142
456,The Lego Movie,2014,"Animation,Action,Adventure","An ordinary Lego construction worker, thought to be the prophesied 'Special', is recruited to join a quest to stop an evil tyrant from gluing the Lego universe into eternal stasis.","Chris Pratt, Will Ferrell, Elizabeth Banks, Will Arnett",Phil Lord,7.8,#1a2a1a,100
457,Everest,2015,"Action,Adventure,Drama","The story of New Zealand's Robert ""Rob"" Edwin Hall, who on May 10, 1996, together with Scott Fischer, teamed up on a joint expedition to ascend Mount Everest.","Jason Clarke, Ang Phula Sherpa, Thomas M. Wright, Martin Henderson",Baltasar Kormákur,7.1,#1a4a1a,121
458,Pixels,2015,"Action,Comedy,Family","When aliens misinterpret video feeds of classic arcade games as a declaration of war, they attack the Earth in the form of the video games.","Adam Sandler, Kevin James, Michelle Monaghan,Peter Dinklage",Chris Columbus,5.6,#1a1a3a,105
459,Robin Hood,2010,"Action,Adventure,Drama","In 12th century England, Robin and his band of marauders confront corruption in a local village and lead an uprising against the crown that will forever alter the balance of world power.","Russell Crowe, Cate Blanchett, Matthew Macfadyen,Max von Sydow",Ridley Scott,6.7,#2d4a22,140
460,The Wolverine,2013,"Action,Adventure,Sci-Fi","When Wolverine is summoned to Japan by an old acquaintance, he is embroiled in a conflict that forces him to confront his own demons.","Hugh Jackman, Will Yun Lee, Tao Okamoto, Rila Fukushima",James Mangold,6.7,#2d4a22,126
461,John Carter,2012,"Action,Adventure,Sci-Fi","Transported to Barsoom, a Civil War vet discovers a barren planet seemingly inhabited by 12-foot tall barbarians. Finding himself prisoner of these creatures, he escapes, only to encounter Woola and a princess in desperate need of a savior.","Taylor Kitsch, Lynn Collins, Willem Dafoe,Samantha Morton",Andrew Stanton,6.6,#0f3460,132
462,Keanu,2016,"Action,Comedy","When an L.A. drug kingpin's kitten unexpectedly enters the life of two cousins, they will have to go through gangs, hitmen and drug dealers who claim him in order to get him back.","Keegan-Michael Key, Jordan Peele, Tiffany Haddish,Method Man",Peter Atencio,6.3,#1a2a1a,100
463,The Gunman,2015,"Action,Crime,Drama","A sniper on a mercenary assassination team, kills the minister of mines of the Congo. Terrier's successful kill shot forces him into hiding. Returning to the Congo years later, he becomes the target of a hit squad himself.","Sean Penn, Idris Elba, Jasmine Trinca, Javier Bardem",Pierre Morel,5.8,#1a1a1a,115
464,Steve Jobs,2015,"Biography,Drama","Steve Jobs takes us behind the scenes of the digital revolution, to paint a portrait of the man at its epicenter. The story unfolds backstage at three iconic product launches, ending in 1998 with the unveiling of the iMac.","Michael Fassbender, Kate Winslet, Seth Rogen, Jeff Daniels",Danny Boyle,7.2,#1a3a1a,122
465,Whisky Galore,2016,"Comedy,Romance",Scottish islanders try to plunder cases of whisky from a stranded ship.,"Tim Pigott-Smith, Naomi Battrick, Ellie Kendrick,James Cosmo",Gillies MacKinnon,5.0,#4a4a1a,98
466,Grown Ups 2,2013,Comedy,"After moving his family back to his hometown to be with his friends and their kids, Lenny finds out that between old bullies, new bullies, schizo bus drivers, drunk cops on skis, and 400 costumed party crashers sometimes crazy follows you.","Adam Sandler, Kevin James, Chris Rock, David Spade",Dennis Dugan,5.4,#16213e,101
467,The Age of Adaline,2015,"Drama,Fantasy,Romance","A young woman, born at the turn of the 20th century, is rendered ageless after an accident. After many solitary years, she meets a man who complicates the eternal life she has settled into.","Blake Lively, Michiel Huisman, Harrison Ford,Kathy Baker",Lee Toland Krieger,7.2,#4a3a1a,112
468,The Incredible Hulk,2008,"Action,Adventure,Sci-Fi","Bruce Banner, a scientist on the run from the U.S. Government, must find a cure for the monster he emerges whenever he loses his temper.","Edward Norton, Liv Tyler, Tim Roth, William Hurt",Louis Leterrier,6.8,#0f3460,112
469,Couples Retreat,2009,Comedy,"A comedy centered around four couples who settle into a tropical-island resort for a vacation. While one of the couples is there to work on the marriage, the others fail to realize that participation in the resort's therapy sessions is not optional.","Vince Vaughn, Malin Akerman, Jon Favreau, Jason Bateman",Peter Billingsley,5.5,#3a2a1a,113
470,Absolutely Anything,2015,"Comedy,Sci-Fi","A group of eccentric aliens confer a human being with the power to do absolutely anything, as an experiment.","Simon Pegg, Kate Beckinsale, Sanjeev Bhaskar, Rob Riggle",Terry Jones,6.0,#4a1a4a,85
471,Magic Mike,2012,"Comedy,Drama","A male stripper teaches a younger performer how to party, pick up women, and make easy money.","Channing Tatum, Alex Pettyfer, Olivia Munn,Matthew McConaughey",Steven Soderbergh,6.1,#1a1a3a,110
472,Minions,2015,"Animation,Action,Adventure","Minions Stuart, Kevin and Bob are recruited by Scarlet Overkill, a super-villain who, alongside her inventor husband Herb, hatches a plot to take over the world.","Sandra Bullock, Jon Hamm, Michael Keaton, Pierre Coffin",Kyle Balda,6.4,#1a1a2e,91
473,The Black Room,2016,Horror,PAUL and JENNIFER HEMDALE have just moved into their dream house. But their happy marriage is about to be put to the test as they slowly discover the secret behind the black room in the ... See full summary »,"Natasha Henstridge, Lukas Hassel, Lin Shaye,Dominique Swain",Rolfe Kanefsky,3.9,#1a2a1a,91
474,Bronson,2008,"Action,Biography,Crime","A young man who was sentenced to seven years in prison for robbing a post office ends up spending three decades in solitary confinement. During this time, his own personality is supplanted by his alter-ego, Charles Bronson.","Tom Hardy, Kelly Adams, Luing Andrews,Katy Barker",Nicolas Winding Refn,7.1,#533483,92
475,Despicable Me,2010,"Animation,Adventure,Comedy","When a criminal mastermind uses a trio of orphan girls as pawns for a grand scheme, he finds their love is profoundly changing him for the better.","Steve Carell, Jason Segel, Russell Brand, Julie Andrews",Pierre Coffin,7.7,#1a1a1a,95
476,The Best of Me,2014,"Drama,Romance",A pair of former high school sweethearts reunite after many years when they return to visit their small hometown.,"James Marsden, Michelle Monaghan, Luke Bracey,Liana Liberato",Michael Hoffman,6.7,#16213e,118
477,The Invitation,2015,"Drama,Mystery,Thriller","While attending a dinner party at his former home, a man thinks his ex-wife and her new husband have sinister intentions for their guests.","Logan Marshall-Green, Emayatzy Corinealdi, Michiel Huisman, Tammy Blanchard",Karyn Kusama,6.7,#4a1a4a,100
478,Zero Dark Thirty,2012,"Drama,History,Thriller","A chronicle of the decade-long hunt for al-Qaeda terrorist leader Osama bin Laden after the September 2001 attacks, and his death at the hands of the Navy S.E.A.L.s Team 6 in May 2011.","Jessica Chastain, Joel Edgerton, Chris Pratt, Mark Strong",Kathryn Bigelow,7.4,#1a4a1a,157
479,Tangled,2010,"Animation,Adventure,Comedy","The magically long-haired Rapunzel has spent her entire life in a tower, but now that a runaway thief has stumbled upon her, she is about to discover the world for the first time, and who she really is.","Mandy Moore, Zachary Levi, Donna Murphy, Ron Perlman",Nathan Greno,7.8,#e94560,100
480,The Hunger Games: Mockingjay - Part 2,2015,"Action,Adventure,Sci-Fi","As the war of Panem escalates to the destruction of other districts, Katniss Everdeen, the reluctant leader of the rebellion, must bring together an army against President Snow, while all she holds dear hangs in the balance.","Jennifer Lawrence, Josh Hutcherson, Liam Hemsworth, Woody Harrelson",Francis Lawrence,6.6,#533483,137
481,Vacation,2015,"Adventure,Comedy","Rusty Griswold takes his own family on a road trip to ""Walley World"" in order to spice things up with his wife and reconnect with his sons.","Ed Helms, Christina Applegate, Skyler Gisondo, Steele Stebbins",John Francis Daley,6.1,#2d4a22,99
482,Taken,2008,"Action,Thriller","A retired CIA agent travels across Europe and relies on his old skills to save his estranged daughter, who has been kidnapped while on a trip to Paris.","Liam Neeson, Maggie Grace, Famke Janssen, Leland Orser",Pierre Morel,7.8,#4a3a1a,93
483,Pitch Perfect 2,2015,"Comedy,Music","After a humiliating command performance at The Kennedy Center, the Barden Bellas enter an international competition that no American group has ever won in order to regain their status and right to perform.","Anna Kendrick, Rebel Wilson, Hailee Steinfeld,Brittany Snow",Elizabeth Banks,6.5,#3a4a1a,115
484,Monsters University,2013,"Animation,Adventure,Comedy",A look at the relationship between Mike and Sulley during their days at Monsters University -- when they weren't necessarily the best of friends.,"Billy Crystal, John Goodman, Steve Buscemi, Helen Mirren",Dan Scanlon,7.3,#1a3a4a,104
485,Elle,2016,"Crime,Drama,Thriller",A successful businesswoman gets caught up in a game of cat and mouse as she tracks down the unknown man who raped her.,"Isabelle Huppert, Laurent Lafitte, Anne Consigny,Charles Berling",Paul Verhoeven,7.2,#4a1a1a,130
486,Mechanic: Resurrection,2016,"Action,Adventure,Crime","Arthur Bishop thought he had put his murderous past behind him, until his most formidable foe kidnaps the love of his life. Now he is forced to travel the globe to complete three impossible assassinations, and do what he does best: make them look like accidents.","Jason Statham, Jessica Alba, Tommy Lee Jones,Michelle Yeoh",Dennis Gansel,5.6,#0f3460,98
487,Tusk,2014,"Comedy,Drama,Horror","When podcaster Wallace Bryton goes missing in the backwoods of Manitoba while interviewing a mysterious seafarer named Howard Howe, his best friend Teddy and girlfriend Allison team with an ex-cop to look for him.","Justin Long, Michael Parks, Haley Joel Osment,Genesis Rodriguez",Kevin Smith,5.4,#3a4a1a,102
488,The Headhunter's Calling,2016,Drama,"A headhunter whose life revolves around closing deals in a a survival-of-the-fittest boiler room, battles his top rival for control of their job placement company -- his dream of owning the company clashing with the needs of his family.","Alison Brie, Gerard Butler, Willem Dafoe, Gretchen Mol",Mark Williams,6.9,#4a3a1a,108
489,Atonement,2007,"Drama,Mystery,Romance","Fledgling writer Briony Tallis, as a thirteen-year-old, irrevocably changes the course of several lives when she accuses her older sister's lover of a crime he did not commit.","Keira Knightley, James McAvoy, Brenda Blethyn,Saoirse Ronan",Joe Wright,7.8,#1a4a1a,123
490,Harry Potter and the Deathly Hallows: Part 1,2010,"Adventure,Family,Fantasy","As Harry races against time and evil to destroy the Horcruxes, he uncovers the existence of three most powerful objects in the wizarding world: the Deathly Hallows.","Daniel Radcliffe, Emma Watson, Rupert Grint, Bill Nighy",David Yates,7.7,#1a4a1a,146
491,Shame,2011,Drama,A man's carefully cultivated private life is disrupted when his sister arrives for an indefinite stay.,"Michael Fassbender, Carey Mulligan, James Badge Dale, Lucy Walters",Steve McQueen,7.2,#1a1a1a,101
492,Hanna,2011,"Action,Drama,Thriller","A sixteen-year-old girl who was raised by her father to be the perfect assassin is dispatched on a mission across Europe, tracked by a ruthless intelligence agent and her operatives.","Saoirse Ronan, Cate Blanchett, Eric Bana, Vicky Krieps",Joe Wright,6.8,#0f3460,111
493,The Babysitters,2007,Drama,A teenager turns her babysitting service into a call-girl service for married guys after fooling around with one of her customers.,"Lauren Birkell, Paul Borghese, Chira Cassel, Anthony Cirillo",David Ross,5.7,#1a3a1a,88
494,Pride and Prejudice and Zombies,2016,"Action,Horror,Romance",Five sisters in 19th century England must cope with the pressures to marry while protecting themselves from a growing population of zombies.,"Lily James, Sam Riley, Jack Huston, Bella Heathcote",Burr Steers,5.8,#1a3a4a,108
495,300: Rise of an Empire,2014,"Action,Drama,Fantasy","Greek general Themistokles leads the charge against invading Persian forces led by mortal-turned-god Xerxes and Artemisia, vengeful commander of the Persian navy.","Sullivan Stapleton, Eva Green, Lena Headey, Hans Matheson",Noam Murro,6.2,#1a1a2e,102
496,London Has Fallen,2016,"Action,Crime,Drama","In London for the Prime Minister's funeral, Mike Banning discovers a plot to assassinate all the attending world leaders.","Gerard Butler, Aaron Eckhart, Morgan Freeman,Angela Bassett",Babak Najafi,5.9,#1a3a4a,99
497,The Curious Case of Benjamin Button,2008,"Drama,Fantasy,Romance","Tells the story of Benjamin Button, a man who starts aging backwards with bizarre consequences.","Brad Pitt, Cate Blanchett, Tilda Swinton, Julia Ormond",David Fincher,7.8,#4a1a1a,166
498,Sin City: A Dame to Kill For,2014,"Action,Crime,Thriller",Some of Sin City's most hard-boiled citizens cross paths with a few of its more reviled inhabitants.,"Mickey Rourke, Jessica Alba, Josh Brolin, Joseph Gordon-Levitt",Frank Miller,6.5,#16213e,102
499,The Bourne Ultimatum,2007,"Action,Mystery,Thriller",Jason Bourne dodges a ruthless CIA official and his agents from a new assassination program while searching for the origins of his life as a trained killer.,"Matt Damon, Edgar Ramírez, Joan Allen, Julia Stiles",Paul Greengrass,8.1,#1a1a3a,115
500,Srpski film,2010,"Horror,Mystery,Thriller","An aging porn star agrees to participate in an ""art film"" in order to make a clean break from the business, only to discover that he has been drafted into making a pedophilia and necrophilia themed snuff film.","Srdjan 'Zika' Todorovic, Sergej Trifunovic,Jelena Gavrilovic, Slobodan Bestic",Srdjan Spasojevic,5.2,#0f3460,104
501,The Purge: Election Year,2016,"Action,Horror,Sci-Fi","Former Police Sergeant Barnes becomes head of security for Senator Charlie Roan, a Presidential candidate targeted for death on Purge night due to her vow to eliminate the Purge.","Frank Grillo, Elizabeth Mitchell, Mykelti Williamson, Joseph Julian Soria",James DeMonaco,6.0,#2a2a1a,109
502,3 Idiots,2009,"Comedy,Drama","Two friends are searching for their long lost companion. They revisit their college days and recall the memories of their friend who inspired them to think differently, even as the rest of the world called them ""idiots"".","Aamir Khan, Madhavan, Mona Singh, Sharman Joshi",Rajkumar Hirani,8.4,#1a3a4a,170
503,Zoolander 2,2016,Comedy,"Derek and Hansel are lured into modeling again, in Rome, where they find themselves the target of a sinister conspiracy.","Ben Stiller, Owen Wilson, Penélope Cruz, Will Ferrell",Ben Stiller,4.7,#1a4a1a,102
504,World War Z,2013,"Action,Adventure,Horror","Former United Nations employee Gerry Lane traverses the world in a race against time to stop the Zombie pandemic that is toppling armies and governments, and threatening to destroy humanity itself.","Brad Pitt, Mireille Enos, Daniella Kertesz, James Badge Dale",Marc Forster,7.0,#16213e,116
505,Mission: Impossible - Ghost Protocol,2011,"Action,Adventure,Thriller","The IMF is shut down when it's implicated in the bombing of the Kremlin, causing Ethan Hunt and his new team to go rogue to clear their organization's name.","Tom Cruise, Jeremy Renner, Simon Pegg, Paula Patton",Brad Bird,7.4,#1a3a1a,132
506,Let Me Make You a Martyr,2016,"Action,Crime,Drama","A cerebral revenge film about two adopted siblings who fall in love, and hatch a plan to kill their abusive father.","Marilyn Manson, Mark Boone Junior, Sam Quartin, Niko Nicotera",Corey Asraf,6.4,#16213e,102
507,Filth,2013,"Comedy,Crime,Drama","A corrupt, junkie cop with bipolar disorder attempts to manipulate his way through a promotion in order to win back his wife and daughter while also fighting his own borderline-fueled inner demons.","James McAvoy, Jamie Bell, Eddie Marsan, Imogen Poots",Jon S. Baird,7.1,#16213e,97
508,The Longest Ride,2015,"Drama,Romance","The lives of a young couple intertwine with a much older man, as he reflects back on a past love.","Scott Eastwood, Britt Robertson, Alan Alda, Jack Huston",George Tillman Jr.,7.1,#2a2a1a,123
509,The imposible,2012,"Drama,Thriller",The story of a tourist family in Thailand caught in the destruction and chaotic aftermath of the 2004 Indian Ocean tsunami.,"Naomi Watts, Ewan McGregor, Tom Holland, Oaklee Pendergast",J.A. Bayona,7.6,#1a1a3a,114
510,Kick-Ass 2,2013,"Action,Comedy,Crime","Following Kick-Ass' heroics, other citizens are inspired to become masked crusaders. But the Red Mist leads his own group of evil supervillains to kill Kick-Ass and destroy everything for which he stands.","Aaron Taylor-Johnson, Chloë Grace Moretz,Christopher Mintz-Plasse, Jim Carrey",Jeff Wadlow,6.6,#4a1a1a,103
511,Folk Hero & Funny Guy,2016,Comedy,A successful singer-songwriter hatches a plan to help his friend's struggling comedy career and broken love life by hiring him as his opening act on his solo tour.,"Alex Karpovsky, Wyatt Russell, Meredith Hagner,Melanie Lynskey",Jeff Grace,5.6,#2a2a1a,88
512,Oz the Great and Powerful,2013,"Adventure,Family,Fantasy","A frustrated circus magician from Kansas is transported to a magical land called Oz, where he will have to fulfill a prophecy to become the king, and release the land from the Wicked Witches using his great (but fake) powers.","James Franco, Michelle Williams, Rachel Weisz, Mila Kunis",Sam Raimi,6.3,#533483,130
513,Brooklyn,2015,"Drama,Romance","An Irish immigrant lands in 1950s Brooklyn, where she quickly falls into a romance with a local. When her past catches up with her, however, she must choose between two countries and the lives that exist within.","Saoirse Ronan, Emory Cohen, Domhnall Gleeson,Jim Broadbent",John Crowley,7.5,#1a1a2e,117
514,Blue Valentine,2010,"Drama,Romance","The relationship of a contemporary married couple, charting their evolution over a span of years by cross-cutting between time periods.","Ryan Gosling, Michelle Williams, John Doman,Faith Wladyka",Derek Cianfrance,7.4,#533483,112
515,The Thinning,2016,Thriller,"""The Thinning"" takes place in a post-apocalyptic future where population control is dictated by a high-school aptitude test. When two students (Logan Paul and Peyton List) discover the test... See full summary »","Logan Paul, Peyton List, Lia Marie Johnson,Calum Worthy",Michael J. Gallagher,6.0,#2a2a1a,81
516,Silent Hill,2006,"Adventure,Horror,Mystery","A woman, Rose, goes in search for her adopted daughter within the confines of a strange, desolate town called Silent Hill.","Radha Mitchell, Laurie Holden, Sean Bean,Deborah Kara Unger",Christophe Gans,6.6,#1a1a1a,125
517,Dredd,2012,"Action,Sci-Fi","In a violent, futuristic city where the police have the authority to act as judge, jury and executioner, a cop teams with a trainee to take down a gang that deals the reality-altering drug, SLO-MO.","Karl Urban, Olivia Thirlby, Lena Headey, Rachel Wood",Pete Travis,7.1,#1a1a1a,95
518,Hunt for the Wilderpeople,2016,"Adventure,Comedy,Drama",A national manhunt is ordered for a rebellious kid and his foster uncle who go missing in the wild New Zealand bush.,"Sam Neill, Julian Dennison, Rima Te Wiata, Rachel House",Taika Waititi,7.9,#1a3a4a,101
519,Big Hero 6,2014,"Animation,Action,Adventure","The special bond that develops between plus-sized inflatable robot Baymax, and prodigy Hiro Hamada, who team up with a group of friends to form a band of high-tech heroes.","Ryan Potter, Scott Adsit, Jamie Chung,T.J. Miller",Don Hall,7.8,#533483,102
520,Carrie,2013,"Drama,Horror","A shy girl, outcasted by her peers and sheltered by her religious mother, unleashes telekinetic terror on her small town after being pushed too far at her senior prom.","Chloë Grace Moretz, Julianne Moore, Gabriella Wilde, Portia Doubleday",Kimberly Peirce,5.9,#4a3a1a,100
521,Iron Man 2,2010,"Action,Adventure,Sci-Fi","With the world now aware of his identity as Iron Man, Tony Stark must contend with both his declining health and a vengeful mad man with ties to his father's legacy.","Robert Downey Jr., Mickey Rourke, Gwyneth Paltrow,Don Cheadle",Jon Favreau,7.0,#1a2a1a,124
522,Demolition,2015,"Comedy,Drama","A successful investment banker struggles after losing his wife in a tragic car crash. With the help of a customer service rep and her young son, he starts to rebuild, beginning with the demolition of the life he once knew.","Jake Gyllenhaal, Naomi Watts, Chris Cooper,Judah Lewis",Jean-Marc Vallée,7.0,#1a1a2e,101
523,Pandorum,2009,"Action,Horror,Mystery",A pair of crew members aboard a spaceship wake up with no knowledge of their mission or their identities.,"Dennis Quaid, Ben Foster, Cam Gigandet, Antje Traue",Christian Alvart,6.8,#4a4a1a,108
524,Olympus Has Fallen,2013,"Action,Thriller","Disgraced Secret Service agent (and former presidential guard) Mike Banning finds himself trapped inside the White House in the wake of a terrorist attack; using his inside knowledge, Banning works with national security to rescue the President from his kidnappers.","Gerard Butler, Aaron Eckhart, Morgan Freeman,Angela Bassett",Antoine Fuqua,6.5,#1a2a1a,119
525,I Am Number Four,2011,"Action,Adventure,Sci-Fi","Aliens and their Guardians are hiding on Earth from intergalactic bounty hunters. They can only be killed in numerical order, and Number Four is next on the list. This is his story.","Alex Pettyfer, Timothy Olyphant, Dianna Agron, Teresa Palmer",D.J. Caruso,6.1,#1a2a1a,109
526,Jagten,2012,Drama,"A teacher lives a lonely life, all the while struggling over his son's custody. His life slowly gets better as he finds love and receives good news from his son, but his new luck is about to be brutally shattered by an innocent little lie.","Mads Mikkelsen, Thomas Bo Larsen, Annika Wedderkopp, Lasse Fogelstrøm",Thomas Vinterberg,8.3,#1a1a1a,115
527,The Proposal,2009,"Comedy,Drama,Romance",A pushy boss forces her young assistant to marry her in order to keep her visa status in the U.S. and avoid deportation to Canada.,"Sandra Bullock, Ryan Reynolds, Mary Steenburgen,Craig T. Nelson",Anne Fletcher,6.7,#1a3a4a,108
528,Get Hard,2015,"Comedy,Crime","When millionaire James King is jailed for fraud and bound for San Quentin, he turns to Darnell Lewis to prep him to go behind bars.","Will Ferrell, Kevin Hart, Alison Brie, T.I.",Etan Cohen,6.0,#4a4a1a,100
529,Just Go with It,2011,"Comedy,Romance","On a weekend trip to Hawaii, a plastic surgeon convinces his loyal assistant to pose as his soon-to-be-divorced wife in order to cover up a careless lie he told to his much-younger girlfriend.","Adam Sandler, Jennifer Aniston, Brooklyn Decker,Nicole Kidman",Dennis Dugan,6.4,#1a4a1a,117
530,Revolutionary Road,2008,"Drama,Romance",A young couple living in a Connecticut suburb during the mid-1950s struggle to come to terms with their personal problems while trying to raise their two children.,"Leonardo DiCaprio, Kate Winslet, Christopher Fitzgerald, Jonathan Roumie",Sam Mendes,7.3,#1a4a1a,119
531,The Town,2010,"Crime,Drama,Thriller","As he plans his next job, a longtime thief tries to balance his feelings for a bank manager connected to one of his earlier heists, as well as the FBI agent looking to bring him and his crew down.","Ben Affleck, Rebecca Hall, Jon Hamm, Jeremy Renner",Ben Affleck,7.6,#3a4a1a,125
532,The Boy,2016,"Horror,Mystery,Thriller","An American nanny is shocked that her new English family's boy is actually a life-sized doll. After she violates a list of strict rules, disturbing events make her believe that the doll is really alive.","Lauren Cohan, Rupert Evans, James Russell, Jim Norton",William Brent Bell,6.0,#2a2a1a,97
533,Denial,2016,"Biography,Drama","Acclaimed writer and historian Deborah E. Lipstadt must battle for historical truth to prove the Holocaust actually occurred when David Irving, a renowned denier, sues her for libel.","Rachel Weisz, Tom Wilkinson, Timothy Spall, Andrew Scott",Mick Jackson,6.6,#3a4a1a,109
534,Predestination,2014,"Drama,Mystery,Sci-Fi","For his final assignment, a top temporal agent must pursue the one criminal that has eluded him throughout time. The chase turns into a unique, surprising and mind-bending exploration of love, fate, identity and time travel taboos.","Ethan Hawke, Sarah Snook, Noah Taylor, Madeleine West",Michael Spierig,7.5,#1a3a4a,97
535,Goosebumps,2015,"Adventure,Comedy,Family","A teenager teams up with the daughter of young adult horror author R. L. Stine after the writer's imaginary demons are set free on the town of Madison, Delaware.","Jack Black, Dylan Minnette, Odeya Rush, Ryan Lee",Rob Letterman,6.3,#1a1a1a,103
536,Sherlock Holmes: A Game of Shadows,2011,"Action,Adventure,Crime","Sherlock Holmes and his sidekick Dr. Watson join forces to outwit and bring down their fiercest adversary, Professor Moriarty.","Robert Downey Jr., Jude Law, Jared Harris, Rachel McAdams",Guy Ritchie,7.5,#2a2a1a,129
537,Salt,2010,"Action,Crime,Mystery",A CIA agent goes on the run after a defector accuses her of being a Russian spy.,"Angelina Jolie, Liev Schreiber, Chiwetel Ejiofor, Daniel Olbrychski",Phillip Noyce,6.4,#533483,100
538,Enemy,2013,"Mystery,Thriller",A man seeks out his exact look-alike after spotting him in a movie.,"Jake Gyllenhaal, Mélanie Laurent, Sarah Gadon,Isabella Rossellini",Denis Villeneuve,6.9,#1a1a3a,91
539,District 9,2009,"Action,Sci-Fi,Thriller",An extraterrestrial race forced to live in slum-like conditions on Earth suddenly finds a kindred spirit in a government agent who is exposed to their biotechnology.,"Sharlto Copley, David James, Jason Cope, Nathalie Boltt",Neill Blomkamp,8.0,#2d4a22,112
540,The Other Guys,2010,"Action,Comedy,Crime",Two mismatched New York City detectives seize an opportunity to step up like the city's top cops whom they idolize -- only things don't quite go as planned.,"Will Ferrell, Mark Wahlberg, Derek Jeter, Eva Mendes",Adam McKay,6.7,#1a3a1a,107
541,American Gangster,2007,"Biography,Crime,Drama","In 1970s America, a detective works to bring down the drug empire of Frank Lucas, a heroin kingpin from Manhattan, who is smuggling the drug into the country from the Far East.","Denzel Washington, Russell Crowe, Chiwetel Ejiofor,Josh Brolin",Ridley Scott,7.8,#2a2a1a,157
542,Marie Antoinette,2006,"Biography,Drama,History","The retelling of France's iconic but ill-fated queen, Marie Antoinette. From her betrothal and marriage to Louis XVI at 15 to her reign as queen at 19 and to the end of her reign as queen, and ultimately the fall of Versailles.","Kirsten Dunst, Jason Schwartzman, Rip Torn, Judy Davis",Sofia Coppola,6.4,#0f3460,123
543,2012,2009,"Action,Adventure,Sci-Fi",A frustrated writer struggles to keep his family alive when a series of global catastrophes threatens to annihilate mankind.,"John Cusack, Thandie Newton, Chiwetel Ejiofor,Amanda Peet",Roland Emmerich,5.8,#3a4a1a,158
544,Harry Potter and the Half-Blood Prince,2009,"Adventure,Family,Fantasy","As Harry Potter begins his sixth year at Hogwarts, he discovers an old book marked as ""the property of the Half-Blood Prince"" and begins to learn more about Lord Voldemort's dark past.","Daniel Radcliffe, Emma Watson, Rupert Grint, Michael Gambon",David Yates,7.5,#0f3460,153
545,Argo,2012,"Biography,Drama,History","Acting under the cover of a Hollywood producer scouting a location for a science fiction film, a CIA agent launches a dangerous operation to rescue six Americans in Tehran during the U.S. hostage crisis in Iran in 1980.","Ben Affleck, Bryan Cranston, John Goodman, Alan Arkin",Ben Affleck,7.7,#533483,120
546,Eddie the Eagle,2016,"Biography,Comedy,Drama","The story of Eddie Edwards, the notoriously tenacious British underdog ski jumper who charmed the world at the 1988 Winter Olympics.","Taron Egerton, Hugh Jackman, Tom Costello, Jo Hartley",Dexter Fletcher,7.4,#1a4a1a,106
547,The Lives of Others,2006,"Drama,Thriller","In 1984 East Berlin, an agent of the secret police, conducting surveillance on a writer and his lover, finds himself becoming increasingly absorbed by their lives.","Ulrich Mühe, Martina Gedeck,Sebastian Koch, Ulrich Tukur",Florian Henckel von Donnersmarck,8.5,#533483,137
548,Pet,2016,"Horror,Thriller","A psychological thriller about a man who bumps into an old crush and subsequently becomes obsessed with her, leading him to hold her captive underneath the animal shelter where he works. ... See full summary »","Dominic Monaghan, Ksenia Solo, Jennette McCurdy,Da'Vone McDonald",Carles Torrens,5.7,#1a3a4a,94
549,Paint It Black,2016,Drama,A young woman attempts to deal with the death of her boyfriend while continuously confronted by his mentally unstable mother.,"Alia Shawkat, Nancy Kwan, Annabelle Attanasio,Alfred Molina",Amber Tamblyn,8.3,#1a4a1a,96
550,Macbeth,2015,"Drama,War","Macbeth, the Thane of Glamis, receives a prophecy from a trio of witches that one day he will become King of Scotland. Consumed by ambition and spurred to action by his wife, Macbeth murders his king and takes the throne for himself.","Michael Fassbender, Marion Cotillard, Jack Madigan,Frank Madigan",Justin Kurzel,6.7,#1a2a1a,113
551,Forgetting Sarah Marshall,2008,"Comedy,Drama,Romance","Devastated Peter takes a Hawaiian vacation in order to deal with the recent break-up with his TV star girlfriend, Sarah. Little does he know, Sarah's traveling to the same resort as her ex - and she's bringing along her new boyfriend.","Kristen Bell, Jason Segel, Paul Rudd, Mila Kunis",Nicholas Stoller,7.2,#1a2a1a,111
552,The Giver,2014,"Drama,Romance,Sci-Fi","In a seemingly perfect community, without war, pain, suffering, differences or choice, a young boy is chosen to learn from an elderly man about the true pain and pleasure of the ""real"" world.","Brenton Thwaites, Jeff Bridges, Meryl Streep, Taylor Swift",Phillip Noyce,6.5,#3a2a1a,97
553,Triple 9,2016,"Action,Crime,Drama",A gang of criminals and corrupt cops plan the murder of a police officer in order to pull off their biggest heist yet across town.,"Casey Affleck, Chiwetel Ejiofor, Anthony Mackie,Aaron Paul",John Hillcoat,6.3,#3a4a1a,115
554,Perfetti sconosciuti,2016,"Comedy,Drama","Seven long-time friends get together for a dinner. When they decide to share with each other the content of every text message, email and phone call they receive, many secrets start to unveil and the equilibrium trembles.","Giuseppe Battiston, Anna Foglietta, Marco Giallini,Edoardo Leo",Paolo Genovese,7.7,#1a3a1a,97
555,Angry Birds,2016,"Animation,Action,Adventure","Find out why the birds are so angry. When an island populated by happy, flightless birds is visited by mysterious green piggies, it's up to three unlikely outcasts - Red, Chuck and Bomb - to figure out what the pigs are up to.","Jason Sudeikis, Josh Gad, Danny McBride, Maya Rudolph",Clay Kaytis,6.3,#2d4a22,97
556,Moonrise Kingdom,2012,"Adventure,Comedy,Drama","A pair of young lovers flee their New England town, which causes a local search party to fan out to find them.","Jared Gilman, Kara Hayward, Bruce Willis, Bill Murray",Wes Anderson,7.8,#1a4a1a,94
557,Hairspray,2007,"Comedy,Drama,Family",Pleasantly plump teenager Tracy Turnblad teaches 1962 Baltimore a thing or two about integration after landing a spot on a local TV dance show.,"John Travolta, Queen Latifah, Nikki Blonsky,Michelle Pfeiffer",Adam Shankman,6.7,#4a4a1a,117
558,Safe Haven,2013,"Drama,Romance,Thriller","A young woman with a mysterious past lands in Southport, North Carolina where her bond with a widower forces her to confront the dark secret that haunts her.","Julianne Hough, Josh Duhamel, Cobie Smulders,David Lyons",Lasse Hallström,6.7,#e94560,115
559,Focus,2015,"Comedy,Crime,Drama","In the midst of veteran con man Nicky's latest scheme, a woman from his past - now an accomplished femme fatale - shows up and throws his plans for a loop.","Will Smith, Margot Robbie, Rodrigo Santoro, Adrian Martinez",Glenn Ficarra,6.6,#2d4a22,105
560,Stake Land,2010,"Drama,Horror,Sci-Fi",Martin was a normal teenage boy before the country collapsed in an empty pit of economic and political disaster. A vampire epidemic has swept across what is left of the nation's abandoned ... See full summary »,"Connor Paolo, Nick Damici, Kelly McGillis, Gregory Jones",Jim Mickle,6.5,#1a2a1a,98
561,The Book of Eli,2010,"Action,Adventure,Drama","A post-apocalyptic tale, in which a lone man fights his way across America in order to protect a sacred book that holds the secrets to saving humankind.","Denzel Washington, Mila Kunis, Ray Stevenson, Gary Oldman",Albert Hughes,6.9,#2d4a22,118
562,Cloverfield,2008,"Action,Horror,Sci-Fi",A group of friends venture deep into the streets of New York on a rescue mission during a rampaging monster attack.,"Mike Vogel, Jessica Lucas, Lizzy Caplan, T.J. Miller",Matt Reeves,7.0,#16213e,85
563,Point Break,2015,"Action,Crime,Sport","A young FBI agent infiltrates an extraordinary team of extreme sports athletes he suspects of masterminding a string of unprecedented, sophisticated corporate heists.","Edgar Ramírez, Luke Bracey, Ray Winstone, Teresa Palmer",Ericson Core,5.3,#1a4a1a,114
564,Under the Skin,2013,"Drama,Horror,Sci-Fi","A mysterious young woman seduces lonely men in the evening hours in Scotland. However, events lead her to begin a process of self-discovery.","Scarlett Johansson, Jeremy McWilliams, Lynsey Taylor Mackay, Dougie McConnell",Jonathan Glazer,6.3,#1a1a1a,108
565,I Am Legend,2007,"Drama,Horror,Sci-Fi","Years after a plague kills most of humanity and transforms the rest into monsters, the sole survivor in New York City struggles valiantly to find a cure.","Will Smith, Alice Braga, Charlie Tahan, Salli Richardson-Whitfield",Francis Lawrence,7.2,#0f3460,101
566,Men in Black 3,2012,"Action,Adventure,Comedy",Agent J travels in time to M.I.B.'s early days in 1969 to stop an alien from assassinating his friend Agent K and changing history.,"Will Smith, Tommy Lee Jones, Josh Brolin,Jemaine Clement",Barry Sonnenfeld,6.8,#2d4a22,106
567,Super 8,2011,"Mystery,Sci-Fi,Thriller","During the summer of 1979, a group of friends witness a train crash and investigate subsequent unexplained events in their small town.","Elle Fanning, AJ Michalka, Kyle Chandler, Joel Courtney",J.J. Abrams,7.1,#1a2a1a,112
568,Law Abiding Citizen,2009,"Crime,Drama,Thriller",A frustrated man decides to take justice into his own hands after a plea bargain sets one of his family's killers free. He targets not only the killer but also the district attorney and others involved in the deal.,"Gerard Butler, Jamie Foxx, Leslie Bibb, Colm Meaney",F. Gary Gray,7.4,#1a1a2e,109
569,Maze Runner: The Scorch Trials,2015,"Action,Sci-Fi,Thriller","After having escaped the Maze, the Gladers now face a new set of challenges on the open roads of a desolate landscape filled with unimaginable obstacles.","Dylan O'Brien, Kaya Scodelario, Thomas Brodie-Sangster,Giancarlo Esposito",Wes Ball,6.3,#4a1a4a,131
570,Carol,2015,"Drama,Romance",An aspiring photographer develops an intimate relationship with an older woman in 1950s New York.,"Cate Blanchett, Rooney Mara, Sarah Paulson, Kyle Chandler",Todd Haynes,7.2,#1a3a4a,118
571,Imperium,2016,"Crime,Drama,Thriller","A young FBI agent, eager to prove himself in the field, goes undercover as a white supremacist.","Daniel Radcliffe, Toni Collette, Tracy Letts, Sam Trammell",Daniel Ragussis,6.5,#4a4a1a,109
572,Youth,2015,"Comedy,Drama,Music",A retired orchestra conductor is on holiday with his daughter and his film director best friend in the Alps when he receives an invitation from Queen Elizabeth II to perform for Prince Philip's birthday.,"Michael Caine, Harvey Keitel, Rachel Weisz, Jane Fonda",Paolo Sorrentino,7.3,#1a3a1a,124
573,Mr. Nobody,2009,"Drama,Fantasy,Romance","A boy stands on a station platform as a train is about to leave. Should he go with his mother or stay with his father? Infinite possibilities arise from this decision. As long as he doesn't choose, anything is possible.","Jared Leto, Sarah Polley, Diane Kruger, Linh Dan Pham",Jaco Van Dormael,7.9,#533483,141
574,City of Tiny Lights,2016,"Crime,Drama,Thriller","In the teeming, multicultural metropolis of modern-day London, a seemingly straightforward missing-person case launches a down-at-heel private eye into a dangerous world of religious fanaticism and political intrigue.","Riz Ahmed, Billie Piper, James Floyd, Cush Jumbo",Pete Travis,5.7,#1a1a2e,110
575,Savages,2012,"Crime,Drama,Thriller",Pot growers Ben and Chon face off against the Mexican drug cartel who kidnapped their shared girlfriend.,"Aaron Taylor-Johnson, Taylor Kitsch, Blake Lively,Benicio Del Toro",Oliver Stone,6.5,#1a1a1a,131
576,(500) Days of Summer,2009,"Comedy,Drama,Romance","An offbeat romantic comedy about a woman who doesn't believe true love exists, and the young man who falls for her.","Zooey Deschanel, Joseph Gordon-Levitt, Geoffrey Arend, Chloë Grace Moretz",Marc Webb,7.7,#2d4a22,95
577,Movie 43,2013,"Comedy,Romance",A series of interconnected short films follows a washed-up producer as he pitches insane story lines featuring some of the biggest stars in Hollywood.,"Emma Stone, Stephen Merchant, Richard Gere, Liev Schreiber",Elizabeth Banks,4.3,#1a3a1a,94
578,The Boy in the Striped Pyjamas,2008,"Drama,War","Set during WWII, a story seen through the innocent eyes of Bruno, the eight-year-old son of the commandant at a German concentration camp, whose forbidden friendship with a Jewish boy on the other side of the camp fence has startling and unexpected consequences.","Asa Butterfield, David Thewlis, Rupert Friend, Zac Mattoon O'Brien",Mark Herman,7.8,#1a3a4a,94
579,Shooter,2007,"Action,Crime,Drama","A marksman living in exile is coaxed back into action after learning of a plot to kill the President. Ultimately double-crossed and framed for the attempt, he goes on the run to find the real killer and the reason he was set up.","Mark Wahlberg, Michael Peña, Rhona Mitra, Danny Glover",Antoine Fuqua,7.2,#2a2a1a,124
580,The Happening,2008,"Sci-Fi,Thriller","A science teacher, his wife, and a young girl struggle to survive a plague that causes those infected to commit suicide.","Mark Wahlberg, Zooey Deschanel, John Leguizamo, Ashlyn Sanchez",M. Night Shyamalan,5.0,#533483,91
581,Bone Tomahawk,2015,"Adventure,Drama,Horror",Four men set out in the Wild West to rescue a group of captives from cannibalistic cave dwellers.,"Kurt Russell, Patrick Wilson, Matthew Fox, Richard Jenkins",S. Craig Zahler,7.1,#0f3460,132
582,Magic Mike XXL,2015,"Comedy,Drama,Music","Three years after Mike bowed out of the stripper life at the top of his game, he and the remaining Kings of Tampa hit the road to Myrtle Beach to put on one last blow-out performance.","Channing Tatum, Joe Manganiello, Matt Bomer,Adam Rodriguez",Gregory Jacobs,5.7,#4a1a4a,115
583,Easy A,2010,"Comedy,Drama,Romance",A clean-cut high school student relies on the school's rumor mill to advance her social and financial standing.,"Emma Stone, Amanda Bynes, Penn Badgley, Dan Byrd",Will Gluck,7.1,#4a4a1a,92
584,Exodus: Gods and Kings,2014,"Action,Adventure,Drama","The defiant leader Moses rises up against the Egyptian Pharaoh Ramses, setting 600,000 slaves on a monumental journey of escape from Egypt and its terrifying cycle of deadly plagues.","Christian Bale, Joel Edgerton, Ben Kingsley, Sigourney Weaver",Ridley Scott,6.0,#4a4a1a,150
585,Chappie,2015,"Action,Crime,Drama","In the near future, crime is patrolled by a mechanized police force. When one police droid, Chappie, is stolen and given new programming, he becomes the first robot with the ability to think and feel for himself.","Sharlto Copley, Dev Patel, Hugh Jackman,Sigourney Weaver",Neill Blomkamp,6.9,#0f3460,120
586,The Hobbit: The Desolation of Smaug,2013,"Adventure,Fantasy","The dwarves, along with Bilbo Baggins and Gandalf the Grey, continue their quest to reclaim Erebor, their homeland, from Smaug. Bilbo Baggins is in possession of a mysterious and magical ring.","Ian McKellen, Martin Freeman, Richard Armitage,Ken Stott",Peter Jackson,7.9,#4a3a1a,161
587,Half of a Yellow Sun,2013,"Drama,Romance","Sisters Olanna and Kainene return home to 1960s Nigeria, where they soon diverge on different paths. As civil war breaks out, political events loom larger than their differences as they join the fight to establish an independent republic.","Chiwetel Ejiofor, Thandie Newton, Anika Noni Rose,Joseph Mawle",Biyi Bandele,6.2,#1a1a3a,111
588,Anthropoid,2016,"Biography,History,Thriller","Based on the extraordinary true story of Operation Anthropoid, the WWII mission to assassinate SS General Reinhard Heydrich, the main architect behind the Final Solution and the Reich's third in command after Hitler and Himmler.","Jamie Dornan, Cillian Murphy, Brian Caspe, Karel Hermánek Jr.",Sean Ellis,7.2,#4a4a1a,120
589,The Counselor,2013,"Crime,Drama,Thriller",A lawyer finds himself in over his head when he gets involved in drug trafficking.,"Michael Fassbender, Penélope Cruz, Cameron Diaz,Javier Bardem",Ridley Scott,5.3,#1a3a4a,117
590,Viking,2016,"Action,Drama,History","Kievan Rus, late 10th century. After the death of his father, the young Viking prince Vladimir of Novgorod is forced into exile across the frozen sea.","Anton Adasinsky, Aleksandr Armer, Vilen Babichev, Rostislav Bershauer",Andrey Kravchuk,4.7,#1a3a1a,133
591,Whiskey Tango Foxtrot,2016,"Biography,Comedy,Drama",A journalist recounts her wartime coverage in Afghanistan.,"Tina Fey, Margot Robbie, Martin Freeman, Alfred Molina",Glenn Ficarra,6.6,#533483,112
592,Trust,2010,"Crime,Drama,Thriller",A teenage girl is targeted by an online sexual predator.,"Clive Owen, Catherine Keener, Liana Liberato,Jason Clarke",David Schwimmer,7.0,#533483,106
593,Birth of the Dragon,2016,"Action,Biography,Drama","Young, up-and-coming martial artist, Bruce Lee, challenges legendary kung fu master Wong Jack Man to a no-holds-barred fight in Northern California.","Billy Magnussen, Terry Chen, Teresa Navarro,Vanessa Ross",George Nolfi,3.9,#1a4a1a,103
594,Elysium,2013,"Action,Drama,Sci-Fi","In the year 2154, the very wealthy live on a man-made space station while the rest of the population resides on a ruined Earth. A man takes on a mission that could bring equality to the polarized worlds.","Matt Damon, Jodie Foster, Sharlto Copley, Alice Braga",Neill Blomkamp,6.6,#1a3a4a,109
595,The Green Inferno,2013,"Adventure,Horror","A group of student activists travels to the Amazon to save the rain forest and soon discover that they are not alone, and that no good deed goes unpunished.","Lorenza Izzo, Ariel Levy, Aaron Burns, Kirby Bliss Blanton",Eli Roth,5.4,#4a4a1a,100
596,Godzilla,2014,"Action,Adventure,Sci-Fi","The world is beset by the appearance of monstrous creatures, but one of them may be the only one who can save humanity.","Aaron Taylor-Johnson, Elizabeth Olsen, Bryan Cranston, Ken Watanabe",Gareth Edwards,6.4,#4a4a1a,123
597,The Bourne Legacy,2012,"Action,Adventure,Mystery","An expansion of the universe from Robert Ludlum's novels, centered on a new hero whose stakes have been triggered by the events of the previous three films.","Jeremy Renner, Rachel Weisz, Edward Norton, Scott Glenn",Tony Gilroy,6.7,#1a2a1a,135
598,A Good Year,2006,"Comedy,Drama,Romance","A British investment broker inherits his uncle's chateau and vineyard in Provence, where he spent much of his childhood. He discovers a new laid-back lifestyle as he tries to renovate the estate to be sold.","Russell Crowe, Abbie Cornish, Albert Finney, Marion Cotillard",Ridley Scott,6.9,#1a1a2e,117
599,Friend Request,2016,"Horror,Thriller","When a college student unfriends a mysterious girl online, she finds herself fighting a demonic presence that wants to make her lonely by killing her closest friends.","Alycia Debnam-Carey, William Moseley, Connor Paolo, Brit Morgan",Simon Verhoeven,5.4,#3a4a1a,92
600,Deja Vu,2006,"Action,Sci-Fi,Thriller","After a ferry is bombed in New Orleans, an A.T.F. agent joins a unique investigation using experimental surveillance technology to find the bomber, but soon finds himself becoming obsessed with one of the victims.","Denzel Washington, Paula Patton, Jim Caviezel, Val Kilmer",Tony Scott,7.0,#533483,126
601,Lucy,2014,"Action,Sci-Fi,Thriller","A woman, accidentally caught in a dark deal, turns the tables on her captors and transforms into a merciless warrior evolved beyond human logic.","Scarlett Johansson, Morgan Freeman, Min-sik Choi,Amr Waked",Luc Besson,6.4,#0f3460,89
602,A Quiet Passion,2016,"Biography,Drama","The story of American poet Emily Dickinson from her early days as a young schoolgirl to her later years as a reclusive, unrecognized artist.","Cynthia Nixon, Jennifer Ehle, Duncan Duff, Keith Carradine",Terence Davies,7.2,#1a2a1a,125
603,Need for Speed,2014,"Action,Crime,Drama","Fresh from prison, a street racer who was framed by a wealthy business associate joins a cross country race with revenge in mind. His ex-partner, learning of the plan, places a massive bounty on his head as the race begins.","Aaron Paul, Dominic Cooper, Imogen Poots, Scott Mescudi",Scott Waugh,6.5,#2a2a1a,132
604,Jack Reacher,2012,"Action,Crime,Mystery",A homicide investigator digs deeper into a case involving a trained military sniper who shot five random victims.,"Tom Cruise, Rosamund Pike, Richard Jenkins, Werner Herzog",Christopher McQuarrie,7.0,#0f3460,130
605,The Do-Over,2016,"Action,Adventure,Comedy","Two down-on-their-luck guys decide to fake their own deaths and start over with new identities, only to find the people they're pretending to be are in even deeper trouble.","Adam Sandler, David Spade, Paula Patton, Kathryn Hahn",Steven Brill,5.7,#533483,108
606,True Crimes,2016,"Crime,Drama,Thriller","A murder investigation of a slain business man turns to clues found in an author's book about an eerily similar crime. Based on the 2008 article ""True Crimes - A postmodern murder mystery"" by David Grann.","Jim Carrey, Charlotte Gainsbourg, Marton Csokas, Kati Outinen",Alexandros Avranas,7.3,#0f3460,92
607,American Pastoral,2016,"Crime,Drama",An All-American college star and his beauty queen wife watch their seemingly perfect life fall apart as their daughter joins the turmoil of '60s America.,"Ewan McGregor, Jennifer Connelly, Dakota Fanning, Peter Riegert",Ewan McGregor,6.1,#3a2a1a,108
608,The Ghost Writer,2010,"Mystery,Thriller",A ghostwriter hired to complete the memoirs of a former British prime minister uncovers secrets that put his own life in jeopardy.,"Ewan McGregor, Pierce Brosnan, Olivia Williams,Jon Bernthal",Roman Polanski,7.2,#4a1a4a,128
609,Limitless,2011,"Mystery,Sci-Fi,Thriller","With the help of a mysterious pill that enables the user to access 100 percent of his brain abilities, a struggling writer becomes a financial wizard, but it also puts him in a new world with lots of dangers.","Bradley Cooper, Anna Friel, Abbie Cornish, Robert De Niro",Neil Burger,7.4,#1a1a3a,105
610,Spectral,2016,"Action,Mystery,Sci-Fi",A sci-fi/thriller story centered on a special-ops team that is dispatched to fight supernatural beings.,"James Badge Dale, Emily Mortimer, Bruce Greenwood,Max Martini",Nic Mathieu,6.3,#e94560,107
611,P.S. I Love You,2007,"Drama,Romance",A young widow discovers that her late husband has left her 10 messages intended to help ease her pain and start a new life.,"Hilary Swank, Gerard Butler, Harry Connick Jr., Lisa Kudrow",Richard LaGravenese,7.1,#1a1a2e,126
612,Zipper,2015,"Drama,Thriller",A successful family man with a blossoming political career loses all sense of morality when he becomes addicted to using an escort agency.,"Patrick Wilson, Lena Headey, Ray Winstone,Richard Dreyfuss",Mora Stephens,5.7,#4a4a1a,103
613,Midnight Special,2016,"Drama,Mystery,Sci-Fi","A father and son go on the run, pursued by the government and a cult drawn to the child's special powers.","Michael Shannon, Joel Edgerton, Kirsten Dunst, Adam Driver",Jeff Nichols,6.7,#1a1a3a,112
614,Don't Think Twice,2016,"Comedy,Drama","When a member of a popular New York City improv troupe gets a huge break, the rest of the group - all best friends - start to realize that not everyone is going to make it after all.","Keegan-Michael Key, Gillian Jacobs, Mike Birbiglia,Chris Gethard",Mike Birbiglia,6.8,#2a2a1a,92
615,Alice in Wonderland,2010,"Adventure,Family,Fantasy","Nineteen-year-old Alice returns to the magical world from her childhood adventure, where she reunites with her old friends and learns of her true destiny: to end the Red Queen's reign of terror.","Mia Wasikowska, Johnny Depp, Helena Bonham Carter,Anne Hathaway",Tim Burton,6.5,#2d4a22,108
616,Chuck,2016,"Biography,Drama,Sport",A drama inspired by the life of heavyweight boxer Chuck Wepner.,"Elisabeth Moss, Naomi Watts, Ron Perlman, Liev Schreiber",Philippe Falardeau,6.8,#1a2a1a,98
617,"I, Daniel Blake",2016,Drama,"After having suffered a heart-attack, a 59-year-old carpenter must fight the bureaucratic forces of the system in order to receive Employment and Support Allowance.","Dave Johns, Hayley Squires, Sharon Percy, Briana Shann",Ken Loach,7.9,#e94560,100
618,The Break-Up,2006,"Comedy,Drama,Romance","In a bid to keep their luxurious condo from their significant other, a couple's break-up proceeds to get uglier and nastier by the moment.","Jennifer Aniston, Vince Vaughn, Jon Favreau, Joey Lauren Adams",Peyton Reed,5.8,#e94560,106
619,Loving,2016,"Biography,Drama,Romance","The story of Richard and Mildred Loving, a couple whose arrest for interracial marriage in 1960s Virginia began a legal battle that would end with the Supreme Court's historic 1967 decision.","Ruth Negga, Joel Edgerton, Will Dalton, Dean Mumford",Jeff Nichols,7.1,#533483,123
620,Fantastic Four,2015,"Action,Adventure,Sci-Fi",Four young outsiders teleport to an alternate and dangerous universe which alters their physical form in shocking ways. The four must learn to harness their new abilities and work together to save Earth from a former friend turned enemy.,"Miles Teller, Kate Mara, Michael B. Jordan, Jamie Bell",Josh Trank,4.3,#4a4a1a,100
621,The Survivalist,2015,"Drama,Sci-Fi,Thriller","In a time of starvation, a survivalist lives off a small plot of land hidden deep in forest. When two women seeking food and shelter discover his farm, he finds his existence threatened.","Mia Goth, Martin McCann, Barry Ward, Andrew Simpson",Stephen Fingleton,6.3,#4a1a4a,104
622,Colonia,2015,"Drama,Romance,Thriller","A young woman's desperate search for her abducted boyfriend that draws her into the infamous Colonia Dignidad, a sect nobody has ever escaped from.","Emma Watson, Daniel Brühl, Michael Nyqvist,Richenda Carey",Florian Gallenberger,7.1,#0f3460,106
623,The Boy Next Door,2015,"Mystery,Thriller","A woman, separated from her unfaithful husband, falls for a younger man who has moved in next door, but their torrid affair soon takes a dangerous turn.","Jennifer Lopez, Ryan Guzman, Kristin Chenoweth, John Corbett",Rob Cohen,4.6,#1a1a1a,91
624,The Gift,2015,"Mystery,Thriller",A young married couple's lives are thrown into a harrowing tailspin when an acquaintance from the husband's past brings mysterious gifts and a horrifying secret to light after more than 20 years.,"Jason Bateman, Rebecca Hall, Joel Edgerton, Allison Tolman",Joel Edgerton,7.1,#2a2a1a,108
625,Dracula Untold,2014,"Action,Drama,Fantasy","As his kingdom is being threatened by the Turks, young prince Vlad Tepes must become a monster feared by his own people in order to obtain the power needed to protect his own family, and the families of his kingdom.","Luke Evans, Dominic Cooper, Sarah Gadon, Art Parkinson",Gary Shore,6.3,#0f3460,92
626,In the Heart of the Sea,2015,"Action,Adventure,Biography","A recounting of a New England whaling ship's sinking by a giant whale in 1820, an experience that later inspired the great novel Moby-Dick.","Chris Hemsworth, Cillian Murphy, Brendan Gleeson,Ben Whishaw",Ron Howard,6.9,#1a1a3a,122
627,Idiocracy,2006,"Adventure,Comedy,Sci-Fi","Private Joe Bauers, the definition of ""average American"", is selected by the Pentagon to be the guinea pig for a top-secret hibernation program. Forgotten, he awakes five centuries in the future. He discovers a society so incredibly dumbed down that he's easily the most intelligent person alive.","Luke Wilson, Maya Rudolph, Dax Shepard, Terry Crews",Mike Judge,6.6,#3a2a1a,84
628,The Expendables,2010,"Action,Adventure,Thriller",A CIA operative hires a team of mercenaries to eliminate a Latin dictator and a renegade CIA agent.,"Sylvester Stallone, Jason Statham, Jet Li, Dolph Lundgren",Sylvester Stallone,6.5,#2a2a1a,103
629,Evil Dead,2013,"Fantasy,Horror","Five friends head to a remote cabin, where the discovery of a Book of the Dead leads them to unwittingly summon up demons living in the nearby woods.","Jane Levy, Shiloh Fernandez, Jessica Lucas, Lou Taylor Pucci",Fede Alvarez,6.5,#0f3460,91
630,Sinister,2012,"Horror,Mystery",Washed-up true-crime writer Ellison Oswalt finds a box of super 8 home movies that suggest the murder he is currently researching is the work of a serial killer whose work dates back to the 1960s.,"Ethan Hawke, Juliet Rylance, James Ransone,Fred Dalton Thompson",Scott Derrickson,6.8,#1a2a1a,110
631,Wreck-It Ralph,2012,"Animation,Adventure,Comedy","A video game villain wants to be a hero and sets out to fulfill his dream, but his quest brings havoc to the whole arcade where he lives.","John C. Reilly, Jack McBrayer, Jane Lynch, Sarah Silverman",Rich Moore,7.8,#2a2a1a,101
632,Snow White and the Huntsman,2012,"Action,Adventure,Drama","In a twist to the fairy tale, the Huntsman ordered to take Snow White into the woods to be killed winds up becoming her protector and mentor in a quest to vanquish the Evil Queen.","Kristen Stewart, Chris Hemsworth, Charlize Theron, Sam Claflin",Rupert Sanders,6.1,#e94560,127
633,Pan,2015,"Adventure,Family,Fantasy","12-year-old orphan Peter is spirited away to the magical world of Neverland, where he finds both fun and danger, and ultimately discovers his destiny -- to become the hero who will be forever known as Peter Pan.","Levi Miller, Hugh Jackman, Garrett Hedlund, Rooney Mara",Joe Wright,5.8,#16213e,111
634,Transformers: Dark of the Moon,2011,"Action,Adventure,Sci-Fi","The Autobots learn of a Cybertronian spacecraft hidden on the moon, and race against the Decepticons to reach it and to learn its secrets.","Shia LaBeouf, Rosie Huntington-Whiteley, Tyrese Gibson, Josh Duhamel",Michael Bay,6.3,#1a3a4a,154
635,Juno,2007,"Comedy,Drama","Faced with an unplanned pregnancy, an offbeat young woman makes an unusual decision regarding her unborn child.","Ellen Page, Michael Cera, Jennifer Garner, Jason Bateman",Jason Reitman,7.5,#1a3a4a,96
636,A Hologram for the King,2016,"Comedy,Drama",A failed American sales rep looks to recoup his losses by traveling to Saudi Arabia and selling his company's product to a wealthy monarch.,"Tom Hanks, Sarita Choudhury, Ben Whishaw,Alexander Black",Tom Tykwer,6.1,#0f3460,98
637,Money Monster,2016,"Crime,Drama,Thriller",Financial TV host Lee Gates and his producer Patty are put in an extreme situation when an irate investor takes over their studio.,"George Clooney, Julia Roberts, Jack O'Connell,Dominic West",Jodie Foster,6.5,#4a4a1a,98
638,The Other Woman,2014,"Comedy,Romance","After discovering her boyfriend is married, Carly soon meets the wife he's been betraying. And when yet another love affair is discovered, all three women team up to plot revenge on the three-timing S.O.B.","Cameron Diaz, Leslie Mann, Kate Upton, Nikolaj Coster-Waldau",Nick Cassavetes,6.0,#3a2a1a,109
639,Enchanted,2007,"Animation,Comedy,Family","A young maiden in a land called Andalasia, who is prepared to be wed, is sent away to New York City by an evil queen, where she falls in love with a lawyer.","Amy Adams, Susan Sarandon, James Marsden, Patrick Dempsey",Kevin Lima,7.1,#3a4a1a,107
640,The Intern,2015,"Comedy,Drama","70-year-old widower Ben Whittaker has discovered that retirement isn't all it's cracked up to be. Seizing an opportunity to get back in the game, he becomes a senior intern at an online fashion site, founded and run by Jules Ostin.","Robert De Niro, Anne Hathaway, Rene Russo,Anders Holm",Nancy Meyers,7.1,#1a1a2e,121
641,Little Miss Sunshine,2006,"Comedy,Drama",A family determined to get their young daughter into the finals of a beauty pageant take a cross-country trip in their VW bus.,"Steve Carell, Toni Collette, Greg Kinnear, Abigail Breslin",Jonathan Dayton,7.8,#4a1a4a,101
642,Bleed for This,2016,"Biography,Drama,Sport","The inspirational story of World Champion Boxer Vinny Pazienza who, after a near fatal car crash which left him not knowing if he'd ever walk again, made one of sport's most incredible comebacks.","Miles Teller, Aaron Eckhart, Katey Sagal, Ciarán Hinds",Ben Younger,6.8,#16213e,117
643,Clash of the Titans,2010,"Action,Adventure,Fantasy","Perseus demigod, son of Zeus, battles the minions of the underworld to stop them from conquering heaven and earth.","Sam Worthington, Liam Neeson, Ralph Fiennes,Jason Flemyng",Louis Leterrier,5.8,#16213e,106
644,The Finest Hours,2016,"Action,Drama,History",The Coast Guard makes a daring rescue attempt off the coast of Cape Cod after a pair of oil tankers are destroyed during a blizzard in 1952.,"Chris Pine, Casey Affleck, Ben Foster, Eric Bana",Craig Gillespie,6.8,#4a4a1a,117
645,Tron,2010,"Action,Adventure,Sci-Fi",The son of a virtual world designer goes looking for his father and ends up inside the digital world that his father designed. He meets his father's corrupted creation and a unique ally who was born inside the digital world.,"Jeff Bridges, Garrett Hedlund, Olivia Wilde, Bruce Boxleitner",Joseph Kosinski,6.8,#3a2a1a,125
646,The Hunger Games: Catching Fire,2013,"Action,Adventure,Mystery",Katniss Everdeen and Peeta Mellark become targets of the Capitol after their victory in the 74th Hunger Games sparks a rebellion in the Districts of Panem.,"Jennifer Lawrence, Josh Hutcherson, Liam Hemsworth, Philip Seymour Hoffman",Francis Lawrence,7.6,#4a3a1a,146
647,All Good Things,2010,"Crime,Drama,Mystery","Mr. David Marks was suspected but never tried for killing his wife Katie who disappeared in 1982, but the truth is eventually revealed.","Ryan Gosling, Kirsten Dunst, Frank Langella, Lily Rabe",Andrew Jarecki,6.3,#2d4a22,101
648,Kickboxer: Vengeance,2016,Action,A kick boxer is out to avenge his brother.,"Dave Bautista, Alain Moussi, Gina Carano, Jean-Claude Van Damme",John Stockwell,4.9,#1a2a1a,90
649,The Last Airbender,2010,"Action,Adventure,Family","Follows the adventures of Aang, a young successor to a long line of Avatars, who must master all four elements and stop the Fire Nation from enslaving the Water Tribes and the Earth Kingdom.","Noah Ringer, Nicola Peltz, Jackson Rathbone,Dev Patel",M. Night Shyamalan,4.2,#1a3a4a,103
650,Sex Tape,2014,"Comedy,Romance","A married couple wake up to discover that the sex tape they made the evening before has gone missing, leading to a frantic search for its whereabouts.","Jason Segel, Cameron Diaz, Rob Corddry, Ellie Kemper",Jake Kasdan,5.1,#1a1a2e,94
651,What to Expect When You're Expecting,2012,"Comedy,Drama,Romance","Follows the lives of five interconnected couples as they experience the thrills and surprises of having a baby, and realize that no matter what you plan for, life does not always deliver what is expected.","Cameron Diaz, Matthew Morrison, J. Todd Smith, Dennis Quaid",Kirk Jones,5.7,#1a3a1a,110
652,Ghost Rider,2007,"Action,Fantasy,Thriller","Stunt motorcyclist Johnny Blaze gives up his soul to become a hellblazing vigilante, to fight against power hungry Blackheart, the son of the devil himself.","Nicolas Cage, Eva Mendes, Sam Elliott, Matt Long",Mark Steven Johnson,5.2,#533483,114
653,Unbroken,2014,"Biography,Drama,Sport","After a near-fatal plane crash in WWII, Olympian Louis Zamperini spends a harrowing 47 days in a raft with two fellow crewmen before he's caught by the Japanese navy and sent to a prisoner-of-war camp.","Jack O'Connell, Miyavi, Domhnall Gleeson, Garrett Hedlund",Angelina Jolie,7.2,#3a4a1a,137
654,Immortals,2011,"Action,Drama,Fantasy","Theseus is a mortal man chosen by Zeus to lead the fight against the ruthless King Hyperion, who is on a rampage across Greece to obtain a weapon that can destroy humanity.","Henry Cavill, Mickey Rourke, John Hurt, Stephen Dorff",Tarsem Singh,6.0,#4a1a1a,110
655,Sunshine,2007,"Adventure,Sci-Fi,Thriller",A team of international astronauts are sent on a dangerous mission to reignite the dying Sun with a nuclear fission bomb in 2057.,"Cillian Murphy, Rose Byrne, Chris Evans, Michelle Yeoh",Danny Boyle,7.3,#3a4a1a,107
656,Brave,2012,"Animation,Adventure,Comedy","Determined to make her own path in life, Princess Merida defies a custom that brings chaos to her kingdom. Granted one wish, Merida must rely on her bravery and her archery skills to undo a beastly curse.","Kelly Macdonald,Billy Connolly, Emma Thompson, Julie Walters",Mark Andrews,7.2,#4a1a1a,93
657,Män som hatar kvinnor,2009,"Drama,Mystery,Thriller",A journalist is aided in his search for a woman who has been missing -- or dead -- for forty years by a young female hacker.,"Michael Nyqvist, Noomi Rapace, Ewa Fröling,Lena Endre",Niels Arden Oplev,7.8,#3a4a1a,152
658,Adoration,2013,"Drama,Romance",A pair of childhood friends and neighbors fall for each other's sons.,"Naomi Watts, Robin Wright, Xavier Samuel, James Frecheville",Anne Fontaine,6.2,#4a3a1a,112
659,The Drop,2014,"Crime,Drama,Mystery","Bob Saginowski finds himself at the center of a robbery gone awry and entwined in an investigation that digs deep into the neighborhood's past where friends, families, and foes all work together to make a living - no matter the cost.","Tom Hardy, Noomi Rapace, James Gandolfini,Matthias Schoenaerts",Michaël R. Roskam,7.1,#4a3a1a,106
660,She's the Man,2006,"Comedy,Romance,Sport","When her brother decides to ditch for a couple weeks, Viola heads over to his elite boarding school, disguised as him, and proceeds to fall for one of his soccer teammates, and soon learns she's not the only one with romantic troubles.","Amanda Bynes, Laura Ramsey, Channing Tatum,Vinnie Jones",Andy Fickman,6.4,#3a4a1a,105
661,Daddy's Home,2015,"Comedy,Family","Brad Whitaker is a radio host trying to get his stepchildren to love him and call him Dad. But his plans turn upside down when their biological father, Dusty Mayron, returns.","Will Ferrell, Mark Wahlberg, Linda Cardellini, Thomas Haden Church",Sean Anders,6.1,#1a3a4a,96
662,Let Me In,2010,"Drama,Horror,Mystery",A bullied young boy befriends a young female vampire who lives in secrecy with her guardian.,"Kodi Smit-McPhee, Chloë Grace Moretz, Richard Jenkins, Cara Buono",Matt Reeves,7.2,#2d4a22,116
663,Never Back Down,2008,"Action,Drama,Sport",A frustrated and conflicted teenager arrives at a new high school to discover an underground fight club and meet a classmate who begins to coerce him into fighting.,"Sean Faris, Djimon Hounsou, Amber Heard, Cam Gigandet",Jeff Wadlow,6.6,#e94560,110
664,Grimsby,2016,"Action,Adventure,Comedy",A new assignment forces a top spy to team up with his football hooligan brother.,"Sacha Baron Cohen, Mark Strong, Rebel Wilson,Freddie Crowder",Louis Leterrier,6.2,#1a4a1a,83
665,Moon,2009,"Drama,Mystery,Sci-Fi","Astronaut Sam Bell has a quintessentially personal encounter toward the end of his three-year stint on the Moon, where he, working alongside his computer, GERTY, sends back to Earth parcels of a resource that has helped diminish our planet's power problems.","Sam Rockwell, Kevin Spacey, Dominique McElligott,Rosie Shaw",Duncan Jones,7.9,#1a1a3a,97
666,Megamind,2010,"Animation,Action,Comedy","The supervillain Megamind finally defeats his nemesis, the superhero Metro Man. But without a hero, he loses all purpose and must find new meaning to his life.","Will Ferrell, Jonah Hill, Brad Pitt, Tina Fey",Tom McGrath,7.3,#4a4a1a,95
667,Gangster Squad,2013,"Action,Crime,Drama","It's 1949 Los Angeles, the city is run by gangsters and a malicious mobster, Mickey Cohen. Determined to end the corruption, John O'Mara assembles a team of cops, ready to take down the ruthless leader and restore peace to the city.","Sean Penn, Ryan Gosling, Emma Stone, Giovanni Ribisi",Ruben Fleischer,6.7,#3a2a1a,113
668,Blood Father,2016,"Action,Crime,Drama",An ex-con reunites with his estranged wayward 17-year old daughter to protect her from drug dealers who are trying to kill her.,"Mel Gibson, Erin Moriarty, Diego Luna, Michael Parks",Jean-François Richet,6.4,#e94560,88
669,He's Just Not That Into You,2009,"Comedy,Drama,Romance",The Baltimore-set movie of interconnecting story arcs deals with the challenges of reading or misreading human behavior.,"Jennifer Aniston, Jennifer Connelly, Morgan Lily,Trenton Rogers",Ken Kwapis,6.4,#4a1a1a,129
670,Kung Fu Panda 3,2016,"Animation,Action,Adventure","Continuing his ""legendary adventures of awesomeness"", Po must face two hugely epic, but different threats: one supernatural and the other a little closer to his home.","Jack Black, Bryan Cranston, Dustin Hoffman, Angelina Jolie",Alessandro Carloni,7.2,#533483,95
671,The Rise of the Krays,2015,"Crime,Drama",Two brothers unleash a psychotic reign of terror on their journey to build an empire of unprecedented power in the British Mafia.,"Matt Vael, Simon Cotton, Kevin Leslie, Olivia Moyles",Zackary Adler,5.1,#4a3a1a,110
672,Handsome Devil,2016,Drama,Ned and Conor are forced to share a bedroom at their boarding school. The loner and the star athlete at this rugby-mad school form an unlikely friendship until it's tested by the authorities.,"Fionn O'Shea, Nicholas Galitzine, Andrew Scott, Moe Dunford",John Butler,7.4,#1a2a1a,95
673,Winter's Bone,2010,Drama,An unflinching Ozark Mountain girl hacks through dangerous social terrain as she hunts down her drug-dealing father while trying to keep her family intact.,"Jennifer Lawrence, John Hawkes, Garret Dillahunt,Isaiah Stone",Debra Granik,7.2,#2a2a1a,100
674,Horrible Bosses,2011,"Comedy,Crime",Three friends conspire to murder their awful bosses when they realize they are standing in the way of their happiness.,"Jason Bateman, Charlie Day, Jason Sudeikis, Steve Wiebe",Seth Gordon,6.9,#1a2a1a,98
675,Mommy,2014,Drama,"A widowed single mother, raising her violent son alone, finds new hope when a mysterious neighbor inserts herself into their household.","Anne Dorval, Antoine-Olivier Pilon, Suzanne Clément,Patrick Huard",Xavier Dolan,8.1,#2a2a1a,139
676,Hellboy II: The Golden Army,2008,"Action,Adventure,Fantasy","The mythical world starts a rebellion against humanity in order to rule the Earth, so Hellboy and his team must save the world from the rebellious creatures.","Ron Perlman, Selma Blair, Doug Jones, John Alexander",Guillermo del Toro,7.0,#e94560,120
677,Beautiful Creatures,2013,"Drama,Fantasy,Romance","Ethan longs to escape his small Southern town. He meets a mysterious new girl, Lena. Together, they uncover dark secrets about their respective families, their history and their town.","Alice Englert, Viola Davis, Emma Thompson,Alden Ehrenreich",Richard LaGravenese,6.2,#2a2a1a,124
678,Toni Erdmann,2016,"Comedy,Drama",A practical joking father tries to reconnect with his hard working daughter by creating an outrageous alter ego and posing as her CEO's life coach.,"Sandra Hüller, Peter Simonischek, Michael Wittenborn,Thomas Loibl",Maren Ade,7.6,#0f3460,162
679,The Lovely Bones,2009,"Drama,Fantasy,Thriller",Centers on a young girl who has been murdered and watches over her family - and her killer - from purgatory. She must weigh her desire for vengeance against her desire for her family to heal.,"Rachel Weisz, Mark Wahlberg, Saoirse Ronan, Susan Sarandon",Peter Jackson,6.7,#3a2a1a,135
680,The Assassination of Jesse James by the Coward Robert Ford,2007,"Biography,Crime,Drama","Robert Ford, who's idolized Jesse James since childhood, tries hard to join the reforming gang of the Missouri outlaw, but gradually becomes resentful of the bandit leader.","Brad Pitt, Casey Affleck, Sam Shepard, Mary-Louise Parker",Andrew Dominik,7.5,#1a1a2e,160
681,Don Jon,2013,"Comedy,Drama,Romance","A New Jersey guy dedicated to his family, friends, and church, develops unrealistic expectations from watching porn and works to find happiness and intimacy with his potential true love.","Joseph Gordon-Levitt, Scarlett Johansson,Julianne Moore, Tony Danza",Joseph Gordon-Levitt,6.6,#4a1a4a,90
682,Bastille Day,2016,"Action,Crime,Drama",A young con artist and an unruly CIA agent embark on an anti-terrorist mission in France.,"Idris Elba, Richard Madden, Charlotte Le Bon, Kelly Reilly",James Watkins,6.3,#4a3a1a,92
683,2307: Winter's Dream,2016,Sci-Fi,"In 2307, a future soldier is sent on a mission to hunt down the leader of the humanoid rebellion.","Paul Sidhu, Branden Coles, Arielle Holmes, Kelcey Watson",Joey Curtis,4.0,#3a2a1a,101
684,Free State of Jones,2016,"Action,Biography,Drama","A disillusioned Confederate army deserter returns to Mississippi and leads a militia of fellow deserters, runaway slaves, and women in an uprising against the corrupt local Confederate government.","Matthew McConaughey, Gugu Mbatha-Raw, Mahershala Ali, Keri Russell",Gary Ross,6.9,#3a4a1a,139
685,Mr. Right,2015,"Action,Comedy,Romance","A girl falls for the ""perfect"" guy, who happens to have a very fatal flaw: he's a hitman on the run from the crime cartels who employ him.","Anna Kendrick, Sam Rockwell, Tim Roth, James Ransone",Paco Cabezas,6.3,#16213e,95
686,The Secret Life of Walter Mitty,2013,"Adventure,Comedy,Drama","When his job along with that of his co-worker are threatened, Walter takes action in the real world embarking on a global journey that turns into an adventure more extraordinary than anything he could have ever imagined.","Ben Stiller, Kristen Wiig, Jon Daly, Kathryn Hahn",Ben Stiller,7.3,#1a2a1a,114
687,Dope,2015,"Comedy,Crime,Drama","Life changes for Malcolm, a geek who's surviving life in a tough neighborhood, after a chance invitation to an underground party leads him and his friends into a Los Angeles adventure.","Shameik Moore, Tony Revolori, Kiersey Clemons,Kimberly Elise",Rick Famuyiwa,7.3,#0f3460,103
688,Underworld Awakening,2012,"Action,Fantasy,Horror","When human forces discover the existence of the Vampire and Lycan clans, a war to eradicate both species commences. The vampire warrior Selene leads the battle against humankind.","Kate Beckinsale, Michael Ealy, India Eisley, Stephen Rea",Måns Mårlind,6.4,#3a2a1a,88
689,Antichrist,2009,"Drama,Horror","A grieving couple retreat to their cabin in the woods, hoping to repair their broken hearts and troubled marriage. But nature takes its course and things go from bad to worse.","Willem Dafoe, Charlotte Gainsbourg, Storm Acheche Sahlstrøm",Lars von Trier,6.6,#3a4a1a,108
690,Friday the 13th,2009,Horror,"A group of young adults discover a boarded up Camp Crystal Lake, where they soon encounter Jason Voorhees and his deadly intentions.","Jared Padalecki, Amanda Righetti, Derek Mears,Danielle Panabaker",Marcus Nispel,5.6,#1a3a1a,97
691,Taken 3,2014,"Action,Thriller","Ex-government operative Bryan Mills is accused of a ruthless murder he never committed or witnessed. As he is tracked and pursued, Mills brings out his particular set of skills to find the true killer and clear his name.","Liam Neeson, Forest Whitaker, Maggie Grace,Famke Janssen",Olivier Megaton,6.0,#1a3a4a,109
692,Total Recall,2012,"Action,Adventure,Mystery","A factory worker, Douglas Quaid, begins to suspect that he is a spy after visiting Rekall - a company that provides its clients with implanted fake memories of a life they would like to have led - goes wrong and he finds himself on the run.","Colin Farrell, Bokeem Woodbine, Bryan Cranston,Kate Beckinsale",Len Wiseman,6.3,#2d4a22,118
693,X-Men: The Last Stand,2006,"Action,Adventure,Fantasy","When a cure is found to treat mutations, lines are drawn amongst the X-Men, led by Professor Charles Xavier, and the Brotherhood, a band of powerful mutants organized under Xavier's former ally, Magneto.","Patrick Stewart, Hugh Jackman, Halle Berry, Famke Janssen",Brett Ratner,6.7,#16213e,104
694,The Escort,2016,"Comedy,Drama,Romance","Desperate for a good story, a sex-addicted journalist throws himself into the world of high-class escorts when he starts following a Stanford-educated prostitute.","Lyndsy Fonseca, Michael Doneger, Tommy Dewey,Bruce Campbell",Will Slocombe,6.0,#4a1a4a,88
695,The Whole Truth,2016,"Crime,Drama,Mystery",A defense attorney works to get his teenage client acquitted of murdering his wealthy father.,"Keanu Reeves, Renée Zellweger, Gugu Mbatha-Raw, Gabriel Basso",Courtney Hunt,6.1,#3a2a1a,93
696,Night at the Museum: Secret of the Tomb,2014,"Adventure,Comedy,Family","Larry spans the globe, uniting favorite and new characters while embarking on an epic quest to save the magic before it is gone forever.","Ben Stiller, Robin Williams, Owen Wilson, Dick Van Dyke",Shawn Levy,6.2,#16213e,98
697,Love & Other Drugs,2010,"Comedy,Drama,Romance",A young woman suffering from Parkinson's befriends a drug rep working for Pfizer in 1990s Pittsburgh.,"Jake Gyllenhaal, Anne Hathaway, Judy Greer, Oliver Platt",Edward Zwick,6.7,#1a1a3a,112
698,The Interview,2014,Comedy,"Dave Skylark and his producer Aaron Rapoport run the celebrity tabloid show ""Skylark Tonight"". When they land an interview with a surprise fan, North Korean dictator Kim Jong-un, they are recruited by the CIA to turn their trip to Pyongyang into an assassination mission.","James Franco, Seth Rogen, Randall Park, Lizzy Caplan",Evan Goldberg,6.6,#1a1a3a,112
699,Megan Is Missing,2011,"Drama,Horror,Thriller",Two teenage girls encounter an Internet child predator.,"Amber Perkins, Rachel Quinn, Dean Waite, Jael Elizabeth Steinmeyer",Michael Goi,4.9,#1a4a1a,85
700,WALL·E,2008,"Animation,Adventure,Family","In the distant future, a small waste-collecting robot inadvertently embarks on a space journey that will ultimately decide the fate of mankind.","Ben Burtt, Elissa Knight, Jeff Garlin, Fred Willard",Andrew Stanton,8.4,#4a1a4a,98
701,Knocked Up,2007,"Comedy,Romance","For fun-loving party animal Ben Stone, the last thing he ever expected was for his one-night stand to show up on his doorstep eight weeks later to tell him she's pregnant with his child.","Seth Rogen, Katherine Heigl, Paul Rudd, Leslie Mann",Judd Apatow,7.0,#4a3a1a,129
702,Source Code,2011,"Mystery,Romance,Sci-Fi",A soldier wakes up in someone else's body and discovers he's part of an experimental government program to find the bomber of a commuter train. A mission he has only 8 minutes to complete.,"Jake Gyllenhaal, Michelle Monaghan, Vera Farmiga,Jeffrey Wright",Duncan Jones,7.5,#1a1a3a,93
703,Lawless,2012,"Crime,Drama","Set in Depression-era Franklin County, Virginia, a trio of bootlegging brothers are threatened by a new special deputy and other authorities angling for a cut of their profits.","Tom Hardy, Shia LaBeouf, Guy Pearce, Jason Clarke",John Hillcoat,7.3,#e94560,116
704,Unfriended,2014,"Drama,Horror,Mystery","A group of online chat room friends find themselves haunted by a mysterious, supernatural force using the account of their dead friend.","Heather Sossaman, Matthew Bohrer, Courtney Halverson, Shelley Hennig",Levan Gabriadze,5.6,#16213e,83
705,American Reunion,2012,Comedy,"Jim, Michelle, Stifler, and their friends reunite in East Great Falls, Michigan for their high school reunion.","Jason Biggs, Alyson Hannigan,Seann William Scott, Chris Klein",Jon Hurwitz,6.7,#4a1a4a,113
706,The Pursuit of Happyness,2006,"Biography,Drama",A struggling salesman takes custody of his son as he's poised to begin a life-changing professional career.,"Will Smith, Thandie Newton, Jaden Smith, Brian Howe",Gabriele Muccino,8.0,#3a2a1a,117
707,Relatos salvajes,2014,"Comedy,Drama,Thriller",Six short stories that explore the extremities of human behavior involving people in distress.,"Darío Grandinetti, María Marull, Mónica Villa, Rita Cortese",Damián Szifron,8.1,#1a1a2e,122
708,The Ridiculous 6,2015,"Comedy,Western","An outlaw who was raised by Native Americans discovers that he has five half-brothers; together the men go on a mission to find their wayward, deadbeat dad.","Adam Sandler, Terry Crews, Jorge Garcia, Taylor Lautner",Frank Coraci,4.8,#1a3a4a,119
709,Frantz,2016,"Drama,History,War","In the aftermath of WWI, a young German who grieves the death of her fiancé in France meets a mysterious Frenchman who visits the fiancé's grave to lay flowers.","Pierre Niney, Paula Beer, Ernst Stötzner, Marie Gruber",François Ozon,7.5,#1a4a1a,113
710,Viral,2016,"Drama,Horror,Sci-Fi","Following the outbreak of a virus that wipes out the majority of the human population, a young woman documents her family's new life in quarantine and tries to protect her infected sister.","Sofia Black-D'Elia, Analeigh Tipton,Travis Tope, Michael Kelly",Henry Joost,5.5,#2d4a22,85
711,Gran Torino,2008,Drama,"Disgruntled Korean War veteran Walt Kowalski sets out to reform his neighbor, a Hmong teenager who tried to steal Kowalski's prized possession: a 1972 Gran Torino.","Clint Eastwood, Bee Vang, Christopher Carley,Ahney Her",Clint Eastwood,8.2,#3a2a1a,116
712,Burnt,2015,"Comedy,Drama","Adam Jones (Bradley Cooper) is a chef who destroyed his career with drugs and diva behavior. He cleans up and returns to London, determined to redeem himself by spearheading a top restaurant that can gain three Michelin stars.","Bradley Cooper, Sienna Miller, Daniel Brühl, Riccardo Scamarcio",John Wells,6.6,#2d4a22,101
713,Tall Men,2016,"Fantasy,Horror,Thriller",A challenged man is stalked by tall phantoms in business suits after he purchases a car with a mysterious black credit card.,"Dan Crisafulli, Kay Whitney, Richard Garcia, Pat Cashman",Jonathan Holbrook,3.2,#1a1a1a,133
714,Sleeping Beauty,2011,"Drama,Romance","A haunting portrait of Lucy, a young university student drawn into a mysterious hidden world of unspoken desires.","Emily Browning, Rachael Blake, Ewen Leslie, Bridgette Barrett",Julia Leigh,5.3,#e94560,101
715,Vampire Academy,2014,"Action,Comedy,Fantasy","Rose Hathaway is a Dhampir, half human-half vampire, a guardian of the Moroi, peaceful, mortal vampires living discreetly within our world. Her calling is to protect the Moroi from bloodthirsty, immortal Vampires, the Strigoi.","Zoey Deutch, Lucy Fry, Danila Kozlovsky, Gabriel Byrne",Mark Waters,5.6,#16213e,104
716,Sweeney Todd: The Demon Barber of Fleet Street,2007,"Drama,Horror,Musical","The infamous story of Benjamin Barker, a.k.a. Sweeney Todd, who sets up a barber shop down in London which is the basis for a sinister partnership with his fellow tenant, Mrs. Lovett. Based on the hit Broadway musical.","Johnny Depp, Helena Bonham Carter, Alan Rickman,Timothy Spall",Tim Burton,7.4,#2a2a1a,116
717,Solace,2015,"Crime,Drama,Mystery",A psychic works with the FBI in order to hunt down a serial killer.,"Anthony Hopkins, Jeffrey Dean Morgan, Abbie Cornish, Colin Farrell",Afonso Poyart,6.4,#2d4a22,101
718,Insidious,2010,"Horror,Mystery,Thriller",A family looks to prevent evil spirits from trapping their comatose child in a realm called The Further.,"Patrick Wilson, Rose Byrne, Ty Simpkins, Lin Shaye",James Wan,6.8,#1a1a2e,103
719,Popstar: Never Stop Never Stopping,2016,"Comedy,Music","When it becomes clear that his solo album is a failure, a former boy band member does everything in his power to maintain his celebrity status.","Andy Samberg, Jorma Taccone,Akiva Schaffer, Sarah Silverman",Akiva Schaffer,6.7,#533483,87
720,The Levelling,2016,Drama,"Somerset, October 2014. When Clover Catto (Ellie Kendrick) receives a call telling her that her younger brother Harry (Joe Blakemore) is dead, she must return to her family farm and face ... See full summary »","Ellie Kendrick, David Troughton, Jack Holden,Joe Blakemore",Hope Dickson Leach,6.4,#2d4a22,83
721,Public Enemies,2009,"Biography,Crime,Drama","The Feds try to take down notorious American gangsters John Dillinger, Baby Face Nelson and Pretty Boy Floyd during a booming crime wave in the 1930s.","Christian Bale, Johnny Depp, Christian Stolte, Jason Clarke",Michael Mann,7.0,#16213e,140
722,Boyhood,2014,Drama,"The life of Mason, from early childhood to his arrival at college.","Ellar Coltrane, Patricia Arquette, Ethan Hawke,Elijah Smith",Richard Linklater,7.9,#3a4a1a,165
723,Teenage Mutant Ninja Turtles,2014,"Action,Adventure,Comedy","When a kingpin threatens New York City, a group of mutated turtle warriors must emerge from the shadows to protect their home.","Megan Fox, Will Arnett, William Fichtner, Noel Fisher",Jonathan Liebesman,5.9,#e94560,101
724,Eastern Promises,2007,"Crime,Drama,Mystery",A Russian teenager living in London who dies during childbirth leaves clues to a midwife in her journal that could tie her child to a rape involving a violent Russian mob family.,"Naomi Watts, Viggo Mortensen, Armin Mueller-Stahl, Josef Altin",David Cronenberg,7.7,#1a1a3a,100
725,The Daughter,2015,Drama,"The story follows a man who returns home to discover a long-buried family secret, and whose attempts to put things right threaten the lives of those he left home years before.","Geoffrey Rush, Nicholas Hope, Sam Neill, Ewen Leslie",Simon Stone,6.7,#1a3a1a,96
726,Pineapple Express,2008,"Action,Comedy,Crime",A process server and his marijuana dealer wind up on the run from hitmen and a corrupt police officer after he witnesses his dealer's boss murder a competitor while trying to serve papers on him.,"Seth Rogen, James Franco, Gary Cole, Danny McBride",David Gordon Green,7.0,#1a3a1a,111
727,The First Time,2012,"Comedy,Drama,Romance",A shy senior and a down-to-earth junior fall in love over one weekend.,"Dylan O'Brien, Britt Robertson, Victoria Justice, James Frecheville",Jon Kasdan,6.9,#1a1a3a,95
728,Gone Baby Gone,2007,"Crime,Drama,Mystery","Two Boston area detectives investigate a little girl's kidnapping, which ultimately turns into a crisis both professionally and personally.","Morgan Freeman, Ed Harris, Casey Affleck, Michelle Monaghan",Ben Affleck,7.7,#4a4a1a,114
729,The Heat,2013,"Action,Comedy,Crime",An uptight FBI Special Agent is paired with a foul-mouthed Boston cop to take down a ruthless drug lord.,"Sandra Bullock, Michael McDonald, Melissa McCarthy,Demián Bichir",Paul Feig,6.6,#1a1a2e,117
730,L'avenir,2016,Drama,"A philosophy teacher soldiers through the death of her mother, getting fired from her job, and dealing with a husband who is cheating on her.","Isabelle Huppert, André Marcon, Roman Kolinka,Edith Scob",Mia Hansen-Løve,7.1,#3a2a1a,102
731,Anna Karenina,2012,"Drama,Romance","In late-19th-century Russian high society, St. Petersburg aristocrat Anna Karenina enters into a life-changing affair with the dashing Count Alexei Vronsky.","Keira Knightley, Jude Law, Aaron Taylor-Johnson,Matthew Macfadyen",Joe Wright,6.6,#533483,129
732,Regression,2015,"Crime,Drama,Mystery",A detective and a psychoanalyst uncover evidence of a satanic cult while investigating the rape of a young woman.,"Ethan Hawke, David Thewlis, Emma Watson,Dale Dickey",Alejandro Amenábar,5.7,#3a4a1a,106
733,Ted 2,2015,"Adventure,Comedy,Romance","Newlywed couple Ted and Tami-Lynn want to have a baby, but in order to qualify to be a parent, Ted will have to prove he's a person in a court of law.","Mark Wahlberg, Seth MacFarlane, Amanda Seyfried, Jessica Barth",Seth MacFarlane,6.3,#1a1a3a,115
734,Pain & Gain,2013,"Comedy,Crime,Drama",A trio of bodybuilders in Florida get caught up in an extortion ring and a kidnapping scheme that goes terribly wrong.,"Mark Wahlberg, Dwayne Johnson, Anthony Mackie,Tony Shalhoub",Michael Bay,6.5,#4a1a4a,129
735,Blood Diamond,2006,"Adventure,Drama,Thriller","A fisherman, a smuggler, and a syndicate of businessmen match wits over the possession of a priceless diamond.","Leonardo DiCaprio, Djimon Hounsou, Jennifer Connelly, Kagiso Kuypers",Edward Zwick,8.0,#0f3460,143
736,Devil's Knot,2013,"Biography,Crime,Drama",The savage murders of three young children sparks a controversial trial of three teenagers accused of killing the kids as part of a satanic ritual.,"Colin Firth, Reese Witherspoon, Alessandro Nivola,James Hamrick",Atom Egoyan,6.1,#4a3a1a,114
737,Child 44,2015,"Crime,Drama,Thriller",A disgraced member of the Russian military police investigates a series of child murders during the Stalin-era Soviet Union.,"Tom Hardy, Gary Oldman, Noomi Rapace, Joel Kinnaman",Daniel Espinosa,6.5,#2d4a22,137
738,The Hurt Locker,2008,"Drama,History,Thriller","During the Iraq War, a Sergeant recently assigned to an army bomb squad is put at odds with his squad mates due to his maverick way of handling his work.","Jeremy Renner, Anthony Mackie, Brian Geraghty,Guy Pearce",Kathryn Bigelow,7.6,#2a2a1a,131
739,Green Lantern,2011,"Action,Adventure,Sci-Fi","Reckless test pilot Hal Jordan is granted an alien ring that bestows him with otherworldly powers that inducts him into an intergalactic police force, the Green Lantern Corps.","Ryan Reynolds, Blake Lively, Peter Sarsgaard,Mark Strong",Martin Campbell,5.6,#1a3a4a,114
740,War on Everyone,2016,"Action,Comedy","Two corrupt cops set out to blackmail and frame every criminal unfortunate enough to cross their path. Events, however, are complicated by the arrival of someone who appears to be even more dangerous than they are.","Alexander Skarsgård, Michael Peña, Theo James, Tessa Thompson",John Michael McDonagh,5.9,#4a3a1a,98
741,The Mist,2007,Horror,"A freak storm unleashes a species of bloodthirsty creatures on a small town, where a small band of citizens hole up in a supermarket and fight for their lives.","Thomas Jane, Marcia Gay Harden, Laurie Holden,Andre Braugher",Frank Darabont,7.2,#1a3a1a,126
742,Escape Plan,2013,"Action,Crime,Mystery","When a structural-security authority finds himself set up and incarcerated in the world's most secret and secure prison, he has to use his skills to escape with help from the inside.","Sylvester Stallone, Arnold Schwarzenegger, 50 Cent, Vincent D'Onofrio",Mikael Håfström,6.7,#2a2a1a,115
743,"Love, Rosie",2014,"Comedy,Romance","Rosie and Alex have been best friends since they were 5, so they couldn't possibly be right for one another...or could they? When it comes to love, life and making the right choices, these two are their own worst enemies.","Lily Collins, Sam Claflin, Christian Cooke, Jaime Winstone",Christian Ditter,7.2,#1a1a1a,102
744,The DUFF,2015,Comedy,"A high school senior instigates a social pecking order revolution after finding out that she has been labeled the DUFF - Designated Ugly Fat Friend - by her prettier, more popular counterparts.","Mae Whitman, Bella Thorne, Robbie Amell, Allison Janney",Ari Sandel,6.5,#4a3a1a,101
745,The Age of Shadows,2016,"Action,Drama,Thriller",Japanese agents close in as members of the Korean resistance plan an attack in 1920's Seoul.,"Byung-hun Lee, Yoo Gong, Kang-ho Song, Ji-min Han",Jee-woon Kim,7.2,#4a4a1a,140
746,The Hunger Games: Mockingjay - Part 1,2014,"Action,Adventure,Sci-Fi","Katniss Everdeen is in District 13 after she shatters the games forever. Under the leadership of President Coin and the advice of her trusted friends, Katniss spreads her wings as she fights to save Peeta and a nation moved by her courage.","Jennifer Lawrence, Josh Hutcherson, Liam Hemsworth, Woody Harrelson",Francis Lawrence,6.7,#1a1a2e,123
747,We Need to Talk About Kevin,2011,"Drama,Mystery,Thriller","Kevin's mother struggles to love her strange child, despite the increasingly vicious things he says and does as he grows up. But Kevin is just getting started, and his final act will be beyond anything anyone imagined.","Tilda Swinton, John C. Reilly, Ezra Miller, Jasper Newell",Lynne Ramsay,7.5,#1a3a4a,112
748,Love & Friendship,2016,"Comedy,Drama,Romance","Lady Susan Vernon takes up temporary residence at her in-laws' estate and, while there, is determined to be a matchmaker for her daughter Frederica -- and herself too, naturally.","Kate Beckinsale, Chloë Sevigny, Xavier Samuel,Emma Greenwell",Whit Stillman,6.5,#2d4a22,90
749,The Mortal Instruments: City of Bones,2013,"Action,Fantasy,Horror","When her mother disappears, Clary Fray learns that she descends from a line of warriors who protect our world from demons. She joins forces with others like her and heads into a dangerous alternate New York called the Shadow World.","Lily Collins, Jamie Campbell Bower, Robert Sheehan,Jemima West",Harald Zwart,5.9,#1a1a2e,130
750,Seven Pounds,2008,"Drama,Romance",A man with a fateful secret embarks on an extraordinary journey of redemption by forever changing the lives of seven strangers.,"Will Smith, Rosario Dawson, Woody Harrelson,Michael Ealy",Gabriele Muccino,7.7,#2d4a22,123
751,The King's Speech,2010,"Biography,Drama","The story of King George VI of the United Kingdom of Great Britain and Northern Ireland, his impromptu ascension to the throne and the speech therapist who helped the unsure monarch become worthy of it.","Colin Firth, Geoffrey Rush, Helena Bonham Carter,Derek Jacobi",Tom Hooper,8.0,#533483,118
752,Hunger,2008,"Biography,Drama",Irish republican Bobby Sands leads the inmates of a Northern Irish prison in a hunger strike.,"Stuart Graham, Laine Megaw, Brian Milligan, Liam McMahon",Steve McQueen,7.6,#4a4a1a,96
753,Jumper,2008,"Action,Adventure,Sci-Fi",A teenager with teleportation abilities suddenly finds himself in the middle of an ancient war between those like him and their sworn annihilators.,"Hayden Christensen, Samuel L. Jackson, Jamie Bell,Rachel Bilson",Doug Liman,6.1,#1a3a1a,88
754,Toy Story 3,2010,"Animation,Adventure,Comedy","The toys are mistakenly delivered to a day-care center instead of the attic right before Andy leaves for college, and it's up to Woody to convince the other toys that they weren't abandoned and to return home.","Tom Hanks, Tim Allen, Joan Cusack, Ned Beatty",Lee Unkrich,8.3,#4a4a1a,103
755,Tinker Tailor Soldier Spy,2011,"Drama,Mystery,Thriller","In the bleak days of the Cold War, espionage veteran George Smiley is forced from semi-retirement to uncover a Soviet agent within MI6.","Gary Oldman, Colin Firth, Tom Hardy, Mark Strong",Tomas Alfredson,7.1,#1a3a4a,122
756,Resident Evil: Retribution,2012,"Action,Horror,Sci-Fi",Alice fights alongside a resistance movement to regain her freedom from an Umbrella Corporation testing facility.,"Milla Jovovich, Sienna Guillory, Michelle Rodriguez, Aryana Engineer",Paul W.S. Anderson,5.4,#3a4a1a,96
757,Dear Zindagi,2016,"Drama,Romance","Kaira is a budding cinematographer in search of a perfect life. Her encounter with Jug, an unconventional thinker, helps her gain a new perspective on life. She discovers that happiness is all about finding comfort in life's imperfections.","Alia Bhatt, Shah Rukh Khan, Kunal Kapoor, Priyanka Moodley",Gauri Shinde,7.8,#1a2a1a,151
758,Genius,2016,"Biography,Drama","A chronicle of Max Perkins's time as the book editor at Scribner, where he oversaw works by Thomas Wolfe, Ernest Hemingway, F. Scott Fitzgerald and others.","Colin Firth, Jude Law, Nicole Kidman, Laura Linney",Michael Grandage,6.5,#2d4a22,104
759,Pompeii,2014,"Action,Adventure,Drama","A slave-turned-gladiator finds himself in a race against time to save his true love, who has been betrothed to a corrupt Roman Senator. As Mount Vesuvius erupts, he must fight to save his beloved as Pompeii crumbles around him.","Kit Harington, Emily Browning, Kiefer Sutherland, Adewale Akinnuoye-Agbaje",Paul W.S. Anderson,5.5,#2d4a22,105
760,Life of Pi,2012,"Adventure,Drama,Fantasy","A young man who survives a disaster at sea is hurtled into an epic journey of adventure and discovery. While cast away, he forms an unexpected connection with another survivor: a fearsome Bengal tiger.","Suraj Sharma, Irrfan Khan, Adil Hussain, Tabu",Ang Lee,7.9,#1a1a3a,127
761,Hachi: A Dog's Tale,2009,"Drama,Family",A college professor's bond with the abandoned dog he takes into his home.,"Richard Gere, Joan Allen, Cary-Hiroyuki Tagawa,Sarah Roemer",Lasse Hallström,8.1,#1a1a1a,93
762,10 Years,2011,"Comedy,Drama,Romance","The night before their high school reunion, a group of friends realize they still haven't quite grown up in some ways.","Channing Tatum, Rosario Dawson, Chris Pratt, Jenna Dewan Tatum",Jamie Linden,6.1,#3a2a1a,100
763,I Origins,2014,"Drama,Romance,Sci-Fi",A molecular biologist and his laboratory partner uncover evidence that may fundamentally change society as we know it.,"Michael Pitt, Steven Yeun, Astrid Bergès-Frisbey, Brit Marling",Mike Cahill,7.3,#4a3a1a,106
764,Live Free or Die Hard,2007,"Action,Adventure,Thriller",John McClane and a young hacker join forces to take down master cyber-terrorist Thomas Gabriel in Washington D.C.,"Bruce Willis, Justin Long, Timothy Olyphant, Maggie Q",Len Wiseman,7.2,#1a1a1a,128
765,The Matchbreaker,2016,"Comedy,Romance","When an idealistic romantic gets fired from his day job, he is offered a ""one-time gig"" to break up a girl's relationship for her disapproving parents. This ""one-time"" gig spreads through ... See full summary »","Wesley Elder, Christina Grimmie, Osric Chau, Olan Rogers",Caleb Vetter,5.5,#4a4a1a,94
766,Funny Games,2007,"Crime,Drama,Horror",Two psychopathic young men take a family hostage in their cabin.,"Naomi Watts, Tim Roth, Michael Pitt, Brady Corbet",Michael Haneke,6.5,#e94560,111
767,Ted,2012,"Comedy,Fantasy","John Bennett, a man whose childhood wish of bringing his teddy bear to life came true, now must decide between keeping the relationship with the bear or his girlfriend, Lori.","Mark Wahlberg, Mila Kunis, Seth MacFarlane, Joel McHale",Seth MacFarlane,7.0,#0f3460,106
768,RED,2010,"Action,Comedy,Crime","When his peaceful life is threatened by a high-tech assassin, former black-ops agent Frank Moses reassembles his old team in a last ditch effort to survive and uncover his assailants.","Bruce Willis, Helen Mirren, Morgan Freeman,Mary-Louise Parker",Robert Schwentke,7.1,#16213e,111
769,Australia,2008,"Adventure,Drama,Romance","Set in northern Australia before World War II, an English aristocrat who inherits a sprawling ranch reluctantly pacts with a stock-man in order to protect her new property from a takeover plot. As the pair drive 2,000 head of cattle over unforgiving landscape, they experience the bombing of Darwin, Australia, by Japanese forces firsthand.","Nicole Kidman, Hugh Jackman, Shea Adams, Eddie Baroo",Baz Luhrmann,6.6,#3a4a1a,165
770,Faster,2010,"Action,Crime,Drama",An ex-con gets on a series of apparently unrelated killings. He gets tracked by a veteran cop with secrets of his own and an egocentric hit man.,"Dwayne Johnson, Billy Bob Thornton, Maggie Grace, Mauricio Lopez",George Tillman Jr.,6.5,#533483,98
771,The Neighbor,2016,"Crime,Horror,Thriller","Set in Cutter Mississippi, the film follows a man who discovers the dark truth about his neighbor and the secrets he may be keeping in the cellar.","Josh Stewart, Bill Engvall, Alex Essoe, Ronnie Gene Blevins",Marcus Dunstan,5.8,#4a1a4a,87
772,The Adjustment Bureau,2011,"Romance,Sci-Fi,Thriller",The affair between a politician and a contemporary dancer is affected by mysterious forces keeping the lovers apart.,"Matt Damon, Emily Blunt, Lisa Thoreson, Florence Kastriner",George Nolfi,7.1,#e94560,106
773,The Hollars,2016,"Comedy,Drama,Romance",A man returns to his small hometown after learning that his mother has fallen ill and is about to undergo surgery.,"Sharlto Copley, Charlie Day, Richard Jenkins, Anna Kendrick",John Krasinski,6.5,#1a2a1a,88
774,The Judge,2014,"Crime,Drama","Big-city lawyer Hank Palmer returns to his childhood home where his father, the town's judge, is suspected of murder. Hank sets out to discover the truth and, along the way, reconnects with his estranged family.","Robert Downey Jr., Robert Duvall, Vera Farmiga, Billy Bob Thornton",David Dobkin,7.4,#0f3460,141
775,Closed Circuit,2013,"Crime,Drama,Mystery",A high-profile terrorism case unexpectedly binds together two ex-lovers on the defense team - testing the limits of their loyalties and placing their lives in jeopardy.,"Eric Bana, Rebecca Hall, Jim Broadbent, Ciarán Hinds",John Crowley,6.2,#533483,96
776,Transformers: Revenge of the Fallen,2009,"Action,Adventure,Sci-Fi","Sam Witwicky leaves the Autobots behind for a normal life. But when his mind is filled with cryptic symbols, the Decepticons target him and he is dragged back into the Transformers' war.","Shia LaBeouf, Megan Fox, Josh Duhamel, Tyrese Gibson",Michael Bay,6.0,#3a2a1a,150
777,La tortue rouge,2016,"Animation,Fantasy","A man is shipwrecked on a deserted island and encounters a red turtle, which changes his life.","Emmanuel Garijo, Tom Hudson, Baptiste Goy, Axel Devillers",Michael Dudok de Wit,7.6,#4a1a1a,80
778,The Book of Life,2014,"Animation,Adventure,Comedy","Manolo, a young man who is torn between fulfilling the expectations of his family and following his heart, embarks on an adventure that spans three fantastic worlds where he must face his greatest fears.","Diego Luna, Zoe Saldana, Channing Tatum, Ron Perlman",Jorge R. Gutiérrez,7.3,#533483,95
779,Incendies,2010,"Drama,Mystery,War","Twins journey to the Middle East to discover their family history, and fulfill their mother's last wishes.","Lubna Azabal, Mélissa Désormeaux-Poulin, Maxim Gaudette, Mustafa Kamel",Denis Villeneuve,8.2,#4a1a4a,131
780,The Heartbreak Kid,2007,"Comedy,Romance",A newly wed man who believes he's just gotten hitched to the perfect woman encounters another lady on his honeymoon.,"Ben Stiller, Michelle Monaghan,Malin Akerman, Jerry Stiller",Bobby Farrelly,5.8,#4a1a1a,116
781,Happy Feet,2006,"Animation,Comedy,Family","Into the world of the Emperor Penguins, who find their soul mates through song, a penguin is born who cannot sing. But he can tap dance something fierce!","Elijah Wood, Brittany Murphy, Hugh Jackman, Robin Williams",George Miller,6.5,#e94560,108
782,Entourage,2015,Comedy,"Movie star Vincent Chase, together with his boys Eric, Turtle, and Johnny, are back - and back in business with super agent-turned-studio head Ari Gold on a risky project that will serve as Vince's directorial debut.","Adrian Grenier, Kevin Connolly, Jerry Ferrara, Kevin Dillon",Doug Ellin,6.6,#2d4a22,104
783,The Strangers,2008,"Horror,Mystery,Thriller",A young couple staying in an isolated vacation home are terrorized by three unknown assailants.,"Scott Speedman, Liv Tyler, Gemma Ward, Alex Fisher",Bryan Bertino,6.2,#4a4a1a,86
784,Noah,2014,"Action,Adventure,Drama",A man is chosen by his world's creator to undertake a momentous mission before an apocalyptic flood cleanses the world.,"Russell Crowe, Jennifer Connelly, Anthony Hopkins, Emma Watson",Darren Aronofsky,5.8,#4a4a1a,138
785,Neighbors,2014,Comedy,"After they are forced to live next to a fraternity house, a couple with a newborn baby do whatever they can to take them down.","Seth Rogen, Rose Byrne, Zac Efron, Lisa Kudrow",Nicholas Stoller,6.4,#533483,97
786,Nymphomaniac: Vol. II,2013,Drama,"The continuation of Joe's sexually dictated life delves into the darker aspects of her adulthood, obsessions and what led to her being in Seligman's care.","Charlotte Gainsbourg, Stellan Skarsgård, Willem Dafoe, Jamie Bell",Lars von Trier,6.7,#533483,123
787,Wild,2014,"Adventure,Biography,Drama","A chronicle of one woman's 1,100-mile solo hike undertaken as a way to recover from a recent personal tragedy.","Reese Witherspoon, Laura Dern, Gaby Hoffmann,Michiel Huisman",Jean-Marc Vallée,7.1,#1a1a1a,115
788,Grown Ups,2010,Comedy,"After their high school basketball coach passes away, five good friends and former teammates reunite for a Fourth of July holiday weekend.","Adam Sandler, Salma Hayek, Kevin James, Chris Rock",Dennis Dugan,6.0,#4a3a1a,102
789,Blair Witch,2016,"Horror,Thriller","After discovering a video showing what he believes to be his vanished sister Heather, James and a group of friends head to the forest believed to be inhabited by the Blair Witch.","James Allen McCune, Callie Hernandez, Corbin Reid, Brandon Scott",Adam Wingard,5.1,#1a1a3a,89
790,The Karate Kid,2010,"Action,Drama,Family","Work causes a single mother to move to China with her young son; in his new home, the boy embraces kung fu, taught to him by a master.","Jackie Chan, Jaden Smith, Taraji P. Henson, Wenwen Han",Harald Zwart,6.2,#4a3a1a,140
791,Dark Shadows,2012,"Comedy,Fantasy,Horror","An imprisoned vampire, Barnabas Collins, is set free and returns to his ancestral home, where his dysfunctional descendants are in need of his protection.","Johnny Depp, Michelle Pfeiffer, Eva Green, Helena Bonham Carter",Tim Burton,6.2,#3a2a1a,113
792,Friends with Benefits,2011,"Comedy,Romance","A young man and woman decide to take their friendship to the next level without becoming a couple, but soon discover that adding sex only leads to complications.","Mila Kunis, Justin Timberlake, Patricia Clarkson, Jenna Elfman",Will Gluck,6.6,#3a2a1a,109
793,The Illusionist,2006,"Drama,Mystery,Romance","In turn-of-the-century Vienna, a magician uses his abilities to secure the love of a woman far above his social standing.","Edward Norton, Jessica Biel, Paul Giamatti, Rufus Sewell",Neil Burger,7.6,#3a2a1a,110
794,The A-Team,2010,"Action,Adventure,Comedy","A group of Iraq War veterans looks to clear their name with the U.S. military, who suspect the four men of committing a crime for which they were framed.","Liam Neeson, Bradley Cooper, Sharlto Copley,Jessica Biel",Joe Carnahan,6.8,#2a2a1a,117
795,The Guest,2014,Thriller,"A soldier introduces himself to the Peterson family, claiming to be a friend of their son who died in action. After the young man is welcomed into their home, a series of accidental deaths seem to be connected to his presence.","Dan Stevens, Sheila Kelley, Maika Monroe, Joel David Moore",Adam Wingard,6.7,#4a4a1a,100
796,The Internship,2013,Comedy,"Two salesmen whose careers have been torpedoed by the digital age find their way into a coveted internship at Google, where they must compete with a group of young, tech-savvy geniuses for a shot at employment.","Vince Vaughn, Owen Wilson, Rose Byrne, Aasif Mandvi",Shawn Levy,6.3,#1a3a4a,119
797,Paul,2011,"Adventure,Comedy,Sci-Fi",Two British comic-book geeks traveling across the U.S. encounter an alien outside Area 51.,"Simon Pegg, Nick Frost, Seth Rogen, Mia Stallard",Greg Mottola,7.0,#1a4a1a,104
798,This Beautiful Fantastic,2016,"Comedy,Drama,Fantasy","A young woman who dreams of being a children's author makes an unlikely friendship with a cantankerous, rich old widower.","Jessica Brown Findlay, Andrew Scott, Jeremy Irvine,Tom Wilkinson",Simon Aboud,6.9,#4a4a1a,100
799,The Da Vinci Code,2006,"Mystery,Thriller",A murder inside the Louvre and clues in Da Vinci paintings lead to the discovery of a religious mystery protected by a secret society for two thousand years -- which could shake the foundations of Christianity.,"Tom Hanks, Audrey Tautou, Jean Reno, Ian McKellen",Ron Howard,6.6,#4a1a1a,149
800,Mr. Church,2016,"Comedy,Drama","""Mr. Church"" tells the story of a unique friendship that develops when a little girl and her dying mother retain the services of a talented cook - Henry Joseph Church. What begins as a six month arrangement instead spans into fifteen years and creates a family bond that lasts forever.","Eddie Murphy, Britt Robertson, Natascha McElhone, Xavier Samuel",Bruce Beresford,7.7,#16213e,104
801,Hugo,2011,"Adventure,Drama,Family","In Paris in 1931, an orphan named Hugo Cabret who lives in the walls of a train station is wrapped up in a mystery involving his late father and an automaton.","Asa Butterfield, Chloë Grace Moretz, Christopher Lee, Ben Kingsley",Martin Scorsese,7.5,#3a2a1a,126
802,The Blackcoat's Daughter,2015,"Horror,Thriller",Two girls must battle a mysterious evil force when they get left behind at their boarding school over winter break.,"Emma Roberts, Kiernan Shipka, Lauren Holly, Lucy Boynton",Oz Perkins,5.6,#2d4a22,93
803,Body of Lies,2008,"Action,Drama,Romance",A CIA agent on the ground in Jordan hunts down a powerful terrorist leader while being caught between the unclear intentions of his American supervisors and Jordan Intelligence.,"Leonardo DiCaprio, Russell Crowe, Mark Strong,Golshifteh Farahani",Ridley Scott,7.1,#4a3a1a,128
804,Knight of Cups,2015,"Drama,Romance",A writer indulging in all that Los Angeles and Las Vegas has to offer undertakes a search for love and self via a series of adventures with six different women.,"Christian Bale, Cate Blanchett, Natalie Portman,Brian Dennehy",Terrence Malick,5.7,#2d4a22,118
805,The Mummy: Tomb of the Dragon Emperor,2008,"Action,Adventure,Fantasy","In the Far East, Alex O'Connell, the son of famed mummy fighters Rick and Evy O'Connell, unearths the mummy of the first Emperor of Qin -- a shape-shifting entity cursed by a witch centuries ago.","Brendan Fraser, Jet Li, Maria Bello, Michelle Yeoh",Rob Cohen,5.2,#1a1a2e,112
806,The Boss,2016,Comedy,"A titan of industry is sent to prison after she's caught insider trading. When she emerges ready to rebrand herself as America's latest sweetheart, not everyone she screwed over is so quick to forgive and forget.","Melissa McCarthy, Kristen Bell, Peter Dinklage, Ella Anderson",Ben Falcone,5.4,#1a3a4a,99
807,Hands of Stone,2016,"Action,Biography,Drama",The legendary Roberto Duran and his equally legendary trainer Ray Arcel change each other's lives.,"Edgar Ramírez, Usher Raymond, Robert De Niro, Rubén Blades",Jonathan Jakubowicz,6.6,#1a3a4a,111
808,El secreto de sus ojos,2009,"Drama,Mystery,Romance",A retired legal counselor writes a novel hoping to find closure for one of his past unresolved homicide cases and for his unreciprocated love with his superior - both of which still haunt him decades later.,"Ricardo Darín, Soledad Villamil, Pablo Rago,Carla Quevedo",Juan José Campanella,8.2,#4a4a1a,129
809,True Grit,2010,"Adventure,Drama,Western",A tough U.S. Marshal helps a stubborn teenager track down her father's murderer.,"Jeff Bridges, Matt Damon, Hailee Steinfeld,Josh Brolin",Ethan Coen,7.6,#533483,110
810,We Are Your Friends,2015,"Drama,Music,Romance","Caught between a forbidden romance and the expectations of his friends, aspiring DJ Cole Carter attempts to find the path in life that leads to fame and fortune.","Zac Efron, Wes Bentley, Emily Ratajkowski, Jonny Weston",Max Joseph,6.2,#3a2a1a,96
811,A Million Ways to Die in the West,2014,"Comedy,Romance,Western","As a cowardly farmer begins to fall for the mysterious new woman in town, he must put his new-found courage to the test when her husband, a notorious gun-slinger, announces his arrival.","Seth MacFarlane, Charlize Theron, Liam Neeson,Amanda Seyfried",Seth MacFarlane,6.1,#1a3a1a,116
812,Only for One Night,2016,Thriller,A married womans husband with a perfect life cheats with her sister with extreme consequences befalling them all.,"Brian White, Karrueche Tran, Angelique Pereira,Jessica Vanessa DeLeon",Chris Stokes,4.6,#2d4a22,86
813,Rules Don't Apply,2016,"Comedy,Drama,Romance","The unconventional love story of an aspiring actress, her determined driver, and their boss, eccentric billionaire Howard Hughes.","Lily Collins, Haley Bennett, Taissa Farmiga, Steve Tom",Warren Beatty,5.7,#1a1a3a,127
814,Ouija: Origin of Evil,2016,"Horror,Thriller","In 1967 Los Angeles, a widowed mother and her 2 daughters add a new stunt to bolster their seance scam business, inviting an evil presence into their home.","Elizabeth Reaser, Lulu Wilson, Annalise Basso,Henry Thomas",Mike Flanagan,6.1,#2d4a22,99
815,Percy Jackson: Sea of Monsters,2013,"Adventure,Family,Fantasy","In order to restore their dying safe haven, the son of Poseidon and his friends embark on a quest to the Sea of Monsters to find the mythical Golden Fleece while trying to stop an ancient evil from rising.","Logan Lerman, Alexandra Daddario, Brandon T. Jackson, Nathan Fillion",Thor Freudenthal,5.9,#16213e,106
816,Fracture,2007,"Crime,Drama,Mystery","An attorney, intent on climbing the career ladder toward success, finds an unlikely opponent in a manipulative criminal he is trying to prosecute.","Anthony Hopkins, Ryan Gosling, David Strathairn,Rosamund Pike",Gregory Hoblit,7.2,#3a2a1a,113
817,Oculus,2013,"Horror,Mystery","A woman tries to exonerate her brother, who was convicted of murder, by proving that the crime was committed by a supernatural phenomenon.","Karen Gillan, Brenton Thwaites, Katee Sackhoff,Rory Cochrane",Mike Flanagan,6.5,#1a1a3a,104
818,In Bruges,2008,"Comedy,Crime,Drama","Guilt-stricken after a job gone wrong, hitman Ray and his partner await orders from their ruthless boss in Bruges, Belgium, the last place in the world Ray wants to be.","Colin Farrell, Brendan Gleeson, Ciarán Hinds,Elizabeth Berrington",Martin McDonagh,7.9,#16213e,107
819,This Means War,2012,"Action,Comedy,Romance",Two top CIA operatives wage an epic battle against one another after they discover they are dating the same woman.,"Reese Witherspoon, Chris Pine, Tom Hardy, Til Schweiger",McG,6.3,#1a1a2e,103
820,Lída Baarová,2016,"Biography,Drama,History",A film about the black-and-white era actress Lída Baarová and her doomed love affair.,"Tatiana Pauhofová, Karl Markovics, Gedeon Burkhard,Simona Stasová",Filip Renc,5.0,#1a1a1a,106
821,The Road,2009,"Adventure,Drama","In a dangerous post-apocalyptic world, an ailing father defends his son as they slowly travel to the sea.","Viggo Mortensen, Charlize Theron, Kodi Smit-McPhee,Robert Duvall",John Hillcoat,7.3,#e94560,111
822,Lavender,2016,"Drama,Thriller","After losing her memory, a woman begins to see unexplained things after her psychiatrist suggests she visit her childhood home.","Abbie Cornish, Dermot Mulroney, Justin Long,Diego Klattenhoff",Ed Gass-Donnelly,5.2,#2a2a1a,92
823,Deuces,2016,Drama,An agent infiltrates a crime ring ran by a charismatic boss.,"Larenz Tate, Meagan Good, Rotimi, Rick Gonzalez",Jamal Hill,6.6,#4a4a1a,87
824,Conan the Barbarian,2011,"Action,Adventure,Fantasy",A vengeful barbarian warrior sets off to get his revenge on the evil warlord who attacked his village and murdered his father when he was a boy.,"Jason Momoa, Ron Perlman, Rose McGowan,Stephen Lang",Marcus Nispel,5.2,#4a3a1a,113
825,The Fighter,2010,"Action,Biography,Drama","A look at the early years of boxer ""Irish"" Micky Ward and his brother who helped train him before going pro in the mid 1980s.","Mark Wahlberg, Christian Bale, Amy Adams,Melissa Leo",David O. Russell,7.8,#1a1a1a,116
826,August Rush,2007,"Drama,Music","A drama with fairy tale elements, where an orphaned musical prodigy uses his gift as a clue to finding his birth parents.","Freddie Highmore, Keri Russell, Jonathan Rhys Meyers, Terrence Howard",Kirsten Sheridan,7.5,#1a3a4a,114
827,Chef,2014,"Comedy,Drama","A head chef quits his restaurant job and buys a food truck in an effort to reclaim his creative promise, while piecing back together his estranged family.","Jon Favreau, Robert Downey Jr., Scarlett Johansson,Dustin Hoffman",Jon Favreau,7.3,#4a1a1a,114
828,Eye in the Sky,2015,"Drama,Thriller,War","Col. Katherine Powell, a military officer in command of an operation to capture terrorists in Kenya, sees her mission escalate when a girl enters the kill zone triggering an international dispute over the implications of modern warfare.","Helen Mirren, Aaron Paul, Alan Rickman, Barkhad Abdi",Gavin Hood,7.3,#16213e,102
829,Eagle Eye,2008,"Action,Mystery,Thriller","Jerry and Rachel are two strangers thrown together by a mysterious phone call from a woman they have never met. Threatening their lives and family, she pushes Jerry and Rachel into a series of increasingly dangerous situations, using the technology of everyday life to track and control their every move.","Shia LaBeouf, Michelle Monaghan, Rosario Dawson,Michael Chiklis",D.J. Caruso,6.6,#1a3a1a,118
830,The Purge,2013,"Horror,Sci-Fi,Thriller","A wealthy family are held hostage for harboring the target of a murderous syndicate during the Purge, a 12-hour period in which any and all crime is legal.","Ethan Hawke, Lena Headey, Max Burkholder,Adelaide Kane",James DeMonaco,5.7,#4a4a1a,85
831,PK,2014,"Comedy,Drama,Romance","A stranger in the city asks questions no one has asked before. His childlike curiosity will take him on a journey of love, laughter, and letting go.","Aamir Khan, Anushka Sharma, Sanjay Dutt,Boman Irani",Rajkumar Hirani,8.2,#2d4a22,153
832,Ender's Game,2013,"Action,Sci-Fi","Young Ender Wiggin is recruited by the International Military to lead the fight against the Formics, a genocidal alien race which nearly annihilated the human race in a previous invasion.","Harrison Ford, Asa Butterfield, Hailee Steinfeld, Abigail Breslin",Gavin Hood,6.7,#4a1a4a,114
833,Indiana Jones and the Kingdom of the Crystal Skull,2008,"Action,Adventure,Fantasy","Famed archaeologist/adventurer Dr. Henry ""Indiana"" Jones is called back into action when he becomes entangled in a Soviet plot to uncover the secret behind mysterious artifacts known as the Crystal Skulls.","Harrison Ford, Cate Blanchett, Shia LaBeouf,Karen Allen",Steven Spielberg,6.2,#0f3460,122
834,Paper Towns,2015,"Drama,Mystery,Romance","After an all night adventure, Quentin's life-long crush, Margo, disappears, leaving behind clues that Quentin and his friends follow on the journey of a lifetime.","Nat Wolff, Cara Delevingne, Austin Abrams, Justice Smith",Jake Schreier,6.3,#4a1a1a,109
835,High-Rise,2015,Drama,Life for the residents of a tower block begins to run out of control.,"Tom Hiddleston, Jeremy Irons, Sienna Miller, Luke Evans",Ben Wheatley,5.7,#0f3460,119
836,Quantum of Solace,2008,"Action,Adventure,Thriller","James Bond descends into mystery as he tries to stop a mysterious organization from eliminating a country's most valuable resource. All the while, he still tries to seek revenge over the death of his love.","Daniel Craig, Olga Kurylenko, Mathieu Amalric, Judi Dench",Marc Forster,6.6,#1a1a3a,106
837,The Assignment,2016,"Action,Crime,Thriller","After waking up and discovering that he has undergone gender reassignment surgery, an assassin seeks to find the doctor responsible.","Sigourney Weaver, Michelle Rodriguez, Tony Shalhoub,Anthony LaPaglia",Walter Hill,4.5,#4a3a1a,95
838,Lady in the Water,2006,"Drama,Fantasy,Mystery","Apartment building superintendent Cleveland Heep rescues what he thinks is a young woman from the pool he maintains. When he discovers that she is actually a character from a bedtime story who is trying to make the journey back to her home, he works with his tenants to protect his new friend from the creatures that are determined to keep her in our world.","Paul Giamatti, Bryce Dallas Howard, Jeffrey Wright, Bob Balaban",M. Night Shyamalan,5.6,#1a2a1a,110
839,The Fountain,2006,"Drama,Sci-Fi","As a modern-day scientist, Tommy is struggling with mortality, desperately searching for the medical breakthrough that will save the life of his cancer-stricken wife, Izzi.","Hugh Jackman, Rachel Weisz, Sean Patrick Thomas, Ellen Burstyn",Darren Aronofsky,7.3,#1a1a3a,96
840,Cars 2,2011,"Animation,Adventure,Comedy",Star race car Lightning McQueen and his pal Mater head overseas to compete in the World Grand Prix race. But the road to the championship becomes rocky as Mater gets caught up in an intriguing adventure of his own: international espionage.,"Owen Wilson, Larry the Cable Guy,Michael Caine, Emily Mortimer",John Lasseter,6.2,#1a3a4a,106
841,31,2016,"Horror,Thriller","Five carnival workers are kidnapped and held hostage in an abandoned, Hell-like compound where they are forced to participate in a violent game, the goal of which is to survive twelve hours against a gang of sadistic clowns.","Malcolm McDowell, Richard Brake, Jeff Daniel Phillips,Sheri Moon Zombie",Rob Zombie,5.1,#16213e,102
842,Final Girl,2015,"Action,Thriller",A man teaches a young woman how to become a complete weapon. Later she is approached by a group of sadistic teens who kill blonde women for unknown reasons. The hunting season begins.,"Abigail Breslin, Wes Bentley, Logan Huffman,Alexander Ludwig",Tyler Shields,4.7,#3a2a1a,90
843,Chalk It Up,2016,Comedy,"When a super girly-girl is dumped by her boyfriend; she decides to do everything she can to get him back by building a college gymnastics team, quickly learning that she is capable of a lot more than just getting an MRS degree.","Maddy Curley, John DeLuca, Nikki SooHoo, Drew Seeley",Hisonni Johnson,4.8,#2d4a22,90
844,The Man Who Knew Infinity,2015,"Biography,Drama","The story of the life and academic career of the pioneer Indian mathematician, Srinivasa Ramanujan, and his friendship with his mentor, Professor G.H. Hardy.","Dev Patel, Jeremy Irons, Malcolm Sinclair, Raghuvir Joshi",Matt Brown,7.2,#1a2a1a,108
845,Unknown,2011,"Action,Mystery,Thriller","A man awakens from a coma, only to discover that someone has taken on his identity and that no one, (not even his wife), believes him. With the help of a young woman, he sets out to prove who he is.","Liam Neeson, Diane Kruger, January Jones,Aidan Quinn",Jaume Collet-Serra,6.9,#1a2a1a,113
846,Self/less,2015,"Action,Mystery,Sci-Fi","A dying real estate mogul transfers his consciousness into a healthy young body, but soon finds that neither the procedure nor the company that performed it are quite what they seem.","Ryan Reynolds, Natalie Martinez, Matthew Goode,Ben Kingsley",Tarsem Singh,6.5,#0f3460,117
847,Mr. Brooks,2007,"Crime,Drama,Thriller",A psychological thriller about a man who is sometimes controlled by his murder-and-mayhem-loving alter ego.,"Kevin Costner, Demi Moore, William Hurt, Dane Cook",Bruce A. Evans,7.3,#16213e,120
848,Tramps,2016,"Comedy,Romance",A young man and woman find love in an unlikely place while carrying out a shady deal.,"Callum Turner, Grace Van Patten, Michal Vondel, Mike Birbiglia",Adam Leon,6.5,#1a1a2e,82
849,Before We Go,2014,"Comedy,Drama,Romance",Two strangers stuck in Manhattan for the night grow into each other's most trusted confidants when an evening of unexpected adventure forces them to confront their fears and take control of their lives.,"Chris Evans, Alice Eve, Emma Fitzpatrick, John Cullum",Chris Evans,6.9,#1a1a2e,95
850,Captain Phillips,2013,"Biography,Drama,Thriller","The true story of Captain Richard Phillips and the 2009 hijacking by Somali pirates of the U.S.-flagged MV Maersk Alabama, the first American cargo ship to be hijacked in two hundred years.","Tom Hanks, Barkhad Abdi, Barkhad Abdirahman,Catherine Keener",Paul Greengrass,7.8,#2a2a1a,134
851,The Secret Scripture,2016,Drama,A woman keeps a diary of her extended stay at a mental hospital.,"Rooney Mara, Eric Bana, Theo James, Aidan Turner",Jim Sheridan,6.8,#3a4a1a,108
852,Max Steel,2016,"Action,Adventure,Family","The adventures of teenager Max McGrath and his alien companion, Steel, who must harness and combine their tremendous new powers to evolve into the turbo-charged superhero Max Steel.","Ben Winchell, Josh Brener, Maria Bello, Andy Garcia",Stewart Hendler,4.6,#1a1a1a,92
853,Hotel Transylvania 2,2015,"Animation,Comedy,Family","Dracula and his friends try to bring out the monster in his half human, half vampire grandson in order to keep Mavis from leaving the hotel.","Adam Sandler, Andy Samberg, Selena Gomez, Kevin James",Genndy Tartakovsky,6.7,#4a1a1a,89
854,Hancock,2008,"Action,Crime,Drama",Hancock is a superhero whose ill considered behavior regularly causes damage in the millions. He changes when the person he saves helps him improve his public image.,"Will Smith, Charlize Theron, Jason Bateman, Jae Head",Peter Berg,6.4,#533483,92
855,Sisters,2015,Comedy,Two sisters decide to throw one last house party before their parents sell their family home.,"Amy Poehler, Tina Fey, Maya Rudolph, Ike Barinholtz",Jason Moore,6.0,#1a4a1a,118
856,The Family,2013,"Comedy,Crime,Thriller","The Manzoni family, a notorious mafia clan, is relocated to Normandy, France under the witness protection program, where fitting in soon becomes challenging as their old habits die hard.","Robert De Niro, Michelle Pfeiffer, Dianna Agron, John D'Leo",Luc Besson,6.3,#1a1a1a,111
857,Zack and Miri Make a Porno,2008,"Comedy,Romance","Lifelong platonic friends Zack and Miri look to solve their respective cash-flow problems by making an adult film together. As the cameras roll, however, the duo begin to sense that they may have more feelings for each other than they previously thought.","Seth Rogen, Elizabeth Banks, Craig Robinson, Gerry Bednob",Kevin Smith,6.6,#16213e,101
858,Ma vie de Courgette,2016,"Animation,Comedy,Drama","After losing his mother, a young boy is sent to a foster home with other orphans his age where he begins to learn the meaning of trust and true love.","Gaspard Schlatter, Sixtine Murat, Paulin Jaccoud,Michel Vuillermoz",Claude Barras,7.8,#1a4a1a,66
859,Man on a Ledge,2012,"Action,Crime,Thriller","As a police psychologist works to talk down an ex-con who is threatening to jump from a Manhattan hotel rooftop, the biggest diamond heist ever committed is in motion.","Sam Worthington, Elizabeth Banks, Jamie Bell, Mandy Gonzalez",Asger Leth,6.6,#533483,102
860,No Strings Attached,2011,"Comedy,Romance","A guy and girl try to keep their relationship strictly physical, but it's not long before they learn that they want something more.","Natalie Portman, Ashton Kutcher, Kevin Kline, Cary Elwes",Ivan Reitman,6.2,#1a1a2e,108
861,Rescue Dawn,2006,"Adventure,Biography,Drama",A U.S. fighter pilot's epic struggle of survival after being shot down on a mission over Laos during the Vietnam War.,"Christian Bale, Steve Zahn, Jeremy Davies, Zach Grenier",Werner Herzog,7.3,#4a3a1a,120
862,Despicable Me 2,2013,"Animation,Adventure,Comedy","When Gru, the world's most super-bad turned super-dad has been recruited by a team of officials to stop lethal muscle and a host of Gru's own, He has to fight back with new gadgetry, cars, and more minion madness.","Steve Carell, Kristen Wiig, Benjamin Bratt, Miranda Cosgrove",Pierre Coffin,7.4,#16213e,98
863,A Walk Among the Tombstones,2014,"Crime,Drama,Mystery",Private investigator Matthew Scudder is hired by a drug kingpin to find out who kidnapped and murdered his wife.,"Liam Neeson, Dan Stevens, David Harbour, Boyd Holbrook",Scott Frank,6.5,#4a1a4a,114
864,The World's End,2013,"Action,Comedy,Sci-Fi",Five friends who reunite in an attempt to top their epic pub crawl from twenty years earlier unwittingly become humanity's only hope for survival.,"Simon Pegg, Nick Frost, Martin Freeman, Rosamund Pike",Edgar Wright,7.0,#533483,109
865,Yoga Hosers,2016,"Comedy,Fantasy,Horror",Two teenage yoga enthusiasts team up with a legendary man-hunter to battle with an ancient evil presence that is threatening their major party plans.,"Lily-Rose Depp, Harley Quinn Smith, Johnny Depp,Adam Brody",Kevin Smith,4.3,#2a2a1a,88
866,Seven Psychopaths,2012,"Comedy,Crime",A struggling screenwriter inadvertently becomes entangled in the Los Angeles criminal underworld after his oddball friends kidnap a gangster's beloved Shih Tzu.,"Colin Farrell, Woody Harrelson, Sam Rockwell,Christopher Walken",Martin McDonagh,7.2,#1a1a2e,110
867,Beowulf,2007,"Animation,Action,Adventure","The warrior Beowulf must fight and defeat the monster Grendel who is terrorizing Denmark, and later, Grendel's mother, who begins killing out of revenge.","Ray Winstone, Crispin Glover, Angelina Jolie,Robin Wright",Robert Zemeckis,6.2,#3a2a1a,115
868,Jack Ryan: Shadow Recruit,2014,"Action,Drama,Thriller","Jack Ryan, as a young covert CIA analyst, uncovers a Russian plot to crash the U.S. economy with a terrorist attack.","Chris Pine, Kevin Costner, Keira Knightley,Kenneth Branagh",Kenneth Branagh,6.2,#3a2a1a,105
869,1408,2007,"Fantasy,Horror","A man who specializes in debunking paranormal occurrences checks into the fabled room 1408 in the Dolphin Hotel. Soon after settling in, he confronts genuine terror.","John Cusack, Samuel L. Jackson, Mary McCormack, Paul Birchard",Mikael Håfström,6.8,#4a1a4a,104
870,The Gambler,2014,"Crime,Drama,Thriller",Lit professor and gambler Jim Bennett's debt causes him to borrow money from his mother and a loan shark. Further complicating his situation is his relationship with one of his students. Will Bennett risk his life for a second chance?,"Mark Wahlberg, Jessica Lange, John Goodman, Brie Larson",Rupert Wyatt,6.0,#1a3a4a,111
871,Prince of Persia: The Sands of Time,2010,"Action,Adventure,Fantasy",A young fugitive prince and princess must stop a villain who unknowingly threatens to destroy the world with a special dagger that enables the magic sand inside to reverse time.,"Jake Gyllenhaal, Gemma Arterton, Ben Kingsley,Alfred Molina",Mike Newell,6.6,#4a1a1a,116
872,The Spectacular Now,2013,"Comedy,Drama,Romance","A hard-partying high school senior's philosophy on life changes when he meets the not-so-typical ""nice girl.""","Miles Teller, Shailene Woodley, Kyle Chandler,Jennifer Jason Leigh",James Ponsoldt,7.1,#16213e,95
873,A United Kingdom,2016,"Biography,Drama,Romance","The story of King Seretse Khama of Botswana and how his loving but controversial marriage to a British white woman, Ruth Williams, put his kingdom into political and diplomatic turmoil.","David Oyelowo, Rosamund Pike, Tom Felton, Jack Davenport",Amma Asante,6.8,#1a3a1a,111
874,USS Indianapolis: Men of Courage,2016,"Action,Drama,History","During World War II, an American navy ship is sunk by a Japanese submarine leaving 300 crewmen stranded in shark infested waters.","Nicolas Cage, Tom Sizemore, Thomas Jane,Matt Lanter",Mario Van Peebles,5.2,#3a2a1a,128
875,Turbo Kid,2015,"Action,Adventure,Comedy","In a post-apocalyptic wasteland in 1997, a comic book fan adopts the persona of his favourite hero to save his enthusiastic friend and fight a tyrannical overlord.","Munro Chambers, Laurence Leboeuf, Michael Ironside, Edwin Wright",François Simard,6.7,#1a3a4a,93
876,Mama,2013,"Horror,Thriller",A young couple take in their two nieces only to suspect that a foreboding evil has latched itself to their family.,"Jessica Chastain, Nikolaj Coster-Waldau, Megan Charpentier, Isabelle Nélisse",Andrés Muschietti,6.2,#1a1a2e,100
877,Orphan,2009,"Horror,Mystery,Thriller",A husband and wife who recently lost their baby adopt a nine year-old girl who is not nearly as innocent as she claims to be.,"Vera Farmiga, Peter Sarsgaard, Isabelle Fuhrman, CCH Pounder",Jaume Collet-Serra,7.0,#16213e,123
878,To Rome with Love,2012,"Comedy,Romance","The lives of some visitors and residents of Rome and the romances, adventures and predicaments they get into.","Woody Allen, Penélope Cruz, Jesse Eisenberg, Ellen Page",Woody Allen,6.3,#3a2a1a,112
879,Fantastic Mr. Fox,2009,"Animation,Adventure,Comedy",An urbane fox cannot resist returning to his farm raiding ways and then must help his community survive the farmers' retaliation.,"George Clooney, Meryl Streep, Bill Murray, Jason Schwartzman",Wes Anderson,7.8,#1a2a1a,87
880,Inside Man,2006,"Crime,Drama,Mystery","A police detective, a bank robber, and a high-power broker enter high-stakes negotiations after the criminal's brilliant heist spirals into a hostage situation.","Denzel Washington, Clive Owen, Jodie Foster,Christopher Plummer",Spike Lee,7.6,#3a4a1a,129
881,I.T.,2016,"Crime,Drama,Mystery","A self-proclaimed millionaire, has his life turned upside down after firing his I.T. consultant.","Pierce Brosnan, Jason Barry, Karen Moskow, Kai Ryssdal",John Moore,5.4,#2d4a22,95
882,127 Hours,2010,"Adventure,Biography,Drama","An adventurous mountain climber becomes trapped under a boulder while canyoneering alone near Moab, Utah and resorts to desperate measures in order to survive.","James Franco, Amber Tamblyn, Kate Mara, Sean Bott",Danny Boyle,7.6,#3a2a1a,94
883,Annabelle,2014,"Horror,Mystery,Thriller",A couple begins to experience terrifying supernatural occurrences involving a vintage doll shortly after their home is invaded by satanic cultists.,"Ward Horton, Annabelle Wallis, Alfre Woodard,Tony Amendola",John R. Leonetti,5.4,#4a4a1a,99
884,Wolves at the Door,2016,"Horror,Thriller","Four friends gather at an elegant home during the Summer of Love, 1969. Unbeknownst to them, deadly visitors are waiting outside. What begins as a simple farewell party turns to a night of ... See full summary »","Katie Cassidy, Elizabeth Henstridge, Adam Campbell, Miles Fisher",John R. Leonetti,4.6,#533483,73
885,Suite Française,2014,"Drama,Romance,War","During the early years of Nazi occupation of France in World War II, romance blooms between Lucile Angellier (Michelle Williams), a French villager, and Bruno von Falk (Matthias Schoenaerts), a German soldier.","Michelle Williams, Kristin Scott Thomas, Margot Robbie,Eric Godon",Saul Dibb,6.9,#3a2a1a,107
886,The Imaginarium of Doctor Parnassus,2009,"Adventure,Fantasy,Mystery",A traveling theater company gives its audience much more than they were expecting.,"Christopher Plummer, Lily Cole, Heath Ledger,Andrew Garfield",Terry Gilliam,6.8,#1a1a2e,123
887,G.I. Joe: The Rise of Cobra,2009,"Action,Adventure,Sci-Fi","An elite military unit comprised of special operatives known as G.I. Joe, operating out of The Pit, takes on an evil organization led by a notorious arms dealer.","Dennis Quaid, Channing Tatum, Marlon Wayans,Adewale Akinnuoye-Agbaje",Stephen Sommers,5.8,#16213e,118
888,Christine,2016,"Biography,Drama","The story of Christine Chubbuck, a 1970s TV reporter struggling with depression and professional frustrations as she tries to advance her career.","Rebecca Hall, Michael C. Hall, Tracy Letts, Maria Dizzia",Antonio Campos,7.0,#533483,119
889,Man Down,2015,"Drama,Thriller","In a post-apocalyptic America, former U.S. Marine Gabriel Drummer searches desperately for the whereabouts of his son, accompanied by his best friend and a survivor.","Shia LaBeouf, Jai Courtney, Gary Oldman, Kate Mara",Dito Montiel,5.8,#1a1a2e,90
890,Crawlspace,2016,"Horror,Thriller",A thriller centered around a widower who moves into a seemingly perfect new home with his daughter and new wife.,"Michael Vartan, Erin Moriarty, Nadine Velazquez,Ronnie Gene Blevins",Phil Claydon,5.3,#1a2a1a,88
891,Shut In,2016,"Drama,Horror,Thriller","A heart-pounding thriller about a widowed child psychologist who lives in an isolated existence in rural New England. Caught in a deadly winter storm, she must find a way to rescue a young boy before he disappears forever.","Naomi Watts, Charlie Heaton, Jacob Tremblay,Oliver Platt",Farren Blackburn,4.6,#e94560,91
892,The Warriors Gate,2016,"Action,Adventure,Fantasy",A teenager is magically transported to China and learns to convert his video game skills into those of a Kung Fu warrior.,"Mark Chao, Ni Ni, Dave Bautista, Sienna Guillory",Matthias Hoene,5.3,#3a2a1a,108
893,Grindhouse,2007,"Action,Horror,Thriller",Quentin Tarantino and Robert Rodriguez's homage to exploitation double features in the 60s and 70s with two back-to-back cult films that include previews of coming attractions between them.,"Kurt Russell, Rose McGowan, Danny Trejo, Zoë Bell",Robert Rodriguez,7.6,#1a4a1a,191
894,Disaster Movie,2008,Comedy,"Over the course of one evening, an unsuspecting group of twenty-somethings find themselves bombarded by a series of natural disasters and catastrophic events.","Carmen Electra, Vanessa Lachey,Nicole Parker, Matt Lanter",Jason Friedberg,1.9,#2d4a22,87
895,Rocky Balboa,2006,"Drama,Sport","Thirty years after the ring of the first bell, Rocky Balboa comes out of retirement and dons his gloves for his final fight; against the reigning heavyweight champ Mason 'The Line' Dixon.","Sylvester Stallone, Antonio Tarver, Milo Ventimiglia, Burt Young",Sylvester Stallone,7.2,#1a4a1a,102
896,Diary of a Wimpy Kid: Dog Days,2012,"Comedy,Family","School's out. Summer vacation is on. However, Greg may not have the best summer vacation ever. What could go wrong?","Zachary Gordon, Robert Capron, Devon Bostick,Steve Zahn",David Bowers,6.4,#3a2a1a,94
897,Jane Eyre,2011,"Drama,Romance",A mousy governess who softens the heart of her employer soon discovers that he's hiding a terrible secret.,"Mia Wasikowska, Michael Fassbender, Jamie Bell, Su Elliot",Cary Joji Fukunaga,7.4,#4a3a1a,120
898,Fool's Gold,2008,"Action,Adventure,Comedy",A new clue to the whereabouts of a lost treasure rekindles a married couple's sense of adventure -- and their estranged romance.,"Matthew McConaughey, Kate Hudson, Donald Sutherland, Alexis Dziena",Andy Tennant,5.7,#1a3a1a,112
899,The Dictator,2012,Comedy,The heroic story of a dictator who risked his life to ensure that democracy would never come to the country he so lovingly oppressed.,"Sacha Baron Cohen, Anna Faris, John C. Reilly, Ben Kingsley",Larry Charles,6.4,#1a1a2e,83
900,The Loft,2014,"Mystery,Romance,Thriller","Five married guys conspire to secretly share a penthouse loft in the city--a place where they can carry out hidden affairs and indulge in their deepest fantasies. But the fantasy becomes a nightmare when they discover the dead body of an unknown woman in the loft, and they realize one of the group must be involved.","Karl Urban, James Marsden, Wentworth Miller, Eric Stonestreet",Erik Van Looy,6.3,#4a4a1a,108
901,Bacalaureat,2016,"Crime,Drama",A film about compromises and the implications of the parent's role.,"Adrian Titieni, Maria-Victoria Dragus, Lia Bugnar,Malina Manovici",Cristian Mungiu,7.5,#3a4a1a,128
902,You Don't Mess with the Zohan,2008,"Action,Comedy",An Israeli Special Forces Soldier fakes his death so he can re-emerge in New York City as a hair stylist.,"Adam Sandler, John Turturro, Emmanuelle Chriqui,Nick Swardson",Dennis Dugan,5.5,#1a3a4a,113
903,Exposed,2016,"Crime,Drama,Mystery",A police detective investigates the truth behind his partner's death. The mysterious case reveals disturbing police corruption and a dangerous secret involving an unlikely young woman.,"Ana de Armas, Keanu Reeves, Christopher McDonald, Mira Sorvino",Gee Malik Linton,4.2,#0f3460,102
904,Maudie,2016,"Biography,Drama,Romance",An arthritic Nova Scotia woman works as a housekeeper while she hones her skills as an artist and eventually becomes a beloved figure in the community.,"Ethan Hawke, Sally Hawkins, Kari Matchett, Zachary Bennett",Aisling Walsh,7.8,#1a3a4a,115
905,Horrible Bosses 2,2014,"Comedy,Crime","Dale, Kurt and Nick decide to start their own business but things don't go as planned because of a slick investor, prompting the trio to pull off a harebrained and misguided kidnapping scheme.","Jason Bateman, Jason Sudeikis, Charlie Day, Jennifer Aniston",Sean Anders,6.3,#1a1a3a,108
906,A Bigger Splash,2015,"Drama,Thriller",The vacation of a famous rock star and a filmmaker in Italy is disrupted by the unexpected visit of an old friend and his daughter.,"Tilda Swinton, Matthias Schoenaerts, Ralph Fiennes, Dakota Johnson",Luca Guadagnino,6.4,#3a4a1a,125
907,Melancholia,2011,Drama,Two sisters find their already strained relationship challenged as a mysterious new planet threatens to collide with Earth.,"Kirsten Dunst, Charlotte Gainsbourg, Kiefer Sutherland, Alexander Skarsgård",Lars von Trier,7.1,#533483,135
908,The Princess and the Frog,2009,"Animation,Adventure,Comedy","A waitress, desperate to fulfill her dreams as a restaurant owner, is set on a journey to turn a frog prince back into a human being, but she has to face the same problem after she kisses him.","Anika Noni Rose, Keith David, Oprah Winfrey, Bruno Campos",Ron Clements,7.1,#533483,97
909,Unstoppable,2010,"Action,Thriller","With an unmanned, half-mile-long freight train barreling toward a city, a veteran engineer and a young conductor race against the clock to prevent a catastrophe.","Denzel Washington, Chris Pine, Rosario Dawson, Ethan Suplee",Tony Scott,6.8,#533483,98
910,Flight,2012,"Drama,Thriller","An airline pilot saves almost all his passengers on his malfunctioning airliner which eventually crashed, but an investigation into the accident reveals something troubling.","Denzel Washington, Nadine Velazquez, Don Cheadle, John Goodman",Robert Zemeckis,7.3,#1a1a3a,138
911,Home,2015,"Animation,Adventure,Comedy","An alien on the run from his own people makes friends with a girl. He tries to help her on her quest, but can be an interference.","Jim Parsons, Rihanna, Steve Martin, Jennifer Lopez",Tim Johnson,6.7,#3a2a1a,94
912,La migliore offerta,2013,"Crime,Drama,Mystery","In the world of high-end art auctions and antiques, Virgil Oldman is an elderly and esteemed but eccentric genius art-expert, known and appreciated by the world. Oldman is hired by a ... See full summary »","Geoffrey Rush, Jim Sturgess, Sylvia Hoeks,Donald Sutherland",Giuseppe Tornatore,7.8,#1a2a1a,131
913,Mean Dreams,2016,Thriller,"Follows Casey and Jonas, two teenagers desperate to escape their broken and abusive homes and examines the desperation of life on the run and the beauty of first love.","Sophie Nélisse, Josh Wiggins, Joe Cobden, Bill Paxton",Nathan Morlando,6.3,#16213e,108
914,42,2013,"Biography,Drama,Sport",This movie is about Jackie Robinson and his journey to becoming a Brooklyn Dodger and his life during that time.,"Chadwick Boseman, T.R. Knight, Harrison Ford,Nicole Beharie",Brian Helgeland,7.5,#1a1a1a,128
915,21,2008,"Crime,Drama,Thriller","""21"" is the fact-based story about six MIT students who were trained to become experts in card counting and subsequently took Vegas casinos for millions in winnings.","Jim Sturgess, Kate Bosworth, Kevin Spacey, Aaron Yoo",Robert Luketic,6.8,#0f3460,123
916,Begin Again,2013,"Drama,Music",A chance encounter between a disgraced music-business executive and a young singer-songwriter new to Manhattan turns into a promising collaboration between the two talents.,"Keira Knightley, Mark Ruffalo, Adam Levine, Hailee Steinfeld",John Carney,7.4,#4a1a1a,104
917,Out of the Furnace,2013,"Crime,Drama,Thriller","When Rodney Baze mysteriously disappears and law enforcement doesn't follow through fast enough, his older brother, Russell, takes matters into his own hands to find justice.","Christian Bale, Casey Affleck, Zoe Saldana, Woody Harrelson",Scott Cooper,6.8,#1a2a1a,116
918,Vicky Cristina Barcelona,2008,"Drama,Romance","Two girlfriends on a summer holiday in Spain become enamored with the same painter, unaware that his ex-wife, with whom he has a tempestuous relationship, is about to re-enter the picture.","Rebecca Hall, Scarlett Johansson, Javier Bardem,Christopher Evan Welch",Woody Allen,7.1,#2d4a22,96
919,Barbershop: The Next Cut,2016,"Comedy,Drama","As their surrounding community has taken a turn for the worse, the crew at Calvin's Barbershop come together to bring some much needed change to their neighborhood.","Ice Cube, Regina Hall, Anthony Anderson, Eve",Malcolm D. Lee,5.9,#533483,111
920,Terminator Salvation,2009,"Action,Adventure,Drama","In 2018, a mysterious new weapon in the war against the machines, half-human and half-machine, comes to John Connor on the eve of a resistance attack on Skynet. But whose side is he on, and can he be trusted?","Christian Bale, Sam Worthington, Anton Yelchin, Moon Bloodgood",McG,6.6,#1a1a3a,115
921,Freedom Writers,2007,"Biography,Crime,Drama","A young teacher inspires her class of at-risk students to learn tolerance, apply themselves, and pursue education beyond high school.","Hilary Swank, Imelda Staunton, Patrick Dempsey, Scott Glenn",Richard LaGravenese,7.5,#2d4a22,123
922,The Hills Have Eyes,2006,Horror,"A suburban American family is being stalked by a group of psychotic people who live in the desert, far away from civilization.","Ted Levine, Kathleen Quinlan, Dan Byrd, Emilie de Ravin",Alexandre Aja,6.4,#16213e,107
923,Changeling,2008,"Biography,Drama,Mystery","A grief-stricken mother takes on the LAPD to her own detriment when it stubbornly tries to pass off an obvious impostor as her missing child, while also refusing to give up hope that she will find him one day.","Angelina Jolie, Colm Feore, Amy Ryan, Gattlin Griffith",Clint Eastwood,7.8,#4a1a1a,141
924,Remember Me,2010,"Drama,Romance","A romantic drama centered on two new lovers: Tyler, whose parents have split in the wake of his brother's suicide, and Ally, who lives each day to the fullest since witnessing her mother's murder.","Robert Pattinson, Emilie de Ravin, Caitlyn Rund,Moisés Acevedo",Allen Coulter,7.2,#4a4a1a,113
925,Koe no katachi,2016,"Animation,Drama,Romance","The story revolves around Nishimiya Shoko, a grade school student who has impaired hearing. She transfers into a new school, where she is bullied by her classmates, especially Ishida Shouya... See full summary »","Miyu Irino, Saori Hayami, Aoi Yuki, Kenshô Ono",Naoko Yamada,8.4,#e94560,129
926,"Alexander and the Terrible, Horrible, No Good, Very Bad Day",2014,"Comedy,Family","Alexander's day begins with gum stuck in his hair, followed by more calamities. However, he finds little sympathy from his family and begins to wonder if bad things only happen to him, his mom, dad, brother and sister - who all find themselves living through their own terrible, horrible, no good, very bad day.","Steve Carell, Jennifer Garner, Ed Oxenbould, Dylan Minnette",Miguel Arteta,6.2,#1a1a1a,81
927,Locke,2013,Drama,"Ivan Locke, a dedicated family man and successful construction manager, receives a phone call on the eve of the biggest challenge of his career that sets in motion a series of events that threaten his carefully cultivated existence.","Tom Hardy, Olivia Colman, Ruth Wilson, Andrew Scott",Steven Knight,7.1,#16213e,85
928,The 9th Life of Louis Drax,2016,"Mystery,Thriller",A psychologist who begins working with a young boy who has suffered a near-fatal fall finds himself drawn into a mystery that tests the boundaries of fantasy and reality.,"Jamie Dornan, Aiden Longworth, Sarah Gadon,Aaron Paul",Alexandre Aja,6.3,#3a4a1a,108
929,Horns,2013,"Drama,Fantasy,Horror","In the aftermath of his girlfriend's mysterious death, a young man awakens to find strange horns sprouting from his temples.","Daniel Radcliffe, Juno Temple, Max Minghella, Joe Anderson",Alexandre Aja,6.5,#1a3a4a,120
930,Indignation,2016,"Drama,Romance","In 1951, Marcus, a working-class Jewish student from New Jersey, attends a small Ohio college, where he struggles with sexual repression and cultural disaffection, amid the ongoing Korean War.","Logan Lerman, Sarah Gadon, Tijuana Ricks, Sue Dahlman",James Schamus,6.9,#2d4a22,110
931,The Stanford Prison Experiment,2015,"Biography,Drama,History",Twenty-four male students out of seventy-five were selected to take on randomly assigned roles of prisoners and guards in a mock prison situated in the basement of the Stanford psychology building.,"Ezra Miller, Tye Sheridan, Billy Crudup, Olivia Thirlby",Kyle Patrick Alvarez,6.9,#3a2a1a,122
932,Diary of a Wimpy Kid: Rodrick Rules,2011,"Comedy,Family","Back in middle school after summer vacation, Greg Heffley and his older brother Rodrick must deal with their parents' misguided attempts to have them bond.","Zachary Gordon, Devon Bostick, Robert Capron,Rachael Harris",David Bowers,6.6,#1a4a1a,99
933,Mission: Impossible III,2006,"Action,Adventure,Thriller",Agent Ethan Hunt comes into conflict with a dangerous and sadistic arms dealer who threatens his life and his fianceé in response .,"Tom Cruise, Michelle Monaghan, Ving Rhames, Philip Seymour Hoffman",J.J. Abrams,6.9,#4a1a4a,126
934,En man som heter Ove,2015,"Comedy,Drama","Ove, an ill-tempered, isolated retiree who spends his days enforcing block association rules and visiting his wife's grave, has finally given up on life just as an unlikely friendship develops with his boisterous new neighbors.","Rolf Lassgård, Bahar Pars, Filip Berg, Ida Engvoll",Hannes Holm,7.7,#e94560,116
935,Dragonball Evolution,2009,"Action,Adventure,Fantasy","The young warrior Son Goku sets out on a quest, racing against time and the vengeful King Piccolo, to collect a set of seven magical orbs that will grant their wielder unlimited power.","Justin Chatwin, James Marsters, Yun-Fat Chow, Emmy Rossum",James Wong,2.7,#1a3a1a,85
936,Red Dawn,2012,"Action,Thriller",A group of teenagers look to save their town from an invasion of North Korean soldiers.,"Chris Hemsworth, Isabel Lucas, Josh Hutcherson, Josh Peck",Dan Bradley,5.4,#4a1a1a,93
937,One Day,2011,"Drama,Romance","After spending the night together on the night of their college graduation Dexter and Em are shown each year on the same date to see where they are in their lives. They are sometimes together, sometimes not, on that day.","Anne Hathaway, Jim Sturgess, Patricia Clarkson,Tom Mison",Lone Scherfig,7.0,#1a4a1a,107
938,Life as We Know It,2010,"Comedy,Drama,Romance",Two single adults become caregivers to an orphaned girl when their mutual best friends die in an accident.,"Katherine Heigl, Josh Duhamel, Josh Lucas, Alexis Clagett",Greg Berlanti,6.6,#e94560,114
939,28 Weeks Later,2007,"Drama,Horror,Sci-Fi","Six months after the rage virus was inflicted on the population of Great Britain, the US Army helps to secure a small area of London for the survivors to repopulate and start again. But not everything goes to plan.","Jeremy Renner, Rose Byrne, Robert Carlyle, Harold Perrineau",Juan Carlos Fresnadillo,7.0,#2a2a1a,100
940,Warm Bodies,2013,"Comedy,Horror,Romance","After a highly unusual zombie saves a still-living girl from an attack, the two form a relationship that sets in motion events that might transform the entire lifeless world.","Nicholas Hoult, Teresa Palmer, John Malkovich,Analeigh Tipton",Jonathan Levine,6.9,#1a3a4a,98
941,Blue Jasmine,2013,Drama,"A New York socialite, deeply troubled and in denial, arrives in San Francisco to impose upon her sister. She looks a million, but isn't bringing money, peace, or love...","Cate Blanchett, Alec Baldwin, Peter Sarsgaard, Sally Hawkins",Woody Allen,7.3,#4a3a1a,98
942,G.I. Joe: Retaliation,2013,"Action,Adventure,Sci-Fi",The G.I. Joes are not only fighting their mortal enemy Cobra; they are forced to contend with threats from within the government that jeopardize their very existence.,"Dwayne Johnson, Channing Tatum, Adrianne Palicki,Byung-hun Lee",Jon M. Chu,5.8,#1a1a1a,110
943,Wrath of the Titans,2012,"Action,Adventure,Fantasy","Perseus braves the treacherous underworld to rescue his father, Zeus, captured by his son, Ares, and brother Hades who unleash the ancient Titans upon the world.","Sam Worthington, Liam Neeson, Rosamund Pike, Ralph Fiennes",Jonathan Liebesman,5.8,#1a3a4a,99
944,Shin Gojira,2016,"Action,Adventure,Drama",Japan is plunged into chaos upon the appearance of a giant monster.,"Hiroki Hasegawa, Yutaka Takenouchi,Satomi Ishihara, Ren Ôsugi",Hideaki Anno,6.9,#1a4a1a,120
945,Saving Mr. Banks,2013,"Biography,Comedy,Drama","Author P.L. Travers reflects on her childhood after reluctantly meeting with Walt Disney, who seeks to adapt her Mary Poppins books for the big screen.","Emma Thompson, Tom Hanks, Annie Rose Buckley, Colin Farrell",John Lee Hancock,7.5,#2a2a1a,125
946,Transcendence,2014,"Drama,Mystery,Romance","A scientist's drive for artificial intelligence, takes on dangerous implications when his consciousness is uploaded into one such program.","Johnny Depp, Rebecca Hall, Morgan Freeman, Cillian Murphy",Wally Pfister,6.3,#1a1a3a,119
947,Equals,2015,"Drama,Romance,Sci-Fi","In an emotionless utopia, two people fall in love when they regain their feelings from a mysterious disease, causing tensions between them and their society.","Nicholas Hoult, Kristen Stewart, Vernetta Lopez,Scott Lawrence",Drake Doremus,6.1,#1a1a1a,101
948,Babel,2006,Drama,"Tragedy strikes a married couple on vacation in the Moroccan desert, touching off an interlocking story involving four different families.","Brad Pitt, Cate Blanchett, Gael García Bernal, Mohamed Akhzam",Alejandro González Iñárritu,7.5,#4a4a1a,143
949,The Tree of Life,2011,"Drama,Fantasy","The story of a family in Waco, Texas in 1956. The eldest son witnesses the loss of innocence and struggles with his parents' conflicting teachings.","Brad Pitt, Sean Penn, Jessica Chastain, Hunter McCracken",Terrence Malick,6.8,#0f3460,139
950,The Lucky One,2012,"Drama,Romance",A Marine travels to Louisiana after serving three tours in Iraq and searches for the unknown woman he believes was his good luck charm during the war.,"Zac Efron, Taylor Schilling, Blythe Danner, Riley Thomas Stewart",Scott Hicks,6.5,#1a1a3a,101
951,Piranha 3D,2010,"Comedy,Horror,Thriller","After a sudden underwater tremor sets free scores of the prehistoric man-eating fish, an unlikely group of strangers must band together to stop themselves from becoming fish food for the area's new razor-toothed residents.","Elisabeth Shue, Jerry O'Connell, Richard Dreyfuss,Ving Rhames",Alexandre Aja,5.5,#1a3a1a,88
952,50/50,2011,"Comedy,Drama,Romance","Inspired by a true story, a comedy centered on a 27-year-old guy who learns of his cancer diagnosis, and his subsequent struggle to beat the disease.","Joseph Gordon-Levitt, Seth Rogen, Anna Kendrick, Bryce Dallas Howard",Jonathan Levine,7.7,#1a1a3a,100
953,The Intent,2016,"Crime,Drama","Gunz (Dylan Duffus) is thrust into a world of excitement when he joins the TIC crew. The crew, led by the ruthless Hoodz (Scorcher), goes from low level weed peddling to full on armed ... See full summary »","Dylan Duffus, Scorcher,Shone Romulus, Jade Asha",Femi Oyeniran,3.5,#1a1a2e,104
954,This Is 40,2012,"Comedy,Romance","Pete and Debbie are both about to turn 40, their kids hate each other, both of their businesses are failing, they're on the verge of losing their house, and their relationship is threatening to fall apart.","Paul Rudd, Leslie Mann, Maude Apatow, Iris Apatow",Judd Apatow,6.2,#1a2a1a,134
955,Real Steel,2011,"Action,Drama,Family","In the near future, robot boxing is a top sport. A struggling promoter feels he's found a champion in a discarded robot.","Hugh Jackman, Evangeline Lilly, Dakota Goyo,Anthony Mackie",Shawn Levy,7.1,#4a4a1a,127
956,Sex and the City,2008,"Comedy,Drama,Romance",A New York writer on sex and love is finally getting married to her Mr. Big. But her three best girlfriends must console her after one of them inadvertently leads Mr. Big to jilt her.,"Sarah Jessica Parker, Kim Cattrall, Cynthia Nixon, Kristin Davis",Michael Patrick King,5.5,#16213e,145
957,Rambo,2008,"Action,Thriller,War","In Thailand, John Rambo joins a group of missionaries to venture into war-torn Burma, and rescue a group of Christian aid workers who were kidnapped by the ruthless local infantry unit.","Sylvester Stallone, Julie Benz, Matthew Marsden, Graham McTavish",Sylvester Stallone,7.1,#1a1a1a,92
958,Planet Terror,2007,"Action,Comedy,Horror","After an experimental bio-weapon is released, turning thousands into zombie-like creatures, it's up to a rag-tag group of survivors to stop the infected and those behind its release.","Rose McGowan, Freddy Rodríguez, Josh Brolin,Marley Shelton",Robert Rodriguez,7.1,#1a1a1a,105
959,Concussion,2015,"Biography,Drama,Sport","In Pittsburgh, accomplished pathologist Dr. Bennet Omalu uncovers the truth about brain damage in football players who suffer repeated concussions in the course of normal play.","Will Smith, Alec Baldwin, Albert Brooks, David Morse",Peter Landesman,7.1,#533483,123
960,The Fall,2006,"Adventure,Comedy,Drama","In a hospital on the outskirts of 1920s Los Angeles, an injured stuntman begins to tell a fellow patient, a little girl with a broken arm, a fantastic story of five mythical heroes. Thanks to his fractured state of mind and her vivid imagination, the line between fiction and reality blurs as the tale advances.","Lee Pace, Catinca Untaru, Justine Waddell, Kim Uylenbroek",Tarsem Singh,7.9,#2d4a22,117
961,The Ugly Truth,2009,"Comedy,Romance",A romantically challenged morning show producer is reluctantly embroiled in a series of outrageous tests by her chauvinistic correspondent to prove his theories on relationships and help ... See full summary »,"Katherine Heigl, Gerard Butler, Bree Turner, Eric Winter",Robert Luketic,6.5,#1a1a1a,96
962,Bride Wars,2009,"Comedy,Romance",Two best friends become rivals when they schedule their respective weddings on the same day.,"Kate Hudson, Anne Hathaway, Candice Bergen, Bryan Greenberg",Gary Winick,5.5,#1a1a2e,89
963,Sleeping with Other People,2015,"Comedy,Drama,Romance","A good-natured womanizer and a serial cheater form a platonic relationship that helps reform them in ways, while a mutual attraction sets in.","Jason Sudeikis, Alison Brie, Jordan Carlos,Margarita Levieva",Leslye Headland,6.5,#1a3a4a,101
964,Snakes on a Plane,2006,"Action,Adventure,Crime","An FBI agent takes on a plane full of deadly and venomous snakes, deliberately released to kill a witness being flown from Honolulu to Los Angeles to testify against a mob boss.","Samuel L. Jackson, Julianna Margulies, Nathan Phillips, Rachel Blanchard",David R. Ellis,5.6,#16213e,105
965,What If,2013,"Comedy,Romance","Wallace, who is burned out from a string of failed relationships, forms an instant bond with Chantry, who lives with her longtime boyfriend. Together, they puzzle out what it means if your best friend is also the love of your life.","Daniel Radcliffe, Zoe Kazan, Megan Park, Adam Driver",Michael Dowse,6.8,#2d4a22,98
966,How to Train Your Dragon 2,2014,"Animation,Action,Adventure","When Hiccup and Toothless discover an ice cave that is home to hundreds of new wild dragons and the mysterious Dragon Rider, the two friends find themselves at the center of a battle to protect the peace.","Jay Baruchel, Cate Blanchett, Gerard Butler, Craig Ferguson",Dean DeBlois,7.9,#1a2a1a,102
967,RoboCop,2014,"Action,Crime,Sci-Fi","In 2028 Detroit, when Alex Murphy - a loving husband, father and good cop - is critically injured in the line of duty, the multinational conglomerate OmniCorp sees their chance for a part-man, part-robot police officer.","Joel Kinnaman, Gary Oldman, Michael Keaton, Abbie Cornish",José Padilha,6.2,#3a2a1a,117
968,In Dubious Battle,2016,Drama,An activist gets caught up in the labor movement for farm workers in California during the 1930s.,"Nat Wolff, James Franco, Vincent D'Onofrio, Selena Gomez",James Franco,6.2,#4a4a1a,110
969,"Hello, My Name Is Doris",2015,"Comedy,Drama,Romance",A self-help seminar inspires a sixty-something woman to romantically pursue her younger co-worker.,"Sally Field, Max Greenfield, Tyne Daly, Wendi McLendon-Covey",Michael Showalter,6.7,#4a1a4a,95
970,Ocean's Thirteen,2007,"Crime,Thriller","Danny Ocean rounds up the boys for a third heist, after casino owner Willy Bank double-crosses one of the original eleven, Reuben Tishkoff.","George Clooney, Brad Pitt, Matt Damon,Michael Mantell",Steven Soderbergh,6.9,#4a1a4a,122
971,Slither,2006,"Comedy,Horror,Sci-Fi","A small town is taken over by an alien plague, turning residents into zombies and all forms of mutant monsters.","Nathan Fillion, Elizabeth Banks, Michael Rooker, Don Thompson",James Gunn,6.5,#1a1a3a,95
972,Contagion,2011,"Drama,Thriller","Healthcare professionals, government officials and everyday people find themselves in the midst of a worldwide epidemic as the CDC works to find a cure.","Matt Damon, Kate Winslet, Jude Law, Gwyneth Paltrow",Steven Soderbergh,6.6,#1a2a1a,106
973,Il racconto dei racconti - Tale of Tales,2015,"Drama,Fantasy,Horror","From the bitter quest of the Queen of Longtrellis, to two mysterious sisters who provoke the passion of a king, to the King of Highhills obsessed with a giant Flea, these tales are inspired by the fairytales by Giambattista Basile.","Salma Hayek, Vincent Cassel, Toby Jones, John C. Reilly",Matteo Garrone,6.4,#1a3a4a,133
974,I Am the Pretty Thing That Lives in the House,2016,Thriller,A young nurse takes care of elderly author who lives in a haunted house.,"Ruth Wilson, Paula Prentiss, Lucy Boynton, Bob Balaban",Oz Perkins,4.7,#533483,87
975,Bridge to Terabithia,2007,"Adventure,Drama,Family",A preteen's life turns upside down when he befriends the new girl in school and they imagine a whole new fantasy world to escape reality.,"Josh Hutcherson, AnnaSophia Robb, Zooey Deschanel, Robert Patrick",Gabor Csupo,7.2,#1a2a1a,96
976,Coherence,2013,"Mystery,Sci-Fi,Thriller",Strange things begin to happen when a group of friends gather for a dinner party on an evening when a comet is passing overhead.,"Emily Baldoni, Maury Sterling, Nicholas Brendon, Elizabeth Gracen",James Ward Byrkit,7.2,#2d4a22,89
977,Notorious,2009,"Biography,Crime,Drama","The life and death story of Notorious B.I.G. (a.k.a. Christopher Wallace), who came straight out of Brooklyn to take the world of rap music by storm.","Jamal Woolard, Anthony Mackie, Derek Luke,Momo Dione",George Tillman Jr.,6.7,#2a2a1a,122
978,Goksung,2016,"Drama,Fantasy,Horror",A stranger arrives in a little village and soon after a mysterious sickness starts spreading. A policeman is drawn into the incident and is forced to solve the mystery in order to save his daughter.,"Jun Kunimura, Jung-min Hwang, Do-won Kwak, Woo-hee Chun",Hong-jin Na,7.5,#e94560,156
979,The Expendables 2,2012,"Action,Adventure,Thriller","Mr. Church reunites the Expendables for what should be an easy paycheck, but when one of their men is murdered on the job, their quest for revenge puts them deep in enemy territory and up against an unexpected threat.","Sylvester Stallone, Liam Hemsworth, Randy Couture,Jean-Claude Van Damme",Simon West,6.6,#2a2a1a,103
980,The Girl Next Door,2007,"Crime,Drama,Horror","Based on the Jack Ketchum novel of the same name, The Girl Next Door follows the unspeakable torture and abuses committed on a teenage girl in the care of her aunt...and the boys who witness and fail to report the crime.","William Atherton, Blythe Auffarth, Blanche Baker,Kevin Chamberlin",Gregory Wilson,6.7,#3a2a1a,91
981,Perfume: The Story of a Murderer,2006,"Crime,Drama,Fantasy","Jean-Baptiste Grenouille, born with a superior olfactory sense, creates the world's finest perfume. His work, however, takes a dark turn as he searches for the ultimate scent.","Ben Whishaw, Dustin Hoffman, Alan Rickman,Francesc Albiol",Tom Tykwer,7.5,#1a1a3a,147
982,The Golden Compass,2007,"Adventure,Family,Fantasy","In a parallel universe, young Lyra Belacqua journeys to the far North to save her best friend and other kidnapped children from terrible experiments by a mysterious organization.","Nicole Kidman, Daniel Craig, Dakota Blue Richards, Ben Walker",Chris Weitz,6.1,#4a1a1a,113
983,Centurion,2010,"Action,Adventure,Drama",A splinter group of Roman soldiers fight for their lives behind enemy lines after their legion is decimated in a devastating guerrilla attack.,"Michael Fassbender, Dominic West, Olga Kurylenko,Andreas Wisniewski",Neil Marshall,6.4,#1a4a1a,97
984,Scouts Guide to the Zombie Apocalypse,2015,"Action,Comedy,Horror","Three scouts, on the eve of their last camp-out, discover the true meaning of friendship when they attempt to save their town from a zombie outbreak.","Tye Sheridan, Logan Miller, Joey Morgan,Sarah Dumont",Christopher Landon,6.3,#4a4a1a,93
985,17 Again,2009,"Comedy,Drama,Family",Mike O'Donnell is ungrateful for how his life turned out. He gets a chance to rewrite his life when he tried to save a janitor near a bridge and jumped after him into a time vortex.,"Zac Efron, Matthew Perry, Leslie Mann, Thomas Lennon",Burr Steers,6.4,#4a1a4a,102
986,No Escape,2015,"Action,Thriller","In their new overseas home, an American family soon finds themselves caught in the middle of a coup, and they frantically look for a safe escape from an environment where foreigners are being immediately executed.","Lake Bell, Pierce Brosnan, Owen Wilson,Chatchawai Kamonsakpitak",John Erick Dowdle,6.8,#4a3a1a,103
987,Superman Returns,2006,"Action,Adventure,Sci-Fi","Superman reappears after a long absence, but is challenged by an old foe who uses Kryptonian technology for world domination.","Brandon Routh, Kevin Spacey, Kate Bosworth, James Marsden",Bryan Singer,6.1,#1a1a2e,154
988,The Twilight Saga: Breaking Dawn - Part 1,2011,"Adventure,Drama,Fantasy","The Quileutes close in on expecting parents Edward and Bella, whose unborn child poses a threat to the Wolf Pack and the towns people of Forks.","Kristen Stewart, Robert Pattinson, Taylor Lautner, Gil Birmingham",Bill Condon,4.9,#1a3a1a,117
989,Precious,2009,Drama,"In New York City's Harlem circa 1987, an overweight, abused, illiterate teen who is pregnant with her second child is invited to enroll in an alternative school in hopes that her life can head in a new direction.","Gabourey Sidibe, Mo'Nique, Paula Patton, Mariah Carey",Lee Daniels,7.3,#2a2a1a,110
990,The Sea of Trees,2015,Drama,A suicidal American befriends a Japanese man lost in a forest near Mt. Fuji and the two search for a way out.,"Matthew McConaughey, Naomi Watts, Ken Watanabe,Ryoko Seta",Gus Van Sant,5.9,#e94560,110
991,Good Kids,2016,Comedy,Four high school students look to redefine themselves after graduation.,"Zoey Deutch, Nicholas Braun, Mateo Arias, Israel Broussard",Chris McCoy,6.1,#1a1a3a,86
992,The Master,2012,Drama,A Naval veteran arrives home from war unsettled and uncertain of his future - until he is tantalized by The Cause and its charismatic leader.,"Philip Seymour Hoffman, Joaquin Phoenix,Amy Adams, Jesse Plemons",Paul Thomas Anderson,7.1,#16213e,144
993,Footloose,2011,"Comedy,Drama,Music","City teenager Ren MacCormack moves to a small town where rock music and dancing have been banned, and his rebellious spirit shakes up the populace.","Kenny Wormald, Julianne Hough, Dennis Quaid,Andie MacDowell",Craig Brewer,5.9,#533483,113
994,If I Stay,2014,"Drama,Fantasy,Music","Life changes in an instant for young Mia Hall after a car accident puts her in a coma. During an out-of-body experience, she must decide whether to wake up and live a life far different than she had imagined. The choice is hers if she can go on.","Chloë Grace Moretz, Mireille Enos, Jamie Blackley,Joshua Leonard",R.J. Cutler,6.8,#4a4a1a,107
995,The Ticket,2016,Drama,A blind man who regains his vision finds himself becoming metaphorically blinded by his obsession for the superficial.,"Dan Stevens, Malin Akerman, Oliver Platt, Kerry Bishé",Ido Fluk,5.4,#3a2a1a,97
996,Detour,2016,Thriller,"A young law student blindly enters into a pact with a man who offers to kill his stepfather, whom he feels is responsible for the accident that sent his mother into a coma.","Tye Sheridan, Emory Cohen, Bel Powley,Stephen Moyer",Christopher Smith,6.3,#1a3a1a,97
997,The Love Witch,2016,"Comedy,Horror",A modern-day witch uses spells and magic to get men to fall in love with her.,"Samantha Robinson, Jeffrey Vincent Parise, Laura Waddell, Gian Keys",Anna Biller,6.2,#1a3a4a,120
998,Talladega Nights: The Ballad of Ricky Bobby,2006,"Action,Comedy,Sport","#1 NASCAR driver Ricky Bobby stays atop the heap thanks to a pact with his best friend and teammate, Cal Naughton, Jr. But when a French Formula One driver, makes his way up the ladder, Ricky Bobby's talent and devotion are put to the test.","Will Ferrell, John C. Reilly, Sacha Baron Cohen, Gary Cole",Adam McKay,6.6,#16213e,108
999,The Human Centipede (First Sequence),2009,Horror,"A mad scientist kidnaps and mutilates a trio of tourists in order to reassemble them into a human centipede, created by stitching their mouths to each others' rectums.","Dieter Laser, Ashley C. Williams, Ashlynn Yennie, Akihiro Kitamura",Tom Six,4.4,#2d4a22,92
1000,Super,2010,"Comedy,Drama","After his wife falls under the influence of a drug dealer, an everyday guy transforms himself into Crimson Bolt, a superhero with the best intentions, but lacking in heroic skills.","Rainn Wilson, Ellen Page, Liv Tyler, Kevin Bacon",James Gunn,6.8,#1a3a1a,96
1001,The Siege of Jadotville,2016,"Action,Drama,Thriller",Irish Commandant Pat Quinlan leads a stand off with troops against French and Belgian Mercenaries in the Congo during the early 1960s.,"Jamie Dornan, Mark Strong, Jason O'Mara, Michael McElhatton",Richie Smyth,7.3,#4a4a1a,108
1002,Up in the Air,2009,"Drama,Romance","Ryan Bingham enjoys living out of a suitcase for his job traveling around the country firing people, but finds that lifestyle threatened by the presence of a potential love interest and a new hire.","George Clooney, Vera Farmiga, Anna Kendrick,Jason Bateman",Jason Reitman,7.4,#4a1a1a,109
1003,The Midnight Meat Train,2008,"Horror,Mystery","A photographer's obsessive pursuit of dark subject matter leads him into the path of a serial killer who stalks late night commuters, ultimately butchering them in the most gruesome ways imaginable.","Vinnie Jones, Bradley Cooper, Leslie Bibb, Brooke Shields",Ryûhei Kitamura,6.1,#4a4a1a,98
1004,The Twilight Saga: Eclipse,2010,"Adventure,Drama,Fantasy","As a string of mysterious killings grips Seattle, Bella, whose high school graduation is fast approaching, is forced to choose between her love for vampire Edward and her friendship with werewolf Jacob.","Kristen Stewart, Robert Pattinson, Taylor Lautner,Xavier Samuel",David Slade,4.9,#1a3a4a,124
1005,Transpecos,2016,Thriller,"For three Border Patrol agents working a remote desert checkpoint, the contents of one car will reveal an insidious plot within their own ranks. The next 24 hours will take them on a treacherous journey that could cost them their lives.","Johnny Simmons, Gabriel Luna, Clifton Collins Jr.,David Acord",Greg Kwedar,5.8,#3a4a1a,86
1006,What's Your Number?,2011,"Comedy,Romance",A woman looks back at the past nineteen men she's had relationships with in her life and wonders if one of them might be her one true love.,"Anna Faris, Chris Evans, Ari Graynor, Blythe Danner",Mark Mylod,6.1,#3a4a1a,106
1007,Riddick,2013,"Action,Sci-Fi,Thriller","Left for dead on a sun-scorched planet, Riddick finds himself up against an alien race of predators. Activating an emergency beacon alerts two ships: one carrying a new breed of mercenary, the other captained by a man from Riddick's past.","Vin Diesel, Karl Urban, Katee Sackhoff, Jordi Mollà",David Twohy,6.4,#4a4a1a,119
1008,Triangle,2009,"Fantasy,Mystery,Thriller","The story revolves around the passengers of a yachting trip in the Atlantic Ocean who, when struck by mysterious weather conditions, jump to another ship only to experience greater havoc on the open seas.","Melissa George, Joshua McIvor, Jack Taylor,Michael Dorman",Christopher Smith,6.9,#0f3460,99
1009,The Butler,2013,"Biography,Drama","As Cecil Gaines serves eight presidents during his tenure as a butler at the White House, the civil rights movement, Vietnam, and other major events affect this man's life, family, and American society.","Forest Whitaker, Oprah Winfrey, John Cusack, Jane Fonda",Lee Daniels,7.2,#4a1a1a,132
1010,King Cobra,2016,"Crime,Drama","This ripped-from-the-headlines drama covers the early rise of gay porn headliner Sean Paul Lockhart a.k.a. Brent Corrigan, before his falling out with the producer who made him famous. When... See full summary »","Garrett Clayton, Christian Slater, Molly Ringwald,James Kelley",Justin Kelly,5.6,#1a2a1a,91
1011,After Earth,2013,"Action,Adventure,Sci-Fi","A crash landing leaves Kitai Raige and his father Cypher stranded on Earth, a millennium after events forced humanity's escape. With Cypher injured, Kitai must embark on a perilous journey to signal for help.","Jaden Smith, David Denman, Will Smith,Sophie Okonedo",M. Night Shyamalan,4.9,#4a3a1a,100
1012,Kicks,2016,Adventure,"Brandon is a 15 year old whose dream is a pair of fresh Air Jordans. Soon after he gets his hands on them, they're stolen by a local hood, causing Brandon and his two friends to go on a dangerous mission through Oakland to retrieve them.","Jahking Guillory, Christopher Jordan Wallace,Christopher Meyer, Kofi Siriboe",Justin Tipping,6.1,#533483,80
1013,Me and Earl and the Dying Girl,2015,"Comedy,Drama","High schooler Greg, who spends most of his time making parodies of classic movies with his co-worker Earl, finds his outlook forever altered after befriending a classmate who has just been diagnosed with cancer.","Thomas Mann, RJ Cyler, Olivia Cooke, Nick Offerman",Alfonso Gomez-Rejon,7.8,#0f3460,105
1014,The Descendants,2011,"Comedy,Drama",A land baron tries to reconnect with his two daughters after his wife is seriously injured in a boating accident.,"George Clooney, Shailene Woodley, Amara Miller, Nick Krause",Alexander Payne,7.3,#1a1a2e,115
1015,Sex and the City 2,2010,"Comedy,Drama,Romance","While wrestling with the pressures of life, love, and work in Manhattan, Carrie, Miranda, and Charlotte join Samantha for a trip to Abu Dhabi (United Arab Emirates), where Samantha's ex is filming a new movie.","Sarah Jessica Parker, Kim Cattrall, Kristin Davis, Cynthia Nixon",Michael Patrick King,4.3,#4a4a1a,146
1016,The Kings of Summer,2013,"Adventure,Comedy,Drama","Three teenage friends, in the ultimate act of independence, decide to spend their summer building a house in the woods and living off the land.","Nick Robinson, Gabriel Basso, Moises Arias,Nick Offerman",Jordan Vogt-Roberts,7.2,#2d4a22,95
1017,Death Race,2008,"Action,Sci-Fi,Thriller",Ex-con Jensen Ames is forced by the warden of a notorious prison to compete in our post-industrial world's most popular sport: a car race in which inmates must brutalize and kill one another on the road to victory.,"Jason Statham, Joan Allen, Tyrese Gibson, Ian McShane",Paul W.S. Anderson,6.4,#2a2a1a,105
1018,That Awkward Moment,2014,"Comedy,Romance","Three best friends find themselves where we've all been - at that confusing moment in every dating relationship when you have to decide ""So...where is this going?""","Zac Efron, Michael B. Jordan, Miles Teller, Imogen Poots",Tom Gormican,6.2,#4a1a4a,94
1019,Legion,2010,"Action,Fantasy,Horror","When a group of strangers at a dusty roadside diner come under attack by demonic forces, their only chance for survival lies with an archangel named Michael, who informs a pregnant waitress that her unborn child is humanity's last hope.","Paul Bettany, Dennis Quaid, Charles S. Dutton, Lucas Black",Scott Stewart,5.2,#1a1a1a,100
1020,End of Watch,2012,"Crime,Drama,Thriller","Shot documentary-style, this film follows the daily grind of two young police officers in LA who are partners and friends, and what happens when they meet criminal forces greater than themselves.","Jake Gyllenhaal, Michael Peña, Anna Kendrick, America Ferrera",David Ayer,7.7,#4a4a1a,109
1021,3 Days to Kill,2014,"Action,Drama,Thriller",A dying CIA agent trying to reconnect with his estranged daughter is offered an experimental drug that could save his life in exchange for one last assignment.,"Kevin Costner, Hailee Steinfeld, Connie Nielsen, Amber Heard",McG,6.2,#1a3a4a,117
1022,Lucky Number Slevin,2006,"Crime,Drama,Mystery",A case of mistaken identity lands Slevin into the middle of a war being plotted by two of the city's most rival crime bosses: The Rabbi and The Boss. Slevin is under constant surveillance by relentless Detective Brikowski as well as the infamous assassin Goodkat and finds himself having to hatch his own ingenious plot to get them before they get him.,"Josh Hartnett, Ben Kingsley, Morgan Freeman, Lucy Liu",Paul McGuigan,7.8,#1a3a1a,110
1023,Trance,2013,"Crime,Drama,Mystery",An art auctioneer who has become mixed up with a group of criminals partners with a hypnotherapist in order to recover a lost painting.,"James McAvoy, Rosario Dawson, Vincent Cassel,Danny Sapani",Danny Boyle,7.0,#e94560,101
1024,Into the Forest,2015,"Drama,Sci-Fi,Thriller","After a massive power outage, two sisters learn to survive on their own in their isolated woodland home.","Ellen Page, Evan Rachel Wood, Max Minghella,Callum Keith Rennie",Patricia Rozema,5.9,#1a1a3a,101
1025,The Other Boleyn Girl,2008,"Biography,Drama,History",Two sisters contend for the affection of King Henry VIII.,"Natalie Portman, Scarlett Johansson, Eric Bana,Jim Sturgess",Justin Chadwick,6.7,#2a2a1a,115
1026,I Spit on Your Grave,2010,"Crime,Horror,Thriller","A writer who is brutalized during her cabin retreat seeks revenge on her attackers, who left her for dead.","Sarah Butler, Jeff Branson, Andrew Howard,Daniel Franzese",Steven R. Monroe,6.3,#1a1a1a,108
1027,Custody,2016,Drama,The lives of three women are unexpectedly changed when they cross paths at a New York Family Court.,"Viola Davis, Hayden Panettiere, Catalina Sandino Moreno, Ellen Burstyn",James Lapine,6.9,#2a2a1a,104
1028,Inland Empire,2006,"Drama,Mystery,Thriller","As an actress starts to adopt the persona of her character in a film, her world starts to become nightmarish and surreal.","Laura Dern, Jeremy Irons, Justin Theroux, Karolina Gruszka",David Lynch,7.0,#1a1a1a,180
1029,L'odyssée,2016,"Adventure,Biography","Highly influential and a fearlessly ambitious pioneer, innovator, filmmaker, researcher and conservationist, Jacques-Yves Cousteau's aquatic adventure covers roughly thirty years of an inarguably rich in achievements life.","Lambert Wilson, Pierre Niney, Audrey Tautou,Laurent Lucas",Jérôme Salle,6.7,#1a1a2e,122
1030,The Walk,2015,"Adventure,Biography,Crime","In 1974, high-wire artist Philippe Petit recruits a team of people to help him realize his dream: to walk the immense void between the World Trade Center towers.","Joseph Gordon-Levitt, Charlotte Le Bon,Guillaume Baillargeon, Émilie Leclerc",Robert Zemeckis,7.3,#2d4a22,123
1031,Wrecker,2015,"Action,Horror,Thriller","Best friends Emily and Lesley go on a road trip to the desert. When Emily decides to get off the highway and take a ""short cut,"" they become the target of a relentless and psychotic trucker... See full summary »","Anna Hutchison, Andrea Whitburn, Jennifer Koenig,Michael Dickson",Micheal Bafaro,3.5,#4a1a1a,83
1032,The Lone Ranger,2013,"Action,Adventure,Western","Native American warrior Tonto recounts the untold tales that transformed John Reid, a man of the law, into a legend of justice.","Johnny Depp, Armie Hammer, William Fichtner,Tom Wilkinson",Gore Verbinski,6.5,#533483,150
1033,Texas Chainsaw 3D,2013,"Horror,Thriller",A young woman travels to Texas to collect an inheritance; little does she know that an encounter with a chainsaw-wielding killer is part of the reward.,"Alexandra Daddario, Tania Raymonde, Scott Eastwood, Trey Songz",John Luessenhop,4.8,#2a2a1a,92
1034,Disturbia,2007,"Drama,Mystery,Thriller",A teen living under house arrest becomes convinced his neighbor is a serial killer.,"Shia LaBeouf, David Morse, Carrie-Anne Moss, Sarah Roemer",D.J. Caruso,6.9,#1a1a3a,105
1035,Rock of Ages,2012,"Comedy,Drama,Musical","A small town girl and a city boy meet on the Sunset Strip, while pursuing their Hollywood dreams.","Julianne Hough, Diego Boneta, Tom Cruise, Alec Baldwin",Adam Shankman,5.9,#1a4a1a,123
1036,Scream 4,2011,"Horror,Mystery","Ten years have passed, and Sidney Prescott, who has put herself back together thanks in part to her writing, is visited by the Ghostface Killer.","Neve Campbell, Courteney Cox, David Arquette, Lucy Hale",Wes Craven,6.2,#2d4a22,111
1037,Queen of Katwe,2016,"Biography,Drama,Sport",A Ugandan girl sees her world rapidly change after being introduced to the game of chess.,"Madina Nalwanga, David Oyelowo, Lupita Nyong'o, Martin Kabanza",Mira Nair,7.4,#4a4a1a,124
1038,My Big Fat Greek Wedding 2,2016,"Comedy,Family,Romance",A Portokalos family secret brings the beloved characters back together for an even bigger and Greeker wedding.,"Nia Vardalos, John Corbett, Michael Constantine, Lainie Kazan",Kirk Jones,6.0,#4a4a1a,94
1039,Dark Places,2015,"Drama,Mystery,Thriller","Libby Day was only eight years old when her family was brutally murdered in their rural Kansas farmhouse. Almost thirty years later, she reluctantly agrees to revisit the crime and uncovers the wrenching truths that led up to that tragic night.","Charlize Theron, Nicholas Hoult, Christina Hendricks, Chloë Grace Moretz",Gilles Paquet-Brenner,6.2,#1a1a1a,113
1040,Amateur Night,2016,Comedy,"Guy Carter is an award-winning graduate student of architecture. He's got a beautiful wife and a baby on the way. The problem? He doesn't have ""his ducks in a row,"" which only fuels his ... See full summary »","Jason Biggs, Janet Montgomery,Ashley Tisdale, Bria L. Murphy",Lisa Addario,5.0,#1a1a2e,92
1041,It's Only the End of the World,2016,Drama,"Louis (Gaspard Ulliel), a terminally ill writer, returns home after a long absence to tell his family that he is dying.","Nathalie Baye, Vincent Cassel, Marion Cotillard, Léa Seydoux",Xavier Dolan,7.0,#1a2a1a,97
1042,The Skin I Live In,2011,"Drama,Thriller","A brilliant plastic surgeon, haunted by past tragedies, creates a type of synthetic skin that withstands any kind of damage. His guinea pig: a mysterious and volatile woman who holds the key to his obsession.","Antonio Banderas, Elena Anaya, Jan Cornet,Marisa Paredes",Pedro Almodóvar,7.6,#1a1a3a,120
1043,Miracles from Heaven,2016,"Biography,Drama,Family",A young girl suffering from a rare digestive disorder finds herself miraculously cured after surviving a terrible accident.,"Jennifer Garner, Kylie Rogers, Martin Henderson,Brighton Sharbino",Patricia Riggen,7.0,#1a2a1a,109
1044,Annie,2014,"Comedy,Drama,Family","A foster kid, who lives with her mean foster mom, sees her life change when business tycoon and New York mayoral candidate Will Stacks makes a thinly-veiled campaign move and takes her in.","Quvenzhané Wallis, Cameron Diaz, Jamie Foxx, Rose Byrne",Will Gluck,5.3,#2a2a1a,118
1045,Across the Universe,2007,"Drama,Fantasy,Musical",The music of the Beatles and the Vietnam War form the backdrop for the romance between an upper-class American girl and a poor Liverpudlian artist.,"Evan Rachel Wood, Jim Sturgess, Joe Anderson, Dana Fuchs",Julie Taymor,7.4,#4a1a1a,133
1046,Let's Be Cops,2014,Comedy,"Two struggling pals dress as police officers for a costume party and become neighborhood sensations. But when these newly-minted ""heroes"" get tangled in a real life web of mobsters and dirty detectives, they must put their fake badges on the line.","Jake Johnson, Damon Wayans Jr., Rob Riggle, Nina Dobrev",Luke Greenfield,6.5,#1a3a4a,104
1047,Max,2015,"Adventure,Family",A Malinois dog that helped American Marines in Afghanistan returns to the United States and is adopted by his handler's family after suffering a traumatic experience.,"Thomas Haden Church, Josh Wiggins, Luke Kleintank,Lauren Graham",Boaz Yakin,6.8,#1a1a1a,111
1048,Your Highness,2011,"Adventure,Comedy,Fantasy","When Prince Fabious's bride is kidnapped, he goes on a quest to rescue her... accompanied by his lazy useless brother Thadeous.","Danny McBride, Natalie Portman, James Franco, Rasmus Hardiker",David Gordon Green,5.6,#0f3460,102
1049,Final Destination 5,2011,"Horror,Thriller",Survivors of a suspension-bridge collapse learn there's no way you can cheat Death.,"Nicholas D'Agosto, Emma Bell, Arlen Escarpeta, Miles Fisher",Steven Quale,5.9,#1a3a4a,92
1050,Endless Love,2014,"Drama,Romance",The story of a privileged girl and a charismatic boy whose instant desire sparks a love affair made only more reckless by parents trying to keep them apart.,"Gabriella Wilde, Alex Pettyfer, Bruce Greenwood,Robert Patrick",Shana Feste,6.3,#3a4a1a,104
1051,Martyrs,2008,Horror,"A young woman's quest for revenge against the people who kidnapped and tormented her as a child leads her and a friend, who is also a victim of child abuse, on a terrifying journey into a living hell of depravity.","Morjana Alaoui, Mylène Jampanoï, Catherine Bégin,Robert Toupin",Pascal Laugier,7.1,#1a3a1a,99
1052,Selma,2014,"Biography,Drama,History","A chronicle of Martin Luther King's campaign to secure equal voting rights via an epic march from Selma to Montgomery, Alabama in 1965.","David Oyelowo, Carmen Ejogo, Tim Roth, Lorraine Toussaint",Ava DuVernay,7.5,#16213e,128
1053,Underworld: Rise of the Lycans,2009,"Action,Adventure,Fantasy","An origins story centered on the centuries-old feud between the race of aristocratic vampires and their onetime slaves, the Lycans.","Rhona Mitra, Michael Sheen, Bill Nighy, Steven Mackintosh",Patrick Tatopoulos,6.6,#2d4a22,92
1054,Taare Zameen Par,2007,"Drama,Family,Music","An eight-year-old boy is thought to be a lazy trouble-maker, until the new art teacher has the patience and compassion to discover the real problem behind his struggles in school.","Darsheel Safary, Aamir Khan, Tanay Chheda, Sachet Engineer",Aamir Khan,8.5,#2a2a1a,165
1055,Take Me Home Tonight,2011,"Comedy,Drama,Romance","Four years after graduation, an awkward high school genius uses his sister's boyfriend's Labor Day party as the perfect opportunity to make his move on his high school crush.","Topher Grace, Anna Faris, Dan Fogler, Teresa Palmer",Michael Dowse,6.3,#e94560,97
1056,Resident Evil: Afterlife,2010,"Action,Adventure,Horror","While still out to destroy the evil Umbrella Corporation, Alice joins a group of survivors living in a prison surrounded by the infected who also want to relocate to the mysterious but supposedly unharmed safe haven known only as Arcadia.","Milla Jovovich, Ali Larter, Wentworth Miller,Kim Coates",Paul W.S. Anderson,5.9,#2a2a1a,97
1057,Project X,2012,Comedy,"3 high school seniors throw a birthday party to make a name for themselves. As the night progresses, things spiral out of control as word of the party spreads.","Thomas Mann, Oliver Cooper, Jonathan Daniel Brown, Dax Flame",Nima Nourizadeh,6.7,#4a1a4a,88
1058,Secret in Their Eyes,2015,"Crime,Drama,Mystery","A tight-knit team of rising investigators, along with their supervisor, is suddenly torn apart when they discover that one of their own teenage daughters has been brutally murdered.","Chiwetel Ejiofor, Nicole Kidman, Julia Roberts, Dean Norris",Billy Ray,6.2,#16213e,111
1059,Hostel: Part II,2007,Horror,"Three American college students studying abroad are lured to a Slovakian hostel, and discover the grim reality behind it.","Lauren German, Heather Matarazzo, Bijou Phillips, Roger Bart",Eli Roth,5.5,#1a3a4a,94
1060,Step Up 2: The Streets,2008,"Drama,Music,Romance",Romantic sparks occur between two dance students from different backgrounds at the Maryland School of the Arts.,"Robert Hoffman, Briana Evigan, Cassie Ventura, Adam G. Sevani",Jon M. Chu,6.2,#16213e,98
1061,Search Party,2014,"Adventure,Comedy",A pair of friends embark on a mission to reunite their pal with the woman he was going to marry.,"Adam Pally, T.J. Miller, Thomas Middleditch,Shannon Woodward",Scot Armstrong,5.6,#2a2a1a,93
1062,Nine Lives,2016,"Comedy,Family,Fantasy",A stuffy businessman finds himself trapped inside the body of his family's cat.,"Kevin Spacey, Jennifer Garner, Robbie Amell,Cheryl Hines",Barry Sonnenfeld,5.3,#4a1a1a,87
1063,Jawan,2023,"Action, Thriller",A high-octane action thriller which outlines the emotional journey of a man who is set to rectify the wrongs in the society.,"Shah Rukh Khan, Nayanthara, Vijay Sethupathi, Deepika Padukone",Atlee,8.2,#4a1a1a,134
1064,Jaane Jaan,2023,"Crime, Drama, Mystery",A single mother and her daughter who commit a crime and a neighbor who helps them cover it up amidst a police investigation.,"Kareena Kapoor, Jaideep Ahlawat, Vijay Varma, Saurabh Sachdeva",Sujoy Ghosh,8.6,#16213e,135
1065,Jailer,2023,"Action, Comedy, Crime","A retired jailer goes on a manhunt to find his son's killers. But the road leads him to a familiar, albeit a bit darker place. Can he emerge from this complex situation successfully?","Rajinikanth, Mohanlal, Shivarajkumar, Jackie Shroff",Nelson Dilipkumar,6.8,#1a3a1a,132
1066,Rocky Aur Rani Kii Prem Kahaani,2023,"Comedy, Drama, Family","Flamboyant Punjabi Rocky and intellectual Bengali journalist Rani fall in love despite their differences. After facing family opposition, they decide to live with each other's families for three months before getting married.","Ranveer Singh, Alia Bhatt, Dharmendra, Shabana Azmi",Karan Johar,7.9,#e94560,142
1067,OMG 2,2023,"Comedy, Drama",An unhappy civilian asks the court to mandate comprehensive education in schools in a dramatic yet amusing courtroom play.,"Pankaj Tripathi, Akshay Kumar, Yami Gautam, Pawan Malhotra",Amit Rai,6.7,#3a2a1a,165
1068,Sukhee,2023,Drama,"Much to the dismay of her husband, a middle-class housewife, known for her rebellious attitude in high school, decides to attend her class reunion.","Shilpa Shetty Kundra, Amit Sadh, Chaitannya Choudhry, Kusha Kapila",Sonal Joshi,8.4,#16213e,129
1069,The Great Indian Family,2023,Family,"Ved Vyas Tripathi, aka Bhajan Kumar, is a devout Hindu man who faces an identity crisis and a personal dilemma when he discovers he is actually a Muslim by birth.","Alka Amin, Bhuvan Arora, Manushi Chhillar, Srishti Dixit",Vijay Krishna Acharya,7.4,#1a1a2e,110
1070,Pathaan,2023,"Action, Adventure, Thriller","An Indian agent races against a doomsday clock as a ruthless mercenary, with a bitter vendetta, mounts an apocalyptic attack against the country.","Shah Rukh Khan, Deepika Padukone, John Abraham, Dimple Kapadia",Siddharth Anand,7.9,#4a1a1a,119
1071,Mastaney,2023,"Action, Drama, History","Set in 1739, Nadar Shah's undefeated army was attacked by Sikh Rebellions. Nadar demands to arrest them but it doesn't work out. Five ordinary men are hired to play Sikh Rebellions but over time they learn what Sikhs are.","Tarsem Jassar, Simi Chahal, Gurpreet Ghuggi, Karamjit Anmol",Sharan Art,6.5,#1a3a1a,128
1072,Satyaprem Ki Katha,2023,"Comedy, Drama, Musical","A middle-class boy in Ahmedabad, Satyaprem falling in one-sided love with Katha, who is coping with her breakup with Tapan. Through the journey, they discover each other's life and complement in accomplishing what was left halfway.","Kartik Aaryan, Kiara Advani, Supriya Pathak, Gajraj Rao",Sameer Vidwans,6.7,#16213e,151
1073,Bholaa Shankar,2023,"Action, Drama",A doting brother tries to hunt down notorious criminals who had harmed his sister.,"Chiranjeevi, Tamannaah Bhatia, Keerthy Suresh, Raghu Babu",Meher Ramesh,7.3,#1a3a1a,112
1074,Haddi,2023,"Crime, Drama","In this ZEE5 Original film, a transgender, Haddi moves to Delhi and joins a gang of transgenders and cross-dressers headed by an influential man. But is this move aspirational or driven by revenge?","Nawazuddin Siddiqui, Anurag Kashyap, Mohd. Zeeshan Ayyub, Resh Lamba",Akshat Ajay Sharma,6.6,#e94560,136
1075,Friday Night Plan,2023,"Comedy, Drama","When their mother takes off on a business trip, two bickering brothers unite to secretly attend the hottest party of the year before she returns.","Babil Khan, Amrith Jayan, Medha Rana, Aadhya Anand",Vatsal Neelakantan,7.3,#3a4a1a,157
1076,Neeyat,2023,"Crime, Mystery, Thriller","When a mysterious murder takes place at exiled billionaire Ashish Kapoor's birthday getaway, detective Mira Rao must use all her skill to unravel devious motives as the suspects are Kapoor's close family and friends.","Vidya Balan, Ram Kapoor, Rahul Bose, Neeraj Kabi",Anu Menon,7.3,#4a4a1a,151
1077,Gadar 2,2023,"Action, Adventure, Drama","When Tara Singh goes missing during a skirmish and is believed to be captured in Pakistan, his son Jeete sets out to rescue him and enters a labyrinth from which they both must escape at all costs.","Sunny Deol, Amrish Puri, Nana Patekar, Ameesha Patel",Anil Sharma,6.6,#1a2a1a,145
1078,Por Thozhil,2023,"Action, Crime, Thriller",A bright but faint-hearted rookie cop has to overcome his fears in order to succeed in his first case which sees him partnered with a reclusive senior officer to catch a serial killer on the loose.,"R. Sarathkumar, Ashok Selvan, Nikhila Vimal, Sarath Babu","Vignesh Raja, T. Senthil Paramasivam",7.7,#3a2a1a,115
1079,Asoka,2001,"Action, Biography, Drama",The epic tale of King Asoka's life is recounted.,"Shah Rukh Khan, Kareena Kapoor, Danny Denzongpa, Hrishitaa Bhatt",Santosh Sivan,8.0,#4a1a1a,160
1080,The Darjeeling Limited,2007,"Adventure, Comedy, Drama","A year after their father's funeral, three brothers travel across India by train in an attempt to bond with each other.","Owen Wilson, Adrien Brody, Jason Schwartzman, Amara Karan",Wes Anderson,6.9,#1a3a4a,123
1081,Tumbbad,2018,"Drama, Fantasy, Horror",A mythological story about a goddess who created the entire universe. The plot revolves around the consequences when humans build a temple for her first-born.,"Sohum Shah, Jyoti Malshe, Anita Date-Kelkar, Ronjini Chakraborty","Rahi Anil Barve, Anand Gandhi, Adesh Prasad",8.5,#4a4a1a,141
1082,Dunki,2023,"Comedy, Drama",The rampant use of an illegal backdoor route called 'Donkey Flight' by Indians to immigrate to countries like Canada and USA.,"Shah Rukh Khan, Taapsee Pannu, Boman Irani, Vicky Kaushal",Rajkumar Hirani,7.0,#4a1a1a,136
1083,Sirf Ek Bandaa Kaafi Hai,2023,"Crime, Drama, Thriller",A common man with honesty and integrity can take on the system when he has truth on his side.,"Manoj Bajpayee, Surya Mohan Kulshreshtha, Jai Hind Kumar, Nikhil Pandey",Apoorv Singh Karki,8.4,#533483,136
1084,Gangs of Wasseypur,2012,"Action, Comedy, Crime","A clash between Sultan and Shahid Khan leads to the expulsion of Khan from Wasseypur, and ignites a deadly blood feud spanning three generations.","Manoj Bajpayee, Nawazuddin Siddiqui, Tigmanshu Dhulia, Richa Chadha",Anurag Kashyap,6.3,#4a4a1a,160
1085,Khufiya,2023,"Action, Biography, Crime","Krishna Mehra who is an operative at Indian spy agency known as R&AW. She is assigned to track down the mole selling India's defense secrets, while all along grappling with her dual identity as a spy and a lover.","Tabu, Ali Fazal, Wamiqa Gabbi, Azmeri Haque Badhon",Vishal Bhardwaj,6.5,#1a1a3a,124
1086,Animal,2023,"Action, Crime, Drama","Animal is the story of a son's obsessive love for his father. Often away due to work the father is unable to comprehend the intensity of his son's love. Ironically, this fervent love and ...                See full summary »","Ranbir Kapoor, Triptii Dimri, Saurabh Sachdeva, Anil Kapoor",Sandeep Reddy Vanga,6.1,#16213e,138
1087,Miss Shetty Mr Polishetty,2023,"Comedy, Drama, Romance","Miss Shetty is a feminist living in London and wants to be single forever. Mr. Polishetty from Hyderabad in Telangana, India, wants to be in a committed relationship. The two appear to be in different stages of life but somehow connect.","Keshav Deepak, Abhinav Gomatam, Jayasudha, Koushik Mahata",Mahesh Babu P.,8.4,#2d4a22,130
1088,Bawaal,2023,"Action, Drama, Romance",A small-town man who falls in love with the most beautiful girl in town. He wants to marry her one day because marrying her can raise his social position.,"Varun Dhawan, Janhvi Kapoor, Manoj Pahwa, Anjuman Saxena",Nitesh Tiwari,7.3,#1a2a1a,151
1089,Brahmastra Part One: Shiva,2022,"Action, Adventure, Fantasy","A DJ with superpowers and his ladylove embark on a mission to protect the Brahmastra, a weapon of enormous energy, from dark forces closing in on them.","Amitabh Bachchan, Ranbir Kapoor, Alia Bhatt, Nagarjuna Akkineni",Ayan Mukerji,7.0,#1a3a1a,159
1090,Ghoomer,2023,"Drama, Sport","Anina, a young batting prodigy, loses her right hand in an accident. An unsympathetic, failed cricketer gives her new hope, trains her with unconventional techniques, to turn her fate around. Ghoomer is a new style of bowling they invent.","Amitabh Bachchan, Shabana Azmi, Abhishek Bachchan, Saiyami Kher",R. Balki,6.5,#3a4a1a,151
1091,Tiger 3,2023,"Action, Adventure, Thriller",Plot under wraps,"Salman Khan, Katrina Kaif",Maneesh Sharma,8.2,#4a3a1a,135
1092,Tu Jhoothi Main Makkaar,2023,"Comedy, Romance","Madness ensues when a 'player' in the world of romantic relationships finds a girl who's a worthy opponent, that believes love is a battle of wits.","Ranbir Kapoor, Shraddha Kapoor, Krrish Saini, Anubhav Singh Bassi",Luv Ranjan,8.5,#e94560,127
1093,Drishyam 2,2022,"Crime, Drama, Mystery",A gripping tale of an investigation and a family which is threatened by it. Will Vijay Salgaonkar be able to protect his family this time?,"Ajay Devgn, Akshaye Khanna, Tabu, Shriya Saran",Abhishek Pathak,8.7,#0f3460,112
1094,Gandhi,1982,"Biography, Drama, History",The life of the lawyer who became the famed leader of the Indian revolts against the British rule through his philosophy of nonviolent protest.,"Ben Kingsley, John Gielgud, Rohini Hattangadi, Roshan Seth",Richard Attenborough,7.3,#1a3a1a,112
1095,My Name Is Khan,2010,"Adventure, Drama, Romance",An Indian Muslim man with Asperger's syndrome takes a challenge to speak to the President of the United States seriously and embarks on a cross-country journey.,"Shah Rukh Khan, Kajol, Sheetal Menon, Katie Amanda Keane",Karan Johar,7.4,#1a3a4a,134
1096,Raees,2017,"Action, Crime, Drama",A bootlegger sets out to improve his community as a promising leader but falls in a political trap.,"Shah Rukh Khan, Jaideep Ahlawat, Sunny Leone, Nawazuddin Siddiqui",Rahul Dholakia,6.8,#4a1a4a,150
1097,Rama Banam,2023,"Action, Drama","Two siblings, who despite their difference in ideologies come together to fight for their common goal.","Gopichand, Dimple Hayathi, Jagapathi Babu, Kushboo",Sriwass,8.5,#4a1a4a,125
1098,Andhadhun,2018,"Crime, Mystery, Thriller","A series of mysterious events change the life of a blind pianist, who must now report a crime that he should technically know nothing of.","Tabu, Ayushmann Khurrana, Radhika Apte, Anil Dhawan",Sriram Raghavan,7.9,#2d4a22,127
1099,Thank You for Coming,2023,Comedy,"When five best friends assemble together at a family gathering, they must navigate the hilarious and heartwarming consequences of their lie, discovering the true depth of their friendship and love.","Bhumi Pednekar, Dolly Ahluwalia, Shibani Bedi, Saloni Daini",Karan Boolani,8.8,#4a4a1a,133
1100,Dream Girl 2,2023,"Comedy, Drama, Romance","Karam, who is trying to live a serious life in Mathura and falls in love with Pari but life is hell bent on not taking him seriously. In a turn of events Karam becomes Pooja which creates further chaos in his already chaotic life.","Paresh Rawal, Ananya Panday, Ayushmann Khurrana, Annu Kapoor",Raaj Shaandilyaa,6.9,#16213e,113
1101,Kushi,2023,"Comedy, Drama, Romance","Raised in an atheist household, a young man falls in love with the daughter of his father's arch-rival, a devout Hindu leader.","Samantha Ruth Prabhu, Vijay Deverakonda, Lakshmi, Murli Sharma",Shiva Nirvana,8.0,#4a1a1a,162
1102,Drishyam,2015,"Crime, Drama, Mystery","Desperate measures are taken by a man who tries to save his family from the dark side of the law, after they commit an unexpected crime.","Ajay Devgn, Shriya Saran, Tabu, Rajat Kapoor",Nishikant Kamat,7.8,#3a2a1a,148
1103,Chor Nikal Ke Bhaga,2023,"Crime, Drama, Thriller","A flight attendant and her business partner on a mission to steal diamonds and free themselves from the clutches of a loan shark.At 40,000 feet in the air, the heist goes horribly wrong and turns into a hostage situation.","Yami Gautam, Sunny Kaushal, Sharad Kelkar, Indraneil Sengupta",Ajay Singh,6.1,#16213e,110
1104,Gangubai Kathiawadi,2022,"Biography, Crime, Drama","Duped and sold to a brothel, a young woman fearlessly reclaims her power, using underworld connections to preside over the world she was once a pawn in.","Alia Bhatt, Shantanu Maheshwari, Vijay Raaz, Indira Tiwari",Sanjay Leela Bhansali,6.3,#1a3a4a,153
1105,Gaslight,2023,"Crime, Horror, Mystery","Misha returns to her royal family estate after 15 years to visit her estranged father, only to find him missing.","Sara Ali Khan, Vikrant Massey, Chitrangda Singh, Rahul Dev",Pavan Kirpalani,8.2,#1a2a1a,148
1106,The Buckingham Murders,2023,Thriller,"Follows Jass, a detective-mother who after losing her own child must investigate the murder of a 10-year-old in Buckinghamshire, going down a rabbit hole of secrets, where almost everyone in the small town becomes a suspect.","Kareena Kapoor, Keith Allen, Haqi Ali, Chris Wilson",Hansal Mehta,8.1,#1a3a1a,131
1107,Fighter,2024,"Action, Adventure, Thriller","FIGHTER is India's first aerial action film releasing in theaters on 25th January, 2024.","Hrithik Roshan, Deepika Padukone, Anil Kapoor, Akarsh Alagh",Siddharth Anand,7.8,#4a4a1a,150
1108,Bholaa,2023,"Action, Adventure, Crime","After getting out of prison with the desire to meet his daughter, Bholaa's plans are interrupted by a well-orchestrated drug bust.","Ajay Devgn, Tabu, Abhishek Bachchan, Amala Paul",Ajay Devgn,6.0,#e94560,137
1109,Om Shanti Om,2007,"Action, Comedy, Drama","In the 1970s, Om, an aspiring actor, is murdered, but is immediately reincarnated into the present day. He attempts to discover the mystery of his demise and find Shanti, the love of his previous life.","Shah Rukh Khan, Deepika Padukone, Arjun Rampal, Kirron Kher",Farah Khan,8.6,#0f3460,141
1110,Kabhi Khushi Kabhie Gham...,2001,"Drama, Musical, Romance","After marrying a poor woman, rich Rahul is disowned by his father and moves to London to build a new life. Years later, his now-grown younger brother Rohan embarks on a mission to bring Rahul back home and reunite the family.","Shah Rukh Khan, Kajol, Amitabh Bachchan, Hrithik Roshan",Karan Johar,6.7,#16213e,147
1111,The Kerala Story,2023,Drama,"A converted Muslim woman Fatima Ba narrates her ordeal of how she once wanted to become a nurse but was abducted from her home and manipulated by religious vanguards, turned into an ISIS terrorist and landed in Afghanistan jail.","Adah Sharma, Yogita Bihani, Sonia Balani, Siddhi Idnani","Sudipto Sen, Vipul Amrutlal Shah",7.9,#1a2a1a,118
1112,Vikram Vedha,2022,"Action, Crime, Drama",A tough police officer sets out to track down and kill an equally tough gangster.,"Saif Ali Khan, Hrithik Roshan, Radhika Apte, Rohit Saraf","Gayatri, Pushkar",5.9,#0f3460,154
1113,"Swades: We, the People",2004,"Drama, Musical",A successful Indian scientist returns to an Indian village to take his nanny to America with him and in the process rediscovers his roots.,"Shah Rukh Khan, Gayatri Joshi, Kishori Ballal, Smith Seth",Ashutosh Gowariker,8.7,#533483,134
1114,Bajrangi Bhaijaan,2015,"Action, Adventure, Comedy",An Indian man with a magnanimous heart takes a young mute Pakistani girl back to her homeland to reunite her with her family.,"Salman Khan, Harshaali Malhotra, Nawazuddin Siddiqui, Kareena Kapoor","Kabir Khan, Mehmet Tutkun",6.5,#1a1a2e,150
1115,Bloody Daddy,2023,"Action, Crime, Drama","A messed up, tenacious man faces off against cops and crime lords to save the one relationship that matters to him.","Shahid Kapoor, Vivan Bhatena, Diana Penty, Ronit Roy",Ali Abbas Zafar,7.7,#1a4a1a,145
1116,The Hundred-Foot Journey,2014,"Comedy, Drama",The Kadam family leaves India for France where they open a restaurant directly across the road from Madame Mallory's Michelin-starred eatery.,"Helen Mirren, Om Puri, Manish Dayal, Charlotte Le Bon",Lasse Hallström,7.2,#2a2a1a,135
1117,The Kashmir Files,2022,Drama,"A heart-wrenching tale that captures the pain, suffering, and struggle of the Kashmiri Pandit community in 1990 and leads Krishna, a young college student, to set out on a quest to uncover the truth.","Mithun Chakraborty, Anupam Kher, Darshan Kumaar, Pallavi Joshi",Vivek Agnihotri,8.3,#1a1a3a,156
1118,Akelli,2023,"Drama, Thriller",An ordinary Indian girl gets trapped in a war-torn land and survival is her battle.,"Nushrratt Bharuccha, Amir Boutrous, Nishant Dahiya, Vijay Kumar Dogra",Pranay Meshram,5.9,#2a2a1a,155
1119,OMG: Oh My God!,2012,"Comedy, Drama, Fantasy",A shopkeeper takes God to court when his shop is destroyed by an earthquake.,"Paresh Rawal, Akshay Kumar, Mithun Chakraborty, Mahesh Manjrekar",Umesh Shukla,8.8,#1a1a2e,156
1120,Adipurush,2023,"Action, Adventure, Drama",A modern adaptation of the Indian epic Ramayana which follows the exiled prince Raghav's journey to rescue his wife Janaki from the raakshash king Lankesh.,"Kriti Sanon, Saif Ali Khan, Prabhas, Devdutta Nage",Om Raut,6.8,#1a4a1a,112
1121,IB 71,2023,"Action, Thriller",A two- front war between Indian intelligence agencies and the Pakistani establishment.,"Anupam Kher, Vidyut Jammwal, Dalip Tahil, Nissar Khan","Sankalp Reddy, Lee Whittaker",6.2,#4a3a1a,121
1122,Padmaavat,2018,"Drama, History, Romance","Set in medieval Rajasthan, Queen Padmavati is married to a noble king and they live in a prosperous fortress with their subjects until an ambitious Sultan hears of Padmavati's beauty and forms an obsessive love for the Queen of Mewar.","Deepika Padukone, Ranveer Singh, Shahid Kapoor, Aditi Rao Hydari",Sanjay Leela Bhansali,5.9,#3a2a1a,144
1123,Zindagi Na Milegi Dobara,2011,"Comedy, Drama, Musical",Three friends decide to turn their fantasy vacation into reality after one of their friends gets engaged.,"Hrithik Roshan, Farhan Akhtar, Abhay Deol, Katrina Kaif",Zoya Akhtar,5.8,#1a2a1a,137
1124,Jab Tak Hai Jaan,2012,"Drama, Romance",An uncompromising film on true love from the legendary and unforgettable director Yash Chopra which is fascinatingly distinctive and contemporary.,"Shah Rukh Khan, Katrina Kaif, Anushka Sharma, Lucy Phelps",Yash Chopra,7.8,#4a3a1a,119
1125,Monica O My Darling,2022,"Comedy, Crime, Drama","A slick robotics expert joins a murderous plot after a passionate affair takes a sudden turn, but nothing not even death , is what it seems to be.","Rajkummar Rao, Huma Qureshi, Sikandar Kher, Bagavathi Perumal",Vasan Bala,8.3,#4a1a4a,160
1126,Bhediya,2022,"Comedy, Fantasy, Horror","Set in the forests of Arunachal, Bhediya is a story of Bhaskar, a man who gets bitten by a wolf, and begins to transform into the creature. As Bhaskar and his buddies try to find answers, a bunch of twists, turns, and laughs ensue.","Varun Dhawan, Kriti Sanon, Abhishek Banerjee, Deepak Dobriyal",Amar Kaushik,6.3,#1a3a4a,131
1127,Ra.One,2011,"Action, Adventure, Sci-Fi","When the titular antagonist of an action game takes on physical form, it's only the game's less powerful protagonist who can save his creator's family.","Shah Rukh Khan, Arjun Rampal, Kareena Kapoor, Shahana Goswami",Anubhav Sinha,6.8,#1a3a4a,126
1128,Laal Singh Chaddha,2022,"Comedy, Drama, Romance","The story of Laal Singh Chaddha, a simple man whose extraordinary journey will fill you with love, warmth and happiness.","Aamir Khan, Ahmad Ibn Umar, Kareena Kapoor, Hafsa Ashraf",Advait Chandan,6.7,#1a2a1a,164
1129,Don 2,2011,"Action, Crime, Thriller","Don turns himself in and escapes with Vardhaan from prison, following which he recruits a team to steal currency printing plates from a bank in Berlin.","Shah Rukh Khan, Florian Lukas, Om Puri, Priyanka Chopra Jonas",Farhan Akhtar,8.2,#4a3a1a,141
1130,Chup,2022,"Crime, Drama, Mystery",A crime thriller in which police are on the hunt for a killer who is targeting film critics.,"Dulquer Salmaan, Shreya Dhanwanthary, Sunny Deol, Pooja Bhatt",R. Balki,5.8,#4a3a1a,136
1131,Kuch Kuch Hota Hai,1998,"Comedy, Drama, Musical","During their college years, Anjali was in love with her best-friend Rahul, but he had eyes only for Tina. Years later, Rahul and the now-deceased Tina's eight-year-old daughter attempts to reunite her father and Anjali.","Shah Rukh Khan, Kajol, Rani Mukerji, Sana Saeed",Karan Johar,8.3,#2a2a1a,158
1132,Don,2006,"Action, Crime, Thriller","Vijay is recruited by a police officer to masquerade as his lookalike Don, the leader of an international gang of smugglers. Things go wrong when the officer is killed and Vijay is left to fend for himself.","Shah Rukh Khan, Priyanka Chopra Jonas, Arjun Rampal, Isha Koppikar",Farhan Akhtar,7.8,#1a2a1a,140
1133,Devdas,2002,"Drama, Musical, Romance","After his wealthy family prohibits him from marrying the woman he is in love with, Devdas Mukherjee's life spirals further and further out of control as he takes up alcohol and a life of vice to numb the pain.","Shah Rukh Khan, Aishwarya Rai Bachchan, Madhuri Dixit, Jackie Shroff",Sanjay Leela Bhansali,6.8,#4a1a1a,133
1134,Badla,2019,"Crime, Drama, Mystery",A dynamic young entrepreneur finds herself locked in a hotel room with the corpse of her dead lover. She hires a prestigious lawyer to defend her and they work together to figure out what actually happened.,"Amitabh Bachchan, Taapsee Pannu, Amrita Singh, Antonio Aakeel",Sujoy Ghosh,6.7,#1a1a2e,145
1135,Gumraah,2023,"Action, Crime, Drama",The murder investigation of a young man takes an unexpected turn when the cops discover that the prime suspect has a lookalike.,"Aditya Roy Kapoor, Mrunal Thakur, Ronit Roy, Vedika Pinto",Vardhan Ketkar,8.7,#3a2a1a,152
1136,The Lunchbox,2013,"Drama, Romance",A mistaken delivery in Mumbai's famously efficient lunchbox delivery system connects a young housewife to an older man in the dusk of his life as they build a fantasy world together through notes in the lunchbox.,"Irrfan Khan, Nimrat Kaur, Nawazuddin Siddiqui, Lillete Dubey",Ritesh Batra,6.1,#4a1a4a,145
1137,Zara Hatke Zara Bachke,2023,"Comedy, Drama, Family","Kapil and Somya are a happily married couple from Indore who live in a joint family and decide to get a divorce one fine day. Things don't go as planned as their family gets to know of it, and thus begins a comedy of errors.","Vicky Kaushal, Sara Ali Khan, Inaamulhaq, Sushmita Mukherjee",Laxman Utekar,7.0,#4a1a4a,110
1138,Street Fighter: The Legend of Chun-Li,2009,"Action, Crime, Fantasy","When a child, Chun-Li sees her father being captured by wealthy gangster Bison. When she grows up, she goes into a quest for justice and bring down the criminal organization Shadaloo which is led by Bison.","Kristin Kreuk, Neal McDonough, Michael Clarke Duncan, Chris Klein",Andrzej Bartkowiak,7.7,#e94560,113
1139,Ganapath,2023,"Action, Drama, Sci-Fi","In a dystopian future, Ganapath, a relentless and skilled vigilante, embarks on a mission to dismantle a powerful criminal empire that has gripped the city in fear, Ganapath becomes a symbol of hope for the oppressed in which leads dark.","Tiger Shroff, Himanshu Jaykar, Kriti Sanon, Amitabh Bachchan",Vikas Bahl,8.1,#e94560,154
1140,Kalki 2898-AD,2024,"Action, Drama, Fantasy","A modern-day avatar of Vishnu, a Hindu god, who is believed to have descended to earth to protect the world from evil forces.","Deepika Padukone, Amitabh Bachchan, Dulquer Salmaan, Disha Patani",Nag Ashwin,7.9,#1a2a1a,118
1141,Kal Ho Naa Ho,2003,"Comedy, Drama, Musical","Naina, an introverted, perpetually depressed girl's life changes when she meets Aman. But Aman has a secret of his own which changes their lives forever. Embroiled in all this is Rohit, Naina's best friend who conceals his love for her.","Preity G Zinta, Shah Rukh Khan, Saif Ali Khan, Jaya Bachchan",Nikkhil Advani,6.7,#2d4a22,139
1142,Bride & Prejudice,2004,"Comedy, Drama, Musical","A modern adaptation of Jane Austen's classic novel, Pride and Prejudice, that features the lives of four unmarried daughters in an Indian family.","Martin Henderson, Aishwarya Rai Bachchan, Nadira Babbar, Anupam Kher",Gurinder Chadha,7.3,#4a1a1a,152
1143,The White Tiger,2021,"Crime, Drama",An ambitious Indian driver uses his wit and cunning to escape from poverty and rise to the top. An epic journey based on the New York Times bestseller.,"Adarsh Gourav, Rajkummar Rao, Priyanka Chopra Jonas, Vedant Sinha",Ramin Bahrani,8.0,#4a4a1a,147
1144,Lust Stories 2,2023,"Drama, Romance","Four eminent Indian directors explore sex, desire and love through short films in this sequel to 2018's Emmy-nominated ""Lust Stories"".","Tamannaah Bhatia, Vijay Varma, Neena Gupta, Mrunal Thakur","R. Balki, Sujoy Ghosh, Amit Ravindernath Sharma, Konkona Sen Sharma",7.0,#2a2a1a,145
1145,Bajirao Mastani,2015,"Action, Drama, History","An account of the romance between the Maratha general, Baji Rao I and Mastani, princess of Bundelkhand.","Ranveer Singh, Deepika Padukone, Priyanka Chopra Jonas, Tanvi Azmi",Sanjay Leela Bhansali,8.2,#3a4a1a,132
1146,Kaun?,1999,"Mystery, Thriller","While alone in the house, a woman hears news of serial killer on the loose. And then a stranger rings the doorbell...","Urmila Matondkar, Manoj Bajpayee, Sushant Singh",Ram Gopal Varma,6.2,#1a1a2e,149
1147,Chhichhore,2019,"Comedy, Drama, Romance","A tragic incident forces Anirudh, a middle-aged man, to take a trip down memory lane and reminisce his college days along with his friends, who were labelled as losers.","Sushant Singh Rajput, Shraddha Kapoor, Varun Sharma, Prateik Patil Babbar",Nitesh Tiwari,7.7,#3a4a1a,148
1148,Freddy,2022,"Drama, Mystery, Romance",The lines between love and obsession blur in this romantic thriller packed with unpredictable twists and sharp turns.,"Kartik Aaryan, Alaya F, Karan Pandit, Sajjad Delafrooz",Shashanka Ghosh,8.7,#16213e,147
1149,Yeh Jawaani Hai Deewani,2013,"Comedy, Drama, Musical","Kabir and Naina bond during a trekking trip. Before Naina can express herself, Kabir leaves India to pursue his career. They meet again years later, but he still cherishes his dreams more than bonds.","Ranbir Kapoor, Deepika Padukone, Aditya Roy Kapoor, Kalki Koechlin",Ayan Mukerji,7.6,#1a2a1a,157
1150,Sir,2018,"Drama, Romance","A prosperous young Indian man falls in love with his servant, a widow with the dream of becoming a fashion designer.","Tillotama Shome, Vivek Gomber, Geetanjali Kulkarni, Rahul Vohra",Rohena Gera,7.1,#1a3a1a,165
1151,Mrs. Chatterjee vs. Norway,2023,"Biography, Drama",An immigrant Indian mother's battle against the Norwegian foster care system and local legal machinery to win back the custody of her children.,"Rani Mukerji, Jim Sarbh, Bodhisattwa Majumdar, Saswati Guhathakurta",Ashima Chibber,8.1,#1a1a3a,142
1152,Munna Bhai M.B.B.S.,2003,"Comedy, Drama",A gangster sets out to fulfill his father's dream of becoming a doctor.,"Sanjay Dutt, Arshad Warsi, Gracy Singh, Boman Irani",Rajkumar Hirani,7.9,#4a4a1a,123
1153,Fan,2016,"Action, Drama, Thriller",Gaurav's world revolves around the superstar Aryan Khanna. What happens when his passion turns into a dangerous obsession that crosses the fine line?,"Shah Rukh Khan, Shriya Pilgaonkar, Sayani Gupta, Waluscha D'Souza",Maneesh Sharma,5.9,#533483,120
1154,Welcome to the Jungle,2024,Drama,Police officers Jay Bakshi and Sandhya have been given task to track down notorious criminal Raj Solanki. Things take an unexpected turn when JaY finds out that Raj plays a significant role in his life.,"Akshay Kumar, Sanjay Dutt, Disha Patani, Jacqueline Fernandez",Ahmed Khan,8.1,#4a1a1a,116
1155,Lagaan: Once Upon a Time in India,2001,"Drama, Musical, Sport",The people of a small village in Victorian India stake their future on a game of cricket against their ruthless British rulers.,"Aamir Khan, Raghubir Yadav, Gracy Singh, Rachel Shelley",Ashutosh Gowariker,6.3,#533483,120
1156,Trial Period,2023,"Comedy, Drama",A working single mother's world turns upside down when her inquisitive son demands a new papa on a 30-day 'Trial Period'.,"Genelia Deshmukh, Manav Kaul, Shakti Kapoor, Sheeba Chaddha",Aleya Sen,7.8,#1a3a1a,129
1157,Kathal: A Jackfruit Mystery,2023,"Comedy, Crime, Drama",A local politician whose prized jackfruits go missing and a young police officer who is adamant to solve this bizarre case to prove herself.,"Sanya Malhotra, Joshi Anantvijay, Vijay Raaz, Rajpal Naurang Yadav",Yashowardhan Mishra,7.7,#4a1a1a,113
1158,Sardar Udham,2021,"Biography, Crime, Drama","A biopic detailing the 2 decades that Punjabi Sikh revolutionary, Udham Singh, spent planning the assassination of the man responsible for the Jallianwala Bagh massacre.","Vicky Kaushal, Shaun Scott, Stephen Hogan, Amol Parashar",Shoojit Sircar,8.1,#1a1a3a,121
1159,Kisi Ka Bhai Kisi Ki Jaan,2023,"Action, Comedy, Drama","The eldest brother refuses to marry since he believes it may create disharmony in his big family. His brothers, who've already found partners, come together to find a match for him.","Salman Khan, Pooja Hegde, Venkatesh Daggubati, Jagapathi Babu",Farhad Samji,8.4,#e94560,148
1160,King of Kotha,2023,"Action, Drama, Thriller","In a crime-infested town, Kannan bhai and his gang are the reigning powers. To combat this reign and seek revenge, Inspector Shahul tactfully plots the return of the 'King', leading to a transformative turn of events.","Dulquer Salmaan, Aishwarya Lekshmi, Soubin Shahir, Ritika Singh",Abhilash Joshiy,7.5,#533483,161
1161,Ek Tha Tiger,2012,"Action, Adventure, Romance",India's top spy Tiger and his love Zoya battle the dark world of intelligence and espionage that forbids its soldiers from loving the enemy.,"Salman Khan, Katrina Kaif, Girish Karnad, Roshan Seth","Mathur Goswami, Kabir Khan",8.1,#16213e,111
1162,HIT: The First Case,2022,"Action, Crime, Drama","Vikram is a 32-year-old cop. While he is battling with his own traumatic past, the stakes get high when a girl called Preethi mysteriously disappears in Hyderabad and Vikram has to solve the case at any cost.","Rajkummar Rao, Sanya Malhotra, Akhil Iyer, Jatin Goswami",Sailesh Kolanu,6.9,#16213e,158
1163,Singham Again,2024,Drama,Plot under wraps.,"Kareena Kapoor, Deepika Padukone, Akshay Kumar, Ranveer Singh",Rohit Shetty,8.6,#4a3a1a,133
1164,The Second Best Exotic Marigold Hotel,2015,"Comedy, Drama, Romance","As the Best Exotic Marigold Hotel has only a single remaining vacancy, posing a rooming predicament for two fresh arrivals, Sonny Kapoor (Dev Patel) pursues his expansionist dream of opening a second hotel.","Judi Dench, Maggie Smith, Bill Nighy, Dev Patel",John Madden,6.7,#1a4a1a,138
1165,Dilwale Dulhania Le Jayenge,1995,"Drama, Romance","When Raj meets Simran in Europe, it isn't love at first sight but when Simran moves to India for an arranged marriage, love makes its presence felt.","Shah Rukh Khan, Kajol, Amrish Puri, Farida Jalal",Aditya Chopra,6.9,#4a4a1a,130
1166,Kill,2023,"Action, Adventure, Drama",Follows a passenger on a train to New Delhi. The train soon becomes a combat battleground as a pair of commandos face an army of invading bandits.,"Lakshya, Raghav Juyal, Tanya Maniktala, Abhishek Chauhan",Nikhil Nagesh Bhat,8.4,#4a1a1a,162
1167,October,2018,"Drama, Romance",A group of interns are going through the usual grind when suddenly an accident changes their lives. The protagonist can't get let go of it and becomes obsessed with it. What does it all lead to? Is it love or something else?,"Varun Dhawan, Banita Sandhu, Gitanjali Rao, Sahil Vedoliyaa","Shoojit Sircar, Kuran Dhillon",8.3,#1a3a4a,130
1168,An Action Hero,2022,"Action, Comedy, Crime","Youth Icon. Superstar. Action Hero. At the age of just 30, Maanav was at the peak of his career when he got caught up in an accident while filming in Haryana. Maanav, who was once a household name, is now living in hiding.","Ayushmann Khurrana, Jaideep Ahlawat, Neeraj Madhav, Gautam Joglekar",Anirudh Iyer,6.0,#4a3a1a,153
1169,The Vaccine War,2023,"Drama, Thriller","Based on India's battle against Covid-19, and the efforts the medical department took to overcome the global crisis.","Nivedita Bhattacharya, Anupam Kher, Girija Oak, Nana Patekar",Vivek Agnihotri,6.0,#533483,132
1170,Jab We Met,2007,"Comedy, Drama, Romance",A depressed wealthy businessman finds his life changing after he meets a spunky and care-free young woman.,"Shahid Kapoor, Kareena Kapoor, Tarun Arora, Dara Singh Randhawa",Imtiaz Ali,6.4,#3a4a1a,139
1171,K.G.F: Chapter 1,2018,"Action, Crime, Drama","In the 1970s, a gangster named Rocky goes undercover as a slave to assassinate the owner of a notorious gold mine known as the K.G.F.","Yash, Srinidhi Shetty, Ramachandra Raju, Archana Jois",Prashanth Neel,6.1,#533483,147
1172,Mimi,2021,"Comedy, Drama",Mimi is introduced by Bhanu to an American couple as a surrogate in exchange for Rs 2 million. She decides to have the baby even when they change their mind and tells her parent that Bhanu is the father.,"Kriti Sanon, Evelyn Edwards, Pankaj Tripathi, Sai Tamhankar","Rajesh Bhatia, Laxman Utekar",8.0,#0f3460,148
1173,Afwaah,2023,"Drama, Thriller",An advertising professional and a political heiress whose lives are upended by a viral social media rumour.,"Nawazuddin Siddiqui, T.J. Bhanu, Bhumi Pednekar, Eisha Chopra",Sudhir Mishra,7.6,#1a3a1a,140
1174,Godfather,2022,"Action, Crime, Drama","After the death of a political leader, a mysterious man steps in to ascend the throne.","Chiranjeevi, Salman Khan, Nayanthara, Satyadev Kancharana",Mohan Raja,5.8,#4a1a4a,120
1175,Laila Majnu,2018,"Drama, Romance","Taking the leap out of the classic folklore, the story is set in today's time in Kashmir where Laila Majnu have problems relevant to the youth of today. While dealing with their feuding families a passionate love story unravels.","Avinash Tiwary, Triptii Dimri, Sumit Kaul, Abrar Qazi",Sajid Ali,7.2,#e94560,110
1176,Ghajini,2008,"Action, Drama, Mystery",A short-term memory loss patient goes on a killing spree in order to avenge the death of his ladylove.,"Aamir Khan, Asin Thottumkal, Jiah Khan, Aamir Naik",A.R. Murugadoss,7.5,#533483,122
1177,Jab Harry Met Sejal,2017,"Comedy, Drama, Romance",A depressed middle-aged tour guide who lives in his own bubble gets another chance to experience and face reality through a chirpy girl.,"Shah Rukh Khan, Anushka Sharma, Björn Freiberg, Bruce Huther",Imtiaz Ali,5.8,#3a2a1a,128
1178,Barfi!,2012,"Comedy, Drama, Romance",Three young people learn that love can neither be defined nor contained by society's definition of normal and abnormal.,"Ranbir Kapoor, Priyanka Chopra Jonas, Ileana D'Cruz, Saurabh Shukla",Anurag Basu,8.6,#4a1a4a,132
1179,Mumbai Meri Jaan,2008,Drama,"A moving portrayal of the 2006 train bombings in Mumbai, this Indian drama follows the interconnected stories of several strangers.","Paresh Rawal, Kay Kay Menon, Irrfan Khan, Madhavan",Nishikant Kamat,8.6,#1a4a1a,110
1180,Ludo,2020,"Action, Comedy, Crime","From a resurfaced sex tape to a rogue suitcase of money, four wildly different stories overlap at the whims of fate, chance and one eccentric criminal.","Pankaj Tripathi, Abhishek Bachchan, Rajkummar Rao, Fatima Sana Shaikh",Anurag Basu,7.8,#4a1a4a,128
1181,Haider,2014,"Action, Crime, Drama","A young man returns to Kashmir after his father's disappearance to confront his uncle, whom he suspects of playing a role in his father's fate.","Shahid Kapoor, Tabu, Shraddha Kapoor, Kay Kay Menon",Vishal Bhardwaj,8.8,#1a4a1a,165
1182,Mission Majnu,2023,"Action, Drama, History","In the 1970s, an undercover Indian spy takes on a deadly mission to expose a covert nuclear weapons program in the heart of Pakistan.","Sidharth Malhotra, Rashmika Mandanna, Parmeet Sethi, Zakir Hussain",Shantanu Bagchi,6.8,#16213e,142
1183,Talaash,2012,"Crime, Drama, Mystery","Inspector Surjan Shekhawat, who is dealing with a depressing past, has to investigate a high profile murder case, deal with his crumbling marriage and use the help and solace of a prostitute by the name of Rosie.","Aamir Khan, Kareena Kapoor, Rani Mukerji, Nawazuddin Siddiqui","Reema Kagti, Priyamvada Narayanan",8.2,#1a3a1a,158
1184,Ae Dil Hai Mushkil,2016,"Drama, Music, Musical","This story explores love - the shapes it takes, the ways it changes us and the exhilarating and often terrifying ride it takes us on. It is the journey of two characters, Alizeh and Ayan, as they navigate life, love and heartbreak.","Ranbir Kapoor, Aishwarya Rai Bachchan, Anushka Sharma, Fawad Khan",Karan Johar,7.4,#4a3a1a,128
1185,A Wednesday,2008,"Action, Crime, Drama",A retiring police officer reminisces about the most astounding day of his career. About a case that was never filed but continues to haunt him in his memories - the case of a man and a Wednesday.,"Anupam Kher, Naseeruddin Shah, Veerendra Saxena, Mahesh Kanual",Neeraj Pandey,8.5,#3a2a1a,131
1186,Wajah Tum Ho,2016,"Drama, Mystery, Romance",People get entangled in a mystery when a murder is committed on live television.,"Sharman Joshi, Sana Khan, Gurmeet Choudhary, Rajneesh Duggal",Vishal Pandya,7.8,#1a1a3a,154
1187,Raazi,2018,"Action, Drama, Thriller",A Kashmiri woman agrees to marry a Pakistani army officer in order to spy on Pakistan during the Indo-Pakistan War of 1971.,"Alia Bhatt, Vicky Kaushal, Rajit Kapoor, Shishir Sharma",Meghna Gulzar,7.8,#16213e,114
1188,Dil Chahta Hai,2001,"Comedy, Drama, Romance","Three inseparable childhood friends are just out of college. Nothing comes between them - until they each fall in love, and their wildly different approaches to relationships creates tension.","Aamir Khan, Saif Ali Khan, Akshaye Khanna, Preity G Zinta",Farhan Akhtar,6.0,#533483,115
1189,Bye2,2020,"Drama, Romance","Story of boy and girl, how relationships change over a period of life and how hard is to say Bye sometimes when you want to end the relationship.","Bhushan, Karan, Vipin Singh, Shreya Tyagi",Tanveer Hashmi,7.9,#16213e,154
1190,Darlings,2022,"Comedy, Drama, Thriller",It follows the lives of two women as they find courage and love in exceptional circumstances.,"Alia Bhatt, Shefali Shah, Vijay Varma, Roshan Mathew",Jasmeet K Reen,8.4,#1a1a3a,118
1191,Runway 34,2022,"Drama, Thriller","Inspired by true incidents, ""Runway 34"" revolves around Captain Vikrant Khanna played by Ajay Devgn, a flying prodigy, whose flight takes a mysterious course after take-off from an international destination.","Ajay Devgn, Amitabh Bachchan, Rakul Preet Singh, CarryMinati",Ajay Devgn,6.0,#2d4a22,115
1192,Masaan,2015,Drama,"Along India's Ganges River, four people face prejudice, a strict moral code and a punishing caste system as they confront personal tragedies.","Richa Chadha, Sanjay Mishra, Vicky Kaushal, Pankaj Tripathi",Neeraj Ghaywan,5.9,#533483,148
1193,Sanju,2018,"Biography, Comedy, Drama","Biopic of the controversial life of actor Sanjay Dutt: his film career, jail sentence, and personal life.","Ranbir Kapoor, Paresh Rawal, Manisha Koirala, Vicky Kaushal",Rajkumar Hirani,8.3,#4a4a1a,160
1194,Govinda Naam Mera,2022,"Comedy, Crime, Drama","The very charming Govinda Waghmare juggles his time and love between his wife Mrs. Waghmare and his girlfriend in this dose of chaos, confusion, and laughter.","Vicky Kaushal, Kiara Advani, Bhumi Pednekar, Renuka Shahane",Shashank Khaitan,6.9,#1a4a1a,131
1195,Rockstar,2011,"Drama, Music, Romance","Janardhan Jakhar chases his dreams of becoming a big Rock star, during which he falls in love with Heer.","Ranbir Kapoor, Nargis Fakhri, Shammi Kapoor, Kumud Mishra",Imtiaz Ali,7.8,#1a3a1a,111
1196,Mom,2017,"Crime, Drama, Thriller","After her daughter is sexually assaulted at a party, a furious mother sets out to destroy the lives of the four perpetrators who walked away free.","Sridevi, Sajal Ali, Akshaye Khanna, Adnan Siddiqui",Ravi Udyawar,5.9,#0f3460,133
1197,Kalank,2019,"Drama, Romance","The lives of six enigmatic characters become entangled whilst in search of love, but separated by the dichotomy between the two worlds of Husnabad, a town in North India.","Alia Bhatt, Kiara Advani, Sanjay Dutt, Kriti Sanon",Abhishek Varman,8.1,#1a4a1a,138
1198,Article 15,2019,"Crime, Drama, Mystery","In the rural heartlands of India, an upright police officer sets out on a crusade against violent caste-based crimes and discrimination.","Ayushmann Khurrana, Nassar, Manoj Pahwa, Kumud Mishra",Anubhav Sinha,6.2,#1a2a1a,117
1199,Lust Stories,2018,"Drama, Romance","Four short films by four of India's biggest directors exploring love, sex and relationships in modern India.","Kiara Advani, Vicky Kaushal, Bhumi Pednekar, Neil Bhoopalam","Zoya Akhtar, Dibakar Banerjee, Karan Johar, Anurag Kashyap",6.3,#4a3a1a,142
1200,Shehzada,2023,"Action, Comedy, Drama","Bantu is hated by his father Valmiki since he was a toddler. Samara, his boss, shows him affection and love until he discovers that the Jindals are his parents. Bantu decides to seek Jindals love and protect them from threats they facing.","Kartik Aaryan, Kriti Sanon, Paresh Rawal, Manisha Koirala",Rohit Dhawan,7.1,#3a2a1a,131
1201,Zero,2018,"Comedy, Drama, Romance","The story revolves around Bauua Singh (Shah Rukh Khan), a vertically challenged man, who is full of charm and wit, with a pinch of arrogance. Born to a wealthy family and raised in an environment of affluence, he is challenged to broaden his horizon and find purpose in life.","Shah Rukh Khan, Anushka Sharma, Katrina Kaif, Mohd. Zeeshan Ayyub",Aanand L. Rai,6.1,#4a1a1a,165
1202,A Thursday,2022,"Drama, Thriller","Naina, a playschool teacher, takes 16 students hostage. Rattling the police and the leaders, her demands send shockwaves through the country.","Yami Gautam, Atul Kulkarni, Neha Dhupia, Dimple Kapadia",Behzad Khambata,7.0,#1a1a1a,120
1203,Rang De Basanti,2006,"Comedy, Crime, Drama","The story of six young Indians who assist an English woman to film a documentary on the freedom fighters from their past, and the events that lead them to relive the long-forgotten saga of freedom.","Aamir Khan, Soha Ali Khan, Siddharth, Sharman Joshi",Rakeysh Omprakash Mehra,7.5,#1a4a1a,137
1204,Rocketry: The Nambi Effect,2022,"Biography, Drama","Based on the life of Indian Space Research Organization scientist Nambi Narayanan, who was framed for being a spy and arrested in 1994. Though free, he continues to fight for justice against the officials who falsely implicated him.","Madhavan, Simran, Rajit Kapoor, Ravi Raghavendra",Madhavan,6.4,#0f3460,137
1205,Dilwale,2015,"Action, Comedy, Drama","The siblings of two estranged lovers fall for each other, unaware of the violent past that drove them apart.","Shah Rukh Khan, Kajol, Varun Dhawan, Kriti Sanon",Rohit Shetty,6.5,#4a4a1a,140
1206,Jug Jugg Jeeyo,2022,"Comedy, Drama, Family",Two couples from different generations confront their issues after marriage.,"Varun Dhawan, Anil Kapoor, Kiara Advani, Neetu Singh",Raj Mehta,8.7,#1a2a1a,144
1207,Gully Boy,2019,"Drama, Music, Romance",A coming-of-age story based on the lives of street rappers in Mumbai.,"Ranveer Singh, Alia Bhatt, Siddhant Chaturvedi, Vijay Raaz",Zoya Akhtar,8.2,#1a1a3a,124
1208,Chennai Express,2013,"Action, Comedy, Drama",A man travelling to Rameshwaram via Chennai express in order to immerse his late grandfather's ashes finds himself in trouble after helping a don's daughter and her cousins board the train.,"Deepika Padukone, Shah Rukh Khan, Sathyaraj, Nikitin Dheer",Rohit Shetty,8.0,#1a1a3a,158
1209,War,2019,"Action, Adventure, Thriller","Indian agent Khalid goes on a mission to hunt and eliminate his former mentor, the country's top agent Kabir who has gone rogue. A deadly war begins.","Hrithik Roshan, Tiger Shroff, Vaani Kapoor, Ashutosh Rana",Siddharth Anand,8.6,#1a1a1a,162
1210,Shershaah,2021,"Action, Biography, Drama","Shershaah is the story of PVC awardee Indian soldier Capt. Vikram Batra, whose bravery and unflinching courage in chasing the Pakistani soldiers out of Indian territory contributed immensely in India finally winning the Kargil War in 1999.","Sidharth Malhotra, Kiara Advani, Shiv Panditt, Pranay Pachauri",Vishnuvardhan,8.0,#533483,128
1211,Student of the Year 2,2019,"Action, Comedy, Drama","A student must face off against bullies and overcome hurdles, both academic and romantic, to win his college's coveted Student of the Year trophy.","Tiger Shroff, Ananya Panday, Tara Sutaria, Aditya Seal",Punit Malhotra,6.6,#1a1a1a,140
1212,Qala,2022,"Drama, Music","Haunted by her past, a talented singer with a rising career copes with the pressure of success, a mother's disdain and the voices of doubt within her.","Triptii Dimri, Babil Khan, Swastika Mukherjee, Amit Sial",Anvita Dutt,7.2,#2d4a22,147
1213,Talvar,2015,"Crime, Drama, Mystery",An experienced investigator confronts several conflicting theories about the perpetrators of a violent double homicide.,"Irrfan Khan, Konkona Sen Sharma, Neeraj Kabi, Sohum Shah",Meghna Gulzar,7.8,#1a1a3a,136
1214,Kuttey,2023,"Action, Comedy, Crime","A van carrying crores of cash. One rainy night in the outskirts of Mumbai. Unaware of each other, three stray gangs cross paths on the hunt. Unfortunately, all of them have the same plan. Will they bite the bone or will they lose to greed?","Tabu, Arjun Kapoor, Naseeruddin Shah, Konkona Sen Sharma",Aasmaan Bhardwaj,6.0,#1a4a1a,120
1215,Fukrey 3,2023,"Comedy, Crime, Drama",The friends facing disastrously funny situations together and having each other's backs through the trenches to make it out of a new mess this time.,"Pankaj Tripathi, Farhan Akhtar, Richa Chadha, Pulkit Samrat",Mrighdeep Lamba,6.5,#4a1a1a,159
1216,Dangerous,2022,"Action, Crime, Drama",Dangerous is a story of two women who have some bad experiences with men and in due course passionately fall in love with each other. The film's story proceeds with how violently they fight...                See full summary »,"Naina Ganguly, Rajpal Naurang Yadav, Mithun Purandare, Apsara Rani",Ram Gopal Varma,8.0,#2d4a22,163
1217,Bang Bang,2014,"Action, Adventure, Comedy","A young bank receptionist gets mixed up with Rajveer Nanda, a man who has a mysterious background.","Hrithik Roshan, Katrina Kaif, Pawan Malhotra, Danny Denzongpa",Siddharth Anand,7.9,#533483,129
1218,Hey Ram,2000,"Crime, Drama, History",Saketh Ram's wife is raped and killed during direct action day riots in Calcutta. He is convinced that Mahatma Gandhi is responsible for all the problems happening in the country and sets out to kill him.,"Kamal Haasan, Shah Rukh Khan, Rani Mukerji, Hema Malini",Kamal Haasan,6.5,#3a4a1a,127
1219,83,2021,"Biography, Drama, History","On June 25, 1983, the Lord's Cricket Ground witnessed 14 men beat the two times World Champions West Indies, putting India back onto the cricket world stage.","Ranveer Singh, Deepika Padukone, Tahir Raj Bhasin, Jiiva",Kabir Khan,8.6,#1a3a1a,155
1220,Selfiee,2023,"Action, Comedy, Drama","Bollywood superstar Vijay Kumar needs to obtain a new driving license from RTO officer Om Prakash Agarwal, a diehard fan of Vijay. A misunderstanding escalates into a feud which is played out in front of the entire country.","Akshay Kumar, Mrunal Thakur, Nushrratt Bharuccha, Emraan Hashmi",Raj Mehta,7.5,#1a2a1a,131
1221,Veer-Zaara,2004,"Drama, Family, Musical","""Veer-Zaara"" is a saga of love, separation, courage, and sacrifice. A love story that is an inspiration and will remain a legend forever.","Shah Rukh Khan, Preity G Zinta, Rani Mukerji, Kirron Kher",Yash Chopra,6.2,#1a1a2e,160
1222,Goliyon Ki Rasleela Ram-Leela,2013,"Drama, Musical, Romance","Modern adaptation of William Shakespeare's 'Romeo and Juliet' with an Indian twist, the film focuses on the story of Ram and Leela, their love, lust and the drama afterwards.","Ranveer Singh, Deepika Padukone, Supriya Pathak, Sharad Kelkar",Sanjay Leela Bhansali,8.3,#4a4a1a,159
1223,Thugs of Hindostan,2018,"Action, Adventure",A story about one man's love for his nation and another's love for power. An epic adventure filled with edge-of-the-seat thrills and war on the seas.,"Aamir Khan, Amitabh Bachchan, Lloyd Owen, Katrina Kaif",Vijay Krishna Acharya,6.0,#16213e,132
1224,Bheed,2023,"Drama, History",The toughest times people had to face just to reach their homes.,"Rajkummar Rao, Pankaj Kapur, Bhumi Pednekar, Aditya Srivastav",Anubhav Sinha,7.5,#3a2a1a,116
1225,Kabhi Alvida Naa Kehna,2006,"Drama, Romance","Dev, a former football player is married to Rhea, a successful fashion editor. Maya is a kindergarten teacher who is married to Rishi, an outgoing event planner. These couples' lives intersect and they each question their own marriage.","Shah Rukh Khan, Rani Mukerji, Amitabh Bachchan, Abhishek Bachchan",Karan Johar,7.1,#4a1a1a,165
1226,Badhaai Do,2022,"Comedy, Crime, Drama",Shardul Thakur Flaglot and Suman Singh enter into a marriage of convenience but chaos ensues when her unhinged girlfriend comes to stay with them.,"Rajkummar Rao, Bhumi Pednekar, Chum Darang, Sheeba Chaddha",Harshavardhan Kulkarni,7.4,#4a1a4a,110
1227,Prem Ki Shaadi,2024,"Drama, Romance",Add a Plot,"Salman Khan, Keerthy Suresh, Kriti Kharbanda, Parineeti Chopra",Sooraj R. Barjatya,6.0,#3a4a1a,118
1228,Ghost Stories,2020,"Horror, Thriller","The winning team of ""Lust Stories"" reunites to tell some spine-chilling tales. ""Ghost Stories"" is a 2020 Indian anthology horror film consisting of four short film segments.","Janhvi Kapoor, Surekha Sikri, Amruta Subhash, Vijay Varma","Zoya Akhtar, Dibakar Banerjee, Karan Johar, Anurag Kashyap",8.5,#4a1a1a,145
1229,Pushpa: The Rule - Part 2,2024,"Action, Crime, Drama",The Clash Continues as Pushpa and Bhanwar Singh continue their rivalry in this epic c onclusion to the two-parted series.,"Allu Arjun, Sunil, Fahadh Faasil, Rashmika Mandanna",Sukumar,6.3,#1a4a1a,126
1230,Climax,2020,"Action, Horror, Thriller","Mia Malkova and her boyfriend try to do things out of the blue and enter a desert even after there is a no-entry board written on it. In this situation, scary things and some crazy people ...                See full summary »","Mia Malkova, Mourmi, Renan Severo",Ram Gopal Varma,7.1,#4a1a4a,145
1231,Stree,2018,"Comedy, Horror","In the small town of Chanderi, the menfolk live in fear of an evil spirit named ""Stree"" who abducts men in the night. Based on the urban legend of ""Nale Ba"" that went viral in Karnataka in the 1990s.","Ashish Chhipa, Rajkummar Rao, Shraddha Kapoor, Pankaj Tripathi",Amar Kaushik,6.7,#4a4a1a,120
1232,Monsoon Wedding,2001,"Comedy, Drama, Romance","A stressed father, a bride-to-be with a secret, a smitten event planner, and relatives from around the world create much ado about the preparations for an arranged marriage in India.","Naseeruddin Shah, Lillete Dubey, Shefali Shah, Vijay Raaz",Mira Nair,6.2,#16213e,136
1233,Delhi Belly,2011,"Action, Comedy, Crime",Three struggling room-mates unknowingly become potential prey of a ruthless gangster.,"Imran Khan, Vir Das, Kunaal Roy Kapur, Shenaz Treasury","Abhinay Deo, Akshat Verma",6.8,#4a1a4a,132
1234,Mission Raniganj,2023,"Biography, Drama, History","A total of 65 miners were trapped in a mine, who were rescued by mining engineer Jaswant Singh Gill.","Akshay Kumar, Parineeti Chopra, Rajesh Sharma, Ravi Kishan",Tinu Suresh Desai,7.4,#16213e,111
1235,Main Hoon Na,2004,"Action, Comedy, Drama","An army major goes undercover as a college student. His mission is both professional and personal: to protect his general's daughter from a radical militant, and to find his estranged half-brother.","Shah Rukh Khan, Sushmita Sen, Suniel Shetty, Zayed Khan",Farah Khan,7.7,#e94560,133
1236,Gadar: Ek Prem Katha,2001,"Action, Drama, Romance","During the Partition of India in 1947, a Sikh truck driver falls in love with a Muslim girl belonging to an aristocratic family.","Sunny Deol, Ameesha Patel, Amrish Puri, Lillete Dubey",Anil Sharma,8.7,#e94560,127
1237,Bhagwan Bharose,2023,"Comedy, Drama","A story about two young, impressionable kids whose ideas about faith are constantly questioned and changed as their little world expands and takes into its fold, their country's fast-changing socio-political landscape.","Satendra Soni, Sparsh Suman, Vinay Pathak, Masumeh Makhija",Shiladitya Bora,5.9,#e94560,133
1238,Omkara,2006,"Action, Crime, Drama",A politically-minded enforcer's misguided trust in his lieutenant leads him to suspect his wife of infidelity in this adaptation of Shakespeare's 'Othello'.,"Ajay Devgn, Kareena Kapoor, Saif Ali Khan, Konkona Sen Sharma",Vishal Bhardwaj,5.8,#2a2a1a,114
1239,Chak De! India,2007,"Drama, Family, Sport","Kabir Khan, the coach of the Indian Women's National Hockey Team, dreams of making his all-girls team emerge victorious against all odds.","Shah Rukh Khan, Vidya Malvade, Sagarika Ghatge, Shilpa Shukla",Shimit Amin,7.6,#e94560,125
1240,Mohabbatein,2000,"Drama, Musical, Romance","A film about the battle between love and fear, between two stubborn men and their opposing beliefs and the outcome of the love stories of 3 couples.","Amitabh Bachchan, Shah Rukh Khan, Uday Chopra, Jugal Hansraj",Aditya Chopra,7.6,#3a2a1a,157
1241,Krrish 3,2013,"Action, Adventure, Sci-Fi","Krrish and his scientist father must save the world and their own family from an evil man named Kaal and his gang of mutants, led by the ruthless Kaya.","Hrithik Roshan, Vivek Oberoi, Priyanka Chopra Jonas, Kangana Ranaut",Rakesh Roshan,8.7,#1a1a2e,151
1242,Kabir Singh,2019,"Action, Drama, Romance","An exalted but short-fused surgeon plunges into a spiral of drugs, alcohol and rage after his intense relationship with his girlfriend turbulently ends.","Shahid Kapoor, Kiara Advani, Nikita Dutta, Soham Majumdar",Sandeep Reddy Vanga,8.4,#16213e,115
1243,Raat Akeli Hai,2020,"Crime, Drama, Mystery",The film follows a small town cop who is summoned to investigate the death of a politician which gets complicated by the victim's secretive family and his own conflicted heart.,"Ashish Chhipa, Nawazuddin Siddiqui, Radhika Apte, Aditya Srivastav",Honey Trehan,7.1,#e94560,143
1244,Housefull 4,2019,"Action, Comedy, Drama","Three couples who get separated from each other due to an evil ploy, reincarnate after 600 years and meet each other as history repeats itself again and their respective partners get mixed up this time.","Akshay Kumar, Riteish Deshmukh, Bobby Deol, Kriti Sanon",Farhad Samji,7.2,#1a2a1a,128
1245,Happy New Year,2014,"Action, Comedy, Crime",A gang of amateur dancers takes part in a dancing competition to avenge their personal vendetta.,"Shah Rukh Khan, Deepika Padukone, Abhishek Bachchan, Boman Irani",Farah Khan,7.3,#1a1a2e,113
1246,Ittefaq,2017,"Crime, Mystery, Thriller",A detective seeks out the truth between two different stories of a crime scene.,"Sidharth Malhotra, Sonakshi Sinha, Akshaye Khanna, Mandira Bedi",Abhay Chopra,8.2,#1a1a2e,165
1247,Sultan,2016,"Action, Drama, Romance","Sultan is a classic underdog tale about a wrestler's journey, looking for a comeback by defeating all odds.","Salman Khan, Anushka Sharma, Randeep Hooda, Amit Sadh",Ali Abbas Zafar,7.1,#16213e,136
1248,Dil Dhadakne Do,2015,"Comedy, Drama, Romance",The Mehra family must contemplate over their way of living and their love lives while on a cruise celebrating their 30th wedding anniversary.,"Anil Kapoor, Shefali Shah, Priyanka Chopra Jonas, Ranveer Singh",Zoya Akhtar,7.0,#3a2a1a,131
1249,Dhokha: Round D Corner,2022,"Crime, Drama, Thriller","When a housewife with a personality disorder is taken hostage by a terrorist on the loose and a husband accused of cheating on his wife, have their own versions of reality, how do we know what the truth is?","Madhavan, Khushali Kumar, Aparshakti Khurana, Darshan Kumaar",Kookie Gulati,6.2,#3a4a1a,117
1250,The Other Side of the Door,2016,"Horror, Thriller","After her young son is killed in a tragic accident, a woman learns of a ritual which will bring him back to say goodbye, but when she disobeys a sacred warning, she upsets the balance between life and death.","Sarah Wayne Callies, Jeremy Sisto, Sofia Rosinsky, Logan Creran",Johannes Roberts,8.4,#0f3460,157
1251,Omerta,2017,"Action, Biography, Crime","A recounting of the story of infamous British-born terrorist Ahmed Omar Saeed Sheikh, who kidnapped and murdered Wall Street Journal reporter Daniel Pearl in 2002.","Rajkummar Rao, Rajesh Tailang, Satwant Kaur, Abhimanue Kamboj",Hansal Mehta,5.8,#1a1a1a,138
1252,Maqbool,2003,"Crime, Drama, Thriller",The intrigue of the Shakespearean tragedy 'Macbeth' is transposed to the Mumbai underworld.,"Irrfan Khan, Tabu, Pankaj Kapur, Naseeruddin Shah",Vishal Bhardwaj,7.9,#4a1a1a,111
1253,Satya,1998,"Action, Crime, Drama",An innocent man is embroiled in underworld after being falsely charged and sets out to punish the perpetrators who subjected his life to misery.,"J.D. Chakravarthi, Manoj Bajpayee, Urmila Matondkar, Paresh Rawal",Ram Gopal Varma,7.8,#4a1a4a,136
1254,Cirkus,2022,"Comedy, Drama","Two sets of identical twins are accidentally separated at birth. Several years later, when they are coincidentally in the same town, there is a lot of confusion and misunderstanding when people mistake them for each other.","Ranveer Singh, Varun Sharma, Pooja Hegde, Jacqueline Fernandez",Rohit Shetty,8.3,#1a1a2e,140
1255,Merry Christmas,2023,"Drama, Thriller","On Christmas Eve, an uneventful day turns the world of two people upside down.","Vijay Sethupathi, Katrina Kaif, Radhika Apte, Ashwini Kalsekar",Sriram Raghavan,8.7,#4a1a4a,161
1256,Badlapur,2015,"Action, Crime, Drama",Raghu begins walking a fine line between good and evil as he exacts violent revenge on two criminals who killed his family 15 years ago.,"Varun Dhawan, Nawazuddin Siddiqui, Yami Gautam, Huma Qureshi","Sriram Raghavan, Mehmet Tutkun",6.6,#4a3a1a,142
1257,Kaun Kitney Paani Mein,2015,"Comedy, Drama, Family","The film wryly expresses the changes in hierarchy, caste and the power equation when water, the most important resource, vanishes and how the oppressed become the oppressors. The story is ...                See full summary »","Kunal Kapoor, Radhika Apte, Saurabh Shukla, Gulshan Grover",Nila Madhab Panda,8.6,#1a4a1a,131
1258,Karwaan,2018,"Adventure, Comedy, Drama",Two friends and a chirpy teenager take a road trip from Bangalore to Kochi.,"Irrfan Khan, Dulquer Salmaan, Mithila Palkar, Amala Akkineni",Akarsh Khurana,8.6,#1a1a1a,110
1259,Fukrey,2013,"Comedy, Drama, Romance","The paths of four dream-chasing college friends cross with an array of colourful characters, from a tough-talking Punjabi female don to a Jugaad Baaz college watchman. Mayhem ensues.","Pulkit Samrat, Manjot Singh, Ali Fazal, Varun Sharma",Mrighdeep Lamba,7.2,#1a1a1a,139
1260,Mili,2022,"Drama, Thriller",Janhvi Kapoor as a woman stuck in a freezer fighting to stay alive. 'Mili' is the official Hindi remake of the Malayalam thriller 'Helen'.,"Janhvi Kapoor, Manoj Pahwa, Sunny Kaushal, Deepak Simwal",Mathukutty Xavier,7.1,#3a2a1a,136
1261,Ugly,2013,"Crime, Drama, Mystery",The case of a missing girl takes us through a journey of human greed and brushes upon the egos and repressed emotions of the characters.,"Rahul Bhat, Ronit Roy, Tejaswini Kolhapure, Vineet Kumar Singh",Anurag Kashyap,6.2,#e94560,134
1262,Rab Ne Bana Di Jodi,2008,"Comedy, Drama, Music","A breathtaking, goose flesh igniting, awe inspiring love journey of an ordinary man Suri and his 'total opposite' love Taani.","Shah Rukh Khan, Anushka Sharma, Vinay Pathak, M.K. Raina",Aditya Chopra,7.6,#3a2a1a,133
1263,Tiger Zinda Hai,2017,"Action, Adventure, Thriller","Inspired by real events, Tiger Zinda Hai is a sequel to the blockbuster Ek Tha Tiger, and an espionage action drama that follows a daring rescue mission in Iraq.","Salman Khan, Katrina Kaif, Nawab Shah, Anupriya Goenka","Mehmet Tutkun, Ali Abbas Zafar, Musa Muhammed Olayinka",7.4,#1a2a1a,134
1264,Once Upon a Time in Mumbaai,2010,"Action, Crime, Drama","As a smuggler rises to power in in 1970s Mumbai, a younger gangster seeks to overthrow him and a police officer is caught in the middle.","Ajay Devgn, Emraan Hashmi, Kangana Ranaut, Prachi Desai",Milan Luthria,5.9,#4a1a4a,155
1265,Salaam Venky,2022,Drama,"Sujata, an ideal mother, who battled the most challenging situations one can ever face with a smile.","Aamir Khan, Priyamani, Kajol, Prakash Raj",Revathi,6.3,#4a3a1a,120
1266,Vadh,2022,"Crime, Drama, Thriller","After their son moves to USA, a middle-class married couple is relentlessly harassed by a loan shark.","Sanjay Mishra, Neena Gupta, Manav Vij, Saurabh Sachdeva","Jaspal Singh Sandhu, Rajeev Barnwal",7.7,#3a4a1a,116
1267,Faraaz,2022,"Action, Thriller","Based on the real-life terrorist attack that ravaged a Dhaka cafe, Faraaz is a tense hostage drama that unfolds over one claustrophobic night.","Jatin Sarin, Anirban Adhikary, Aamir Ali, Aneeta",Hansal Mehta,6.0,#1a1a1a,132
1268,Sholay,1975,"Action, Adventure, Comedy","After his family is murdered by a notorious and ruthless bandit, a former police officer enlists the services of two outlaws to capture the bandit.","Sanjeev Kumar, Dharmendra, Amitabh Bachchan, Amjad Khan",Ramesh Sippy,8.4,#e94560,126
1269,1920: Horrors of the Heart,2023,"Drama, Horror",A young girl walks into a world of darkness is search of revenge but darkness consumes her making her a victim of that very revenge.,"Rupam Bag, Amit Behl, Barkha Bisht, Rahul Dev",Krishna Bhatt,7.4,#3a4a1a,137
1270,Section 375,2019,"Crime, Drama, Mystery","A celebrated Bollywood director Rohan Khurana stands accused by a female member of his crew, Anjali Dangle of having raped her at his residence.","Akshaye Khanna, Richa Chadha, Rahul Bhat, Meera Chopra",Ajay Bahl,8.2,#2d4a22,110
1271,Shiddat,2021,Romance,"A passionate love story involving two couples which highlights the contrast between a regular, mature yet egoistic husband and a unique, happy go lucky, enamored, overzealous boy chasing after the love of his life.","Sunny Kaushal, Radhika Madan, Mohit Raina, Diana Penty",Kunal Deshmukh,6.0,#533483,127
1272,Jalpari: The Desert Mermaid,2012,"Drama, Family, Mystery","When they travel to their father's ancestral village, city kids expecting a natural paradise instead find a poor, dusty town that harbors secrets.","Lehar Khan, Krishang Trivedi, Parvin Dabas, Suhasini Mulay",Nila Madhab Panda,5.8,#0f3460,159
1273,Piku,2015,"Comedy, Drama","A quirky comedy about the relationship between a daughter and her aging father, whose eccentricities drive everyone crazy.","Deepika Padukone, Amitabh Bachchan, Irrfan Khan, Moushumi Chatterjee",Shoojit Sircar,7.5,#533483,119
1274,Kennedy,2023,"Action, Crime, Drama","An insomniac ex-cop who dwells in different circumstances looking for redemption. The ex-cop, who is presumed dead for a long time, operates secretly for the corrupt system.","Rahul Bhat, Megha Burman, Kurush Deboo, Abhishek Deswal",Anurag Kashyap,6.3,#4a4a1a,114
1275,Takht,2000,"Action, Drama, History","Vicky Kaushal plays Aurangzeb and Ranveer plays Dara, Aurangzeb's elder brother. It's the story about the enmity between brothers caused for the succession of the Throne.","Kareena Kapoor, Alia Bhatt, Ranveer Singh, Anil Kapoor",Karan Johar,6.5,#2d4a22,116
1276,Company,2002,"Action, Crime, Drama","A small-time gangster named Chandu teams up with Malik, a low-level enforcer for a criminal syndicate. Together they eliminate all their enemies, becoming the most feared gangsters in Mumbai.","Ajay Devgn, Mohanlal, Manisha Koirala, Seema Biswas",Ram Gopal Varma,8.8,#4a1a1a,157
1277,Kahaani,2012,"Mystery, Thriller","A pregnant woman's search for her missing husband takes her from London to Kolkata, but everyone she questions denies having ever met him.","Vidya Balan, Parambrata Chattopadhyay, Indraneil Sengupta, Nawazuddin Siddiqui",Sujoy Ghosh,7.7,#4a1a4a,119
1278,Dil Se..,1998,"Drama, Romance",A radio broadcaster's intense attraction to a mysterious woman opens the door to a tidal wave of powerful emotions and desires.,"Shah Rukh Khan, Manisha Koirala, Preity G Zinta, Raghubir Yadav",Mani Ratnam,8.7,#1a2a1a,158
1279,Laapataa Ladies,2023,"Comedy, Drama","It's a jolly mess when two young brides get lost from a train. Set in 2001, somewhere in rural India.","Atishay Jain Akhil, Shivam Ghawariya, Nitanshi Goel, Daood Hussain",Kiran Rao,6.1,#1a4a1a,154
1280,Goodbye,2022,"Comedy, Drama, Family",A heartwarming story of the Bhalla family that depicts their journey of grief and self-discovery after they suffer the loss of their loved one.,"Amitabh Bachchan, Neena Gupta, Rashmika Mandanna, Pavail Gulati",Vikas Bahl,7.0,#2a2a1a,117
1281,Uri: The Surgical Strike,2019,"Action, Drama, History","Indian army special forces execute a covert operation, avenging the killing of fellow army men at their base by a terrorist group.","Vicky Kaushal, Paresh Rawal, Mohit Raina, Yami Gautam",Aditya Dhar,6.5,#1a2a1a,160
1282,Sooryavanshi,2021,"Action, Crime, Thriller","DCP Veer Sooryavanshi, the chief of the Anti-Terrorism Squad in India, tries to bring down a terrorist organization with which he has a history.","Akshay Kumar, Katrina Kaif, Ajay Devgn, Ranveer Singh",Rohit Shetty,8.1,#e94560,134
1283,Highway,2014,"Crime, Drama, Romance","Right before her wedding, a young woman finds herself abducted and held for ransom. As the initial days pass, she begins to develop a strange bond with her kidnapper.","Alia Bhatt, Randeep Hooda, Durgesh Kumar, Pradeep Nagar",Imtiaz Ali,7.7,#e94560,110
1284,Tamasha,2015,"Comedy, Drama, Romance","A boy meets a girl, in Corsica. They decide not to reveal their real name or personality.","Deepika Padukone, Ranbir Kapoor, Ishwak Singh, Arushi Sharma",Imtiaz Ali,7.3,#1a1a2e,164
1285,Operation Mayfair,2023,"Crime, Thriller",A detective hunts for a London-based serial killer who targets women in this gritty Hindi language thriller.,"Jimmy Shergill, Vedieka Dutt, Ankur Bhatia, Hritiqa Chheber",Sudipto Sarkar,6.2,#1a1a2e,152
1286,Agneepath,2012,"Action, Crime, Drama",A young boy's father is lynched before his eyes; fifteen years later he returns home for revenge.,"Hrithik Roshan, Priyanka Chopra Jonas, Sanjay Dutt, Rishi Kapoor",Karan Malhotra,6.8,#1a3a4a,134
1287,Lootera,2013,"Drama, Romance","An aristocrat's daughter falls in love with a visiting archaeologist, but he holds a secret that could drive them apart.","Ranveer Singh, Sonakshi Sinha, Barun Chanda, Adil Hussain",Vikramaditya Motwane,6.5,#3a4a1a,140
1288,Dostana,2008,"Comedy, Drama, Romance","Two straight guys pretend to be gay in order to secure a Miami apartment. When both of them fall for their roommate Neha, hilarity ensues as they strive to convince one and all that they're gay whilst secretly trying to win her heart.","Abhishek Bachchan, John Abraham, Priyanka Chopra Jonas, Kirron Kher","Tarun Mansukhani, Punit Malhotra",5.9,#1a3a1a,137
1289,Dream Girl,2019,"Comedy, Romance","Rom-com Movie, directed by Raaj Shaandilyaa, stars Ayushmann Khurrana who plays a 'dream girl'. In every love story, there is always one trying to win the heart of the other, who could be the 'dream girl'.","Ayushmann Khurrana, Nushrratt Bharuccha, Annu Kapoor, Manjot Singh",Raaj Shaandilyaa,8.3,#3a4a1a,135
1290,Chandigarh Kare Aashiqui,2021,"Comedy, Crime, Drama","Manu, a bodybuilder from Chandigarh, India, falls in love with Maanvi, a Zumba teacher. All seems well until a revelation causes turmoil in their love story.","Ayushmann Khurrana, Vaani Kapoor, Yograj Singh, Anjan Srivastav",Abhishek Kapoor,6.4,#4a1a1a,147
1291,Dhoom:3,2013,"Action, Crime, Drama","Jai and Ali return to catch the clown thief, Sahir, who has the City of Chicago captive. Watch an unconventional battle of revenge that will thrill you.","Aamir Khan, Katrina Kaif, Abhishek Bachchan, Uday Chopra",Vijay Krishna Acharya,8.3,#1a3a4a,144
1292,U Turn,2023,"Crime, Drama, Horror","Motorists who take an illegal U-turn on a flyover die mysteriously. Radhika, who is interning to be a journalist, is investigating it. However, she becomes the prime suspect by a twist of fate. What happens next?","Alaya F, Priyanshu Painyuli, Manu Rishi Chadha, Aashim Gulati",Arif Khan,5.9,#4a1a1a,115
1293,Haseen Dillruba,2021,"Crime, Drama, Mystery","Under investigation as a suspect in her husband's murder, a wife reveals details of their thorny marriage that seem to only further blur the truth.","Taapsee Pannu, Vikrant Massey, Harshvardhan Rane, Aditya Srivastav",Vinil Mathew,8.0,#0f3460,135
1294,Blurr,2022,"Drama, Horror, Thriller","With progressive blindness setting in, Gayatri has to find answers to her twin sister's unlikely death. As the lines of reality keep getting blurred, is she ready to look the truth in the eye?","Taapsee Pannu, Gulshan Devaiah, Abhilash Thapliyal, Sorabh Chauhan",Ajay Bahl,8.2,#1a3a1a,140
1295,Shamshera,2022,"Action, Adventure, Drama","Shamshera (Ranbir Kapoor), leader of an imprisoned tribe, failed to escape for their freedom. Years later his son Balli realizes his father's legacy.","Ranbir Kapoor, Sanjay Dutt, Vaani Kapoor, Saurabh Shukla",Karan Malhotra,7.1,#3a2a1a,146
1296,Bareilly Ki Barfi,2017,"Comedy, Romance","Set in the small-town of Bareilly, Bitti is a free-spirited young girl who lives life on her own terms and refuses to be pressured into getting married. Her life takes a shift when she meets Chirag Dubey and Pritam Vidrohi.","Ayushmann Khurrana, Kriti Sanon, Rajkummar Rao, Pankaj Tripathi",Ashwiny Iyer Tiwari,8.3,#1a3a4a,165
1297,Thar,2022,"Action, Crime, Drama",A mysterious stranger arrives in a village situated in the Thar desert and crosses paths with a veteran cop investigating a case of brutal killings.,"Anil Kapoor, Harshvardhan Kapoor, Fatima Sana Shaikh, Jitendra Joshi",Raj Singh Chaudhary,8.6,#2a2a1a,155
1298,Bade Miyan Chote Miyan,2024,"Action, Comedy, Thriller","With their contrasting personalities and maverick methods, Bade Miyan and Chote Miyan need to overcome their differences and labor together to transport the offenders to impartiality and preserve the day.","Akshay Kumar, Tiger Shroff, Janhvi Kapoor, Manushi Chhillar",Ali Abbas Zafar,8.4,#1a4a1a,146
1299,Uunchai,2022,"Adventure, Drama","Three friends take a trek to the Everest Base Camp. A simple trek turns out to be a personal, emotional and spiritual journey as they battle their physical limitations and discover the true meaning of freedom.","Amitabh Bachchan, Anupam Kher, Boman Irani, Parineeti Chopra",Sooraj R. Barjatya,7.5,#2d4a22,145
1300,No Smoking,2007,"Drama, Horror, Mystery",A heavily addicted smoker is unprepared for the true price he must pay when he asks a guru's help to kick the habit.,"John Abraham, Ayesha Takia, Paresh Rawal, Ranvir Shorey",Anurag Kashyap,5.8,#3a2a1a,143
1301,Dobaaraa,2022,"Drama, Fantasy, Mystery","A woman gets an opportunity to save the life of a 12-year old boy who witnessed a death during a thunderstorm which happened 25 years ago, by getting connected through the television set during a similar storm in the present.","Taapsee Pannu, Pavail Gulati, Nassar, Saswata Chatterjee",Anurag Kashyap,5.9,#2a2a1a,161
1302,Bulbbul,2020,"Drama, Horror, Mystery","A man returns home after years to find his brother's child bride now grown up and abandoned, and his ancestral village plagued by mysterious deaths.","Triptii Dimri, Avinash Tiwary, Rahul Bose, Parambrata Chattopadhyay",Anvita Dutt,8.4,#1a2a1a,148
1303,Kapoor & Sons,2016,"Comedy, Drama, Family",The story about two brothers who visit their dysfunctional family for their grandfather's birthday party.,"Rishi Kapoor, Rajat Kapoor, Ratna Pathak Shah, Fawad Khan",Shakun Batra,7.7,#1a3a1a,113
1304,The Crew,2024,"Comedy, Drama",Follows three hard-working women as their destinies lead to some unwarranted situations and end up caught in a web of lies.,"Kareena Kapoor, Kriti Sanon, Rajkummar Rao, Tabu",Rajesh Krishnan,7.4,#1a1a3a,156
1305,The Archies,2023,"Comedy, Drama, Musical","Set in the 1960s, based on Archie Comics that finds Indian actors taking on the beloved characters. An experience bursting with youth, rebellion, friendships, first loves, and everything young adult.","Agastya Nanda, Khushi Kapoor, Suhana Khan, Vedang Raina",Zoya Akhtar,5.9,#533483,137
1306,Mumbaikar,2023,"Action, Drama, Thriller","The story is based on the life of people at Mumbai which includes their happiness, drama, fun, and romance which interlink their lives.","Vikrant Massey, Vijay Sethupathi, Tanya Maniktala, Sanjay Mishra",Santosh Sivan,7.3,#2a2a1a,122
1307,Yodha,2023,"Action, Drama, Thriller",An Aeroplane hijack where a soldier helps the passenger and fight against the terrorist. But the damage to the flight engine made it very tough to survive the situation.,"Disha Patani, Raashi Khanna, Sidharth Malhotra, Sougata Ghosh","Sagar Ambre, Pushkar Ojha",6.9,#1a3a1a,155
1308,Jalsa,2022,"Drama, Thriller",It tells the story of a celebrated journalist and her cook and their conflict.,"Vidya Balan, Shefali Shah, Rohini Hattangadi, Vidhatri Bandi",Suresh Triveni,7.7,#4a1a1a,130
1309,Game Changer,2024,"Action, Drama, Thriller",Add a Plot,"Ram Charan, Kiara Advani, S.J. Suryah, Sunil",S. Shankar,7.4,#3a4a1a,165
1310,Gulaal,2009,"Crime, Drama, Thriller","A law student witnesses deception, homicide, and crime after being elected as General Secretary of his college.","Kay Kay Menon, Raj Singh Chaudhary, Raja Chaudhary, Jesse Randhawa",Anurag Kashyap,7.0,#1a3a1a,141
1311,Raid,2018,"Action, Crime, Drama",A fearless income tax officer raids the mansion of the most powerful man in Lucknow after someone mysteriously draws his attention towards the evidence.,"Ajay Devgn, Ileana D'Cruz, Saurabh Shukla, Amit Sial",Raj Kumar Gupta,6.6,#4a1a4a,146
1312,Black Friday,2004,"Action, Crime, Drama","A film about the investigations following the 1993 serial Bombay bomb blasts, told through the different stories of the people involved --police, conspirators, victims, middlemen.","Kay Kay Menon, Pawan Malhotra, Aditya Srivastav, Dibyendu Bhattacharya",Anurag Kashyap,6.9,#4a4a1a,136
1313,The Sky Is Pink,2019,"Drama, Romance","Based on the love story of a couple spanning 25 years and told through the lens of their spunky teenage daughter Aisha Chaudhary, who was diagnosed with pulmonary fibrosis.","Priyanka Chopra Jonas, Farhan Akhtar, Zaira Wasim, Rohit Saraf",Shonali Bose,7.6,#2d4a22,113
1314,Student of the Year,2012,"Comedy, Drama, Music",Several alumni reminisce about their final year at St. Theresa's College and the events that shaped their lives.,"Alia Bhatt, Sidharth Malhotra, Varun Dhawan, Rishi Kapoor","Karan Johar, Abhishek Varman",6.0,#1a1a2e,152
1315,Jodhaa Akbar,2008,"Action, Drama, History","A sixteenth century love story about a marriage of alliance that gave birth to true love between a great Mughal emperor, Akbar, and a Rajput princess, Jodha.","Hrithik Roshan, Aishwarya Rai Bachchan, Sonu Sood, Poonam Sinha",Ashutosh Gowariker,6.0,#3a4a1a,137
1316,Jersey,2022,"Drama, Sport",A cricketer who quits cricket decides to revive his career at the age of 36 for his sons dream and prove his ability.,"Shahid Kapoor, Mrunal Thakur, Pankaj Kapur, Prit Kamani",Gowtam Tinnanuri,8.0,#4a1a4a,143
1317,Gehraiyaan,2022,"Drama, Romance",Takes you on a journey into the deep rooted intricacies of modern human relationships.,"Deepika Padukone, Naseeruddin Shah, Ananya Panday, Siddhant Chaturvedi",Shakun Batra,6.1,#3a2a1a,159
1318,Queen,2013,"Adventure, Comedy, Drama",A Delhi girl from a traditional family sets out on a solo honeymoon after her marriage gets cancelled.,"Kangana Ranaut, Rajkummar Rao, Lisa Haydon, Jeffrey Ho",Vikas Bahl,5.9,#16213e,143
1319,Dabangg 3,2019,"Action, Comedy, Crime","Chulbul Pandey encounters an enemy from his past, and his origin story as the fearless cop unfolds.","Salman Khan, Sudeep, Sonakshi Sinha, Saiee Manjrekar",Prabhu Deva,7.0,#1a1a2e,111
1320,Darr,1993,"Action, Drama, Romance",Darr is a girl's (Kiran) story caught between one man's (Sunil) love and another man's (Rahul) obsession.,"Juhi Chawla, Sunny Deol, Shah Rukh Khan, Anupam Kher",Yash Chopra,8.2,#4a1a1a,126
1321,Ala Vaikunthapurramuloo,2020,"Action, Comedy, Drama","Fate plays a vital role in connecting the life of Bantu, a son who seeks validation from his cold-hearted father with the life of Raj, whose millionaire father wishes that he was more assertive.","Allu Arjun, Pooja Hegde, Tabu, Jayaram",Trivikram Srinivas,8.2,#3a2a1a,133
1322,Kolai,2023,"Crime, Drama, Mystery","When a famous model is killed, a smart detective investigates after realizing the incident seems to be a mystery.","Vijay Antony, Meenakshii Chaudhary, Ritika Singh, Radhika Sarathkumar",Balaji K. Kumar,8.6,#0f3460,141
1323,Dhoom,2004,"Action, Crime, Drama","Dhoom reinvents the classic cops and robbers tale for the 21st century. Fast bikes, big action, and non-stop fun make for a thrilling story.","Abhishek Bachchan, John Abraham, Uday Chopra, Esha Deol",Sanjay Gadhvi,5.9,#4a4a1a,146
1324,Super 30,2019,"Biography, Drama",Based on the life of Patna-based mathematician Anand Kumar who runs the famed Super 30 program for IIT aspirants in Patna.,"Hrithik Roshan, Mrunal Thakur, Nandish Singh Sandhu, Veerendra Saxena",Vikas Bahl,7.4,#16213e,116
1325,A Death in the Gunj,2016,"Drama, Thriller",Life for a shy young Indian student slowly falls to pieces during a family road trip.,"Kalki Koechlin, Vikrant Massey, Gulshan Devaiah, Ranvir Shorey",Konkona Sen Sharma,6.0,#4a4a1a,134
1326,Dhoom:2,2006,"Action, Crime, Thriller",Back in action DHOOM:2 reinvents the action comedy genre and propels it into the 21st century. Go on and enjoy the ride once again with Jai and Ali.,"Hrithik Roshan, Abhishek Bachchan, Aishwarya Rai Bachchan, Uday Chopra",Sanjay Gadhvi,6.6,#1a2a1a,125
1327,Kaabil,2017,"Action, Crime, Drama",A blind man seeks revenge against a corrupt politician and his brother after his wife is raped and killed.,"Hrithik Roshan, Yami Gautam, Ronit Roy, Rohit Roy",Sanjay Gupta,6.3,#4a3a1a,127
1328,Shootout at Byculla,2024,Thriller,It would be Based On JJ Hospital Shootout Story in 1992. Arun Gawli Gang Killed Haseena parkar's husband And later how Dawood Ibrahim gang took avenge from Gawli Gang.,"Sanjay Dutt, Sunny Deol, Saif Ali Khan, John Abraham",Sanjay Gupta,6.5,#0f3460,146
1329,Dum Laga Ke Haisha,2015,"Comedy, Drama, Romance",Prem and his oversized wife Sandhya are supposed to spend a lifetime together. Will a regular arranged marriage turn out to be a perfect mismatch?,"Bhumi Pednekar, Ayushmann Khurrana, Sanjay Mishra, Sheeba Chaddha",Sharat Katariya,7.7,#1a1a2e,159
1330,Fukrey Returns,2017,Comedy,"Just out of jail, a don is ready to get back at the four friends who conned her.","Pulkit Samrat, Varun Sharma, Ali Fazal, Manjot Singh",Mrighdeep Lamba,8.0,#2d4a22,122
1331,Ek Villain,2014,"Action, Crime, Drama","When his wife becomes the latest victim of a serial killer, Guru blurs the line between good and evil in his pursuit of revenge.","Sidharth Malhotra, Shraddha Kapoor, Riteish Deshmukh, Shaad Randhawa",Mohit Suri,8.8,#1a1a3a,163
1332,Kick,2014,"Action, Comedy, Crime","An adrenaline junkie walks away from a whirlwind romance and embraces a new life as a thief, though he soon finds himself pursued by veteran police officer and engaged in a turf war with a local gangster.","Salman Khan, Jacqueline Fernandez, Nawazuddin Siddiqui, Randeep Hooda",Sajid Nadiadwala,6.1,#0f3460,139
1333,Shaitan,2011,"Action, Crime, Drama",Five substance-abusing friends decide to fake a kidnapping in order to bribe a police constable for covering-up a hit-and-run accident.,"Kalki Koechlin, Shiv Panditt, Gulshan Devaiah, Rajeev Khandelwal",Bejoy Nambiar,7.1,#4a4a1a,111
1334,Raksha Bandhan,2022,"Comedy, Drama, Family","Lala Kedarnath, the eldest and only brother of 4 sisters, runs a chaat shop that was started by his father. Lala promises his frail mother on her deathbed that he will get married only ...                See full summary »","Akshay Kumar, Bhumi Pednekar, Sadia Khateeb, Seema Pahwa",Aanand L. Rai,6.1,#0f3460,126
1335,2,2018,"Action, Sci-Fi, Thriller","After mobiles start mysteriously flying out of the hands of people in Chennai, Dr Vaseegaran summons his trusted robot Chitti to ward off the bird-shaped supernatural powers of Pakshirajan.","Rajinikanth, Akshay Kumar, Amy Jackson, Adil Hussain",S. Shankar,7.2,#1a3a4a,126
1336,Cuttputlli,2022,"Crime, Drama, Mystery","When a small town gets plunged into the nightmare of serial killings, rookie cop Arjan embarks on a chase for the truth and unravels a gruesome conspiracy.","Akshay Kumar, Rakul Preet Singh, Sargun Mehta, Chandrachur Singh",Ranjit Tewari,5.8,#4a1a4a,160
1337,Housefull 5,2024,"Comedy, Drama",Add a Plot,"Akshay Kumar, Sanjay Dutt, John Abraham, Kriti Sanon",Tarun Mansukhani,6.7,#1a2a1a,150
1338,Kabhi Haan Kabhi Naa,1994,"Comedy, Drama, Music",A dreamer falls for a girl who is in love with someone else and tries to create a rift between her and the man she loves.,"Shah Rukh Khan, Suchitra Krishnamoorthi, Deepak Tijori, Rita Bhaduri",Kundan Shah,6.8,#1a3a1a,139
1339,Pyaar Ka Punchnama,2011,"Comedy, Drama, Romance",Nishant starts dating Charu while his roommates Rajat and Vikrant already have girlfriends in Neha and Rhea respectively. Trouble starts when the guys feel that their girlfriends are dominating them.,"Kartik Aaryan, Ashish Chhipa, Raayo S. Bakhirta, Divyendu Sharma",Luv Ranjan,7.0,#e94560,148
1340,Billu,2009,"Comedy, Drama","In an Indian village, a struggling barber sees his luck begin to turn when residents learn that a famous actor he once knew is coming to town.","Irrfan Khan, Lara Dutta, Om Puri, Govardhan Asrani",Priyadarshan,8.2,#3a4a1a,124
1341,Jaane Tu... Ya Jaane Na,2008,"Comedy, Drama, Romance",Two best friends being convinced that they are not in love search for each other's love.,"Imran Khan, Genelia Deshmukh, Manjari Fadnnis, Ayaz Khan",Abbas Tyrewala,6.8,#1a1a1a,154
1342,Dil Bechara,2020,"Comedy, Drama, Romance","The emotional journey of two hopelessly-in-love youngsters; a young girl, Kizie, who is suffering from cancer; and Manny, a boy Kizie meets at a support group.","Sushant Singh Rajput, Sanjana Sanghi, Sahil Vaid, Saswata Chatterjee",Mukesh Chhabra,7.7,#1a1a2e,113
1343,Hera Pheri,2000,"Action, Comedy, Crime","Three unemployed men look for answers to all their money problems - but when their opportunity arrives, will they know what to do with it?","Akshay Kumar, Suniel Shetty, Paresh Rawal, Tabu",Priyadarshan,6.3,#3a4a1a,144
1344,Bhool Bhulaiyaa,2007,"Comedy, Horror, Mystery","An NRI and his wife decide to stay in his ancestral home, paying no heed to the warnings about ghosts. Soon, inexplicable occurrences cause him to call a psychiatrist to help solve the mystery.","Akshay Kumar, Vidya Balan, Shiney Ahuja, Ameesha Patel",Priyadarshan,6.6,#1a1a3a,153
1345,Aashiqui 2,2013,"Drama, Music, Musical",Rahul loses his fans and fame due to alcoholism. But he then decides to turn a small time singer into a rising star.,"Aditya Roy Kapoor, Shraddha Kapoor, Shaad Randhawa, Salil Acharya",Mohit Suri,6.6,#4a3a1a,121
1346,Kurbaan,2009,"Action, Crime, Drama","A woman finds that her neighbors are terrorists, and her husband is not who he claims to be.","Lewis Tan, Kareena Kapoor, Saif Ali Khan, Om Puri",Renzil D'Silva,7.7,#1a3a1a,165
1347,Don 3: The Final Chapter,2025,"Action, Thriller",Plot under wraps.,Ranveer Singh,Farhan Akhtar,7.5,#2d4a22,130
1348,Zid,2014,"Crime, Romance, Thriller","A journalist, who is still in love with his ex-girlfriend, becomes the obsession of his landlord's daughter.","Mannara Chopra, Karanvir Sharma, Shraddha Das, Denzil Smith",Vivek Agnihotri,7.3,#1a3a1a,128
1349,Ajeeb Daastaans,2021,"Drama, Romance",Four shorts explore the surprising ways in which unexpected catalysts inflame the uncomfortable emotions simmering under fractured relationships.,"Fatima Sana Shaikh, Jaideep Ahlawat, Armaan Ralhan, Nushrratt Bharuccha","Neeraj Ghaywan, Kayoze Irani, Shashank Khaitan, Raj Mehta",7.4,#2a2a1a,134
1350,Simmba,2018,"Action, Crime, Drama","Simmba, a Corrupt Officer, enjoys all the perks of being an immoral and unethical police officer until a life-changing event forces him to choose the righteous path.","Ranveer Singh, Sara Ali Khan, Sonu Sood, Ashutosh Rana",Rohit Shetty,6.2,#2d4a22,124
1351,The Raid,2000,"Action, Crime, Thriller",An international fugitive and his thugs trap a small Specials Operations force inside a building. Based on the concept from Gareth Evans' 2011 film 'The Raid: Redemption'.,"Ranveer Singh, Sara Ali Khan, Sonu Sood, Ashutosh Rana",Rohit Shetty,5.9,#1a2a1a,124
1352,Dabangg,2010,"Action, Comedy, Crime","A corrupt police officer faces challenges from his family, gangsters and politicians.","Salman Khan, Sonakshi Sinha, Sonu Sood, Arbaaz Khan",Abhinav Kashyap,8.1,#2d4a22,131
1353,Waltair Veerayya,2023,"Action, Drama",A fisherman who engages in smuggling accepts a request from a disheveled police officer in order to use it to his personal advantage,"Chiranjeevi, Shruti Haasan, Urvashi Rautela, Ravi Teja",K.S. Ravindra,6.4,#4a1a1a,153
1354,Jogira Sara Ra Ra,2023,"Comedy, Drama, Family","Jogi the match maker and Dimple who seeks help to him to get rid of her marriage, both face the consequences as it is eventually decided that Jogi will marry her to save face.","Nawazuddin Siddiqui, Neha Sharma, Vishal Anand, Mimoh Chakraborty",Kushan Nandy,8.5,#533483,112
1355,Checkmate,2023,"Action, Comedy","An assassin gets hired for a job that throws him in a murky pool of mishaps, eventually leading to a baffling secret.","Harsh Beniwal, Mohit Chhikara, Aditya Paul, Vishal Vashishtha","Akriti Bajpai, Harsh Beniwal",7.3,#4a1a1a,149
1356,Krrish,2006,"Action, Adventure, Sci-Fi","Krishna is forced by circumstances to use his superpowers and become the masked superhero Krrish, before getting drawn towards his lost legacy.","Hrithik Roshan, Priyanka Chopra Jonas, Rekha, Naseeruddin Shah",Rakesh Roshan,7.8,#1a1a3a,142
1357,Baadshah,1999,"Action, Comedy, Crime",A small time detective is mistaken as a CBI agent and gets embroiled in a deadly mission to save the Chief Minister from an assassination attempt.,"Shah Rukh Khan, Twinkle Khanna, Amrish Puri, Johny Lever","Abbas Alibhai Burmawalla, Mastan Alibhai Burmawalla",8.2,#1a1a3a,159
1358,Udaan,2010,Drama,"Expelled from his school, a 16-year old boy returns home to his abusive and oppressive father.","Rajat Barmecha, Ronit Roy, Manjot Singh, Ram Kapoor",Vikramaditya Motwane,8.8,#1a1a3a,130
1359,Water,2005,Drama,"Set in colonial India against Gandhi's rise to power, it's the story of 8-year-old Chuyia, who is widowed and sent to a home to live in penitence; once there, Chuyia's feisty presence deeply affects the lives of the other residents.","Lisa Ray, John Abraham, Seema Biswas, Sarala Kariyawasam",Deepa Mehta,6.4,#1a1a2e,120
1360,Guzaarish,2010,"Drama, Romance","Ethan, a magician rendered paralyzed in an accident, sets off a furor when he makes a petition to the court to end his own life.","Hrithik Roshan, Aishwarya Rai Bachchan, Shernaz Patel, Aditya Roy Kapoor",Sanjay Leela Bhansali,6.9,#4a3a1a,158
1361,Koi... Mil Gaya,2003,"Action, Drama, Romance","A developmentally disabled young man tries to continue the work his father did in communicating with extra-terrestrials from outer space, which leads to something miraculous and wonderful.","Rekha, Hrithik Roshan, Preity G Zinta, Rajat Bedi",Rakesh Roshan,6.0,#1a3a1a,140
1362,Dil To Pagal Hai,1997,"Comedy, Drama, Musical","A grand musical about three passionate and dreamy characters: Rahul, Pooja and Nisha. Will their dreams come true? Will they find their true love?","Shah Rukh Khan, Madhuri Dixit, Karisma Kapoor, Akshay Kumar",Yash Chopra,7.2,#4a1a4a,129
1363,Table No.21,2013,"Adventure, Drama, Thriller",A couple is drawn into a game show with a whooping winning prize. However the game turns into more than a survival for them with no escape.,"Paresh Rawal, Rajeev Khandelwal, Tina Desai, Dhruv Ganesh",Aditya Datt,8.0,#1a1a1a,149
1364,Murder 3,2013,"Drama, Mystery, Thriller","A hot-shot fashion and wildlife photographer Vikram gets into a relationship with Nisha. She moves in with him in his palatial house outside of the city. The old world house, made decades ...                See full summary »","Randeep Hooda, Aditi Rao Hydari, Sara Loren, Rajesh Shringarpure",Vishesh Bhatt,6.1,#2a2a1a,132
1365,Taish,2020,"Action, Thriller","A story of friendship and loss of innocence when two worlds clash amid a wedding when a secret exposes a betrayal, and innocent friends converge with dangerous criminals and intense violence.","Harshvardhan Rane, Jim Sarbh, Pulkit Samrat, Kriti Kharbanda",Bejoy Nambiar,7.3,#4a1a1a,163
1366,Secret Superstar,2017,"Drama, Music",A talented teenage singer-songwriter living amid domestic abuse becomes a YouTube sensation after a video in which she hides her identity goes viral.,"Zaira Wasim, Meher Vij, Raj Arjun, Aamir Khan",Advait Chandan,6.8,#1a4a1a,115
1367,Dhaakad,2022,"Action, Thriller","Agent Agni, a highly trained and deadly field agent is entrusted with the mission to gather Intel and eliminate Rudraveer, an international human and arms trafficker who has been off the radar for ten years.","Kangana Ranaut, Arjun Rampal, Divya Dutta, Sharib Hashmi",Razneesh Ghai,6.2,#16213e,164
1368,Sarkar,2005,"Action, Crime, Drama","Subhash Nagre runs a parallel government in the city where he has a cult following. When his enemies plot to murder him, his son takes charge and stands up against them.","Amitabh Bachchan, Abhishek Bachchan, Kay Kay Menon, Supriya Pathak",Ram Gopal Varma,6.3,#1a1a1a,126
1369,Chandu Champion,2024,"Biography, Drama, Sport",Based on the extraordinary real-life story of a sportsman and his spirit of never giving up.,"Shraddha Kapoor, Katrina Kaif, Kartik Aaryan, Bhuvan Arora",Kabir Khan,8.1,#0f3460,141
1370,Major,2022,"Action, Biography, Drama","Based on the life of Major Sandeep Unnikrishnan, who was martyred in action during the November 2008 Mumbai attacks and was consequently awarded the Ashoka Chakra, India's highest peacetime gallantry award, on 26 January 2009.","Adivi Sesh, Prakash Raj, Revathi, Saiee Manjrekar",Sashi Kiran Tikka,7.8,#3a2a1a,153
1371,Doctor G,2022,"Comedy, Drama","Uday Gupta finds himself as the lone male resident in the Gynaecology department. His reluctance leads to chaos, confusion, comedy and eventually, great camaraderie with his fellow classmates.","Ayushmann Khurrana, Rakul Preet Singh, Shefali Shah, Sheeba Chaddha",Anubhuti Kashyap,7.0,#1a1a1a,132
1372,Viceroy's House,2017,"Biography, Drama, History","The final Viceroy of India, Louis Francis Albert Victor Nicholas Mountbatten, 1st Earl Mountbatten of Burma (Hugh Bonneville), is tasked with overseeing the transition of British India to independence, but meets with conflict as different sides clash in the face of monumental change.","Hugh Bonneville, Gillian Anderson, Manish Dayal, Huma Qureshi",Gurinder Chadha,6.1,#e94560,128
1373,M.S. Dhoni: The Untold Story,2016,"Biography, Drama, Sport",The untold story of Mahendra Singh Dhoni's journey from ticket collector to trophy collector - the world-cup-winning captain of the Indian Cricket Team.,"Sushant Singh Rajput, Kiara Advani, Anupam Kher, Disha Patani","Mathur Goswami, Neeraj Pandey",6.8,#1a4a1a,114
1374,Singham,2011,"Action, Crime, Drama",A truly honest police officer is transferred to a town controlled by a gangster he has humiliated. The gangster believes he can use good power to bring down this officer who made him look foolish and weak.,"Ajay Devgn, Prakash Raj, Sudhanshu Pandey, Kajal Aggarwal",Rohit Shetty,5.9,#1a1a3a,161
1375,Bhaag Milkha Bhaag,2013,"Biography, Drama, Sport","The truth behind the ascension of Milkha Singh, who was scarred by of the India-Pakistan partition.","Farhan Akhtar, Deepak Singh Rawat, Japtej Singh, Divya Dutta",Rakeysh Omprakash Mehra,6.4,#2d4a22,162
1376,All Ladies Do It,2020,"Drama, Thriller",A Handsome young man gets erotically involved with a Sultry seductive wife of an impotent man only to find himself tangles in a dangerous web of lies and cheat,"Sejal Shah, Vikas Sachdeva, Ajay Bafna","Akhil Gautam, Akhil Gautam",6.1,#2a2a1a,140
1377,Bhavesh Joshi Superhero,2018,"Action, Crime, Drama","The origin story of Bhavesh Joshi, an Indian superhero, who sets out to fulfill his slain friend's wish to clean and reform the country, by training himself to fight and wearing a mask.","Harshvardhan Kapoor, Priyanshu Painyuli, Ashish Verma, Shreiyah Sabharwal",Vikramaditya Motwane,8.3,#e94560,130
1378,Desi Boyz,2011,"Comedy, Drama, Romance","Two friends lose their jobs, then part bitterly after they get exposed as male strippers.","Akshay Kumar, John Abraham, Deepika Padukone, Chitrangda Singh",Rohit Dhawan,8.4,#2a2a1a,128
1379,Pataakha,2018,"Action, Comedy, Drama","Based on Charan Singh Pathik's short story Do Behnein, Pataakha narrates the story of two feuding sisters who realize the true nature of their relationship only after marriage ""separates"" them.","Sanya Malhotra, Radhika Madan, Sunil Grover, Vijay Raaz",Vishal Bhardwaj,8.5,#4a1a4a,111
1380,7 Khoon Maaf,2011,"Comedy, Drama, Mystery","Susanna is hungry for love and will go to any extent to find it in its purest form. In her quest for the perfect man, she gets married a number of times as each of her husband's die mysteriously.","Priyanka Chopra Jonas, Vivaan Shah, Neil Nitin Mukesh, John Abraham",Vishal Bhardwaj,6.6,#16213e,160
1381,Angrezi Medium,2020,"Comedy, Drama","When his daughter decides to further her studies in London, a hardworking Rajasthani businessman does everything in power to make her dreams come true.","Irrfan Khan, Radhika Madan, Kareena Kapoor, Deepak Dobriyal",Homi Adajania,6.2,#533483,113
1382,Janaki Jaane,2023,"Drama, Family","Struggling with panic disorder, Janaki is ecstatic when Unni Mukundan proposes to marry her. Things go south when Janaki's fears land her in serious trouble.","Saiju Kurup, Sharafudheen, Johny Antony, Anarkali Marikar",Aneesh Upasana,6.2,#16213e,154
1383,Shahid,2012,"Biography, Drama","The account of Human Rights lawyer Shahid Azmi, an ordinary citizen with an extraordinary commitment to justice.","Rajkummar Rao, Prabhleen Sandhu, Mohd. Zeeshan Ayyub, Baljinder Kaur",Hansal Mehta,8.3,#3a4a1a,142
1384,B.A. Pass,2012,"Crime, Drama, Thriller",A young boy is seduced by a woman who later turns him into a gigolo (male prostitute).,"Shadab Kamal, Shilpa Shukla, Rajesh Sharma, Deepti Naval",Ajay Bahl,8.3,#2a2a1a,158
1385,Radhe,2021,"Action, Crime, Thriller","After taking the dreaded gangster Gani Bhai, ACP Rajveer Shikawat aka Radhe goes on a manhunt to find the wealthiest man of the town secretly running a crime syndicate.","Salman Khan, Disha Patani, Randeep Hooda, Jackie Shroff",Prabhu Deva,6.0,#3a2a1a,151
1386,Liger,2022,"Action, Drama, Romance","A story about martial arts, dreams and star crossed lovers. Liger is an MMA fighter who trains hard and rises up the ranks with one goal in mind, to fight like his idol, world renowned MMA fighter Mark Anderson and get noticed by him.","Mike Tyson, Vijay Deverakonda, Ananya Panday, Ramya Krishnan",Puri Jagannadh,7.5,#1a1a1a,145
1387,Kamasutra 3D,2013,"Drama, Romance",A young and beautiful Indian princess sets out on a voyage in search of her husband.,"Mohan Kapur, Makrand Deshpande, Abha Paul, Sushmita Mukherjee",Rupesh Paul,6.4,#1a1a3a,159
1388,Untitled Vikas Bahl/Jio Studios Project,2024,"Horror, Thriller",A timeless tale of battle between good and evil with a family embodying the forces of righteousness while a man symbolizes malevolence.,"Ajay Devgn, Madhavan, Janki Bodiwala, Jyotika",Vikas Bahl,7.9,#1a3a4a,155
1389,Cocktail,2012,"Comedy, Drama, Romance","A love triangle between a guy and two girls, who are best friends but the complete opposite of one another.","Saif Ali Khan, Deepika Padukone, Diana Penty, Dimple Kapadia",Homi Adajania,8.6,#1a3a1a,128
1390,Jewel Thief,1967,"Crime, Drama, Musical",A Police Commissioner's son comes under suspicion for being a jewel thief.,"Ashok Kumar, Dev Anand, Vyjayanthimala, Tanuja Samarth",Vijay Anand,8.0,#4a4a1a,113
1391,Deewana,1992,"Action, Comedy, Drama","A singer (Rishi Kapoor) marries his biggest fan, but his uncle (Amrish Puri) plans to kill him in order to gain his money.","Rishi Kapoor, Divya Bharti, Shah Rukh Khan, Alok Nath",Raj Kanwar,7.1,#3a4a1a,127
1392,Bhagam Bhag,2006,"Comedy, Drama, Mystery","The members of a drama troupe fall in trouble when they are framed for a murder. Things go worse when they find their actress committing suicide, which is somehow linked with the murder.","Akshay Kumar, Govinda, Paresh Rawal, Lara Dutta",Priyadarshan,7.1,#533483,141
1393,Newton,2017,"Comedy, Drama",A government clerk on election duty in the conflict ridden jungle of Central India tries his best to conduct free and fair voting despite the apathy of security forces and the looming fear of guerrilla attacks by communist rebels.,"Rajkummar Rao, Pankaj Tripathi, Anjali Patil, Raghubir Yadav",Amit Masurkar,6.2,#4a1a4a,111
1394,Made in China,2019,"Comedy, Drama","Story of Failed Gujarati Businessman, who jumps into unknown world of China to get once in a life time business idea, which will change his life.","Rajkummar Rao, Boman Irani, Mouni Roy, Paresh Rawal",Mikhil Musale,6.1,#3a4a1a,163
1395,Kai po che!,2013,"Drama, Sport",Three friends growing up in India at the turn of the millennium set out to open a training academy to produce the country's next cricket stars.,"Amit Sadh, Sushant Singh Rajput, Rajkummar Rao, Amrita Puri",Abhishek Kapoor,7.8,#1a1a2e,115
1396,Babumoshai Bandookbaaz,2017,"Action, Comedy, Crime","The movie, filled with humor and romance, is a quirky ride into the life and times of a small time contract killer, Babu, played by Nawazuddin Siddiqui. The film spins around his love, his friends, his rivalries and his revenge.","Nawazuddin Siddiqui, Bidita Bag, Jatin Goswami, Shraddha Das",Kushan Nandy,8.3,#4a4a1a,162
1397,Humpty Sharma Ki Dulhania,2014,"Comedy, Drama, Romance","A girl from Ambala, Kavya Pratap Singh, is about to be married. When she visits Delhi to shop for her 'dhai lakh ka Ghagra, she meets Humpty Sharma, a carefree Delhiite, and falls in love with him.","Varun Dhawan, Alia Bhatt, Ashutosh Rana, Sidharth Shukla",Shashank Khaitan,6.9,#1a2a1a,131
1398,Chatrapathi,2023,"Action, Drama",Shivaji and his family are uprooted from their community in Sri Lanka and wind up as bonded labourers in Visakhapatnam. The situation worsens when his jealous stepbrother enters his life.,"Sai Srinivas Bellamkonda, Nushrratt Bharuccha, Karan Singh Chhabra, Vedika Nawani",V.V. Vinayak,7.3,#1a1a2e,138
1399,Kaminey,2009,"Action, Crime, Drama","The desperate lives of two estranged twin brothers converge over missing drugs, politics, racial prejudice, corrupt cops and an unplanned pregnancy.","Shahid Kapoor, Priyanka Chopra Jonas, Deb Mukherjee, Shivkumar Subramaniam",Vishal Bhardwaj,5.9,#2d4a22,124
1400,Karthik Calling Karthik,2010,"Drama, Mystery, Romance","A much abused loner achieves success, and even wins the heart of his gorgeous co-worker, after getting early morning mysterious phone calls from someone.","Farhan Akhtar, Deepika Padukone, Ram Kapoor, Shefali Shah",Vijay Lalwani,7.6,#16213e,152
1401,Ramayana: The Legend of Prince Rama,1993,"Animation, Action, Adventure","An anime adaptation of the Hindu epic the Ramayana, where Lord Ram combats the wicked king Ravana.","Arun Govil, Nikhil Kapoor, Edie Mirman, Rael Padamsee","Ram Mohan, Yûgô Sakô, Koichi Saski",6.3,#2d4a22,129
1402,Trapped,2000,"Drama, Thriller","A man struggles to survive after he unintentionally locks himself up in a high rise devoid of food, water and electricity.","Rajkummar Rao, Geetanjali Thapa, Shiladitya Sen, Rahul Patel",Vikramaditya Motwane,6.1,#1a1a1a,112
1403,Qarib Qarib Singlle,2017,"Comedy, Romance","Yogi and Jaya, who have polar opposite personalities and sensibilities, meet via a online dating app. This encounter turns into so much more when the two travel to Rishikesh.","Irrfan Khan, Parvathy Thiruvothu, Neha Dhupia, Isha Sharvani",Tanuja Chandra,7.0,#e94560,117
1404,Baaghi 3,2020,"Action, Adventure, Thriller",A man embarks on a bloody rampage to save his kidnapped brother.,"Tiger Shroff, Riteish Deshmukh, Shraddha Kapoor, Ankita Lokhande",Ahmed Khan,7.3,#4a3a1a,124
1405,Darbar,2020,"Action, Crime, Thriller",A police officer is on a chase to hunt down a dreaded gangster to fulfill his own secret agenda.,"Rajinikanth, Nayanthara, Nivetha Thomas, Suniel Shetty",A.R. Murugadoss,8.3,#0f3460,120
1406,Bhool Bhulaiyaa 2,2022,"Comedy, Drama, Horror","When strangers Reet and Ruhan cross paths, their journey leads to an abandoned mansion and a dreaded spirit that has been trapped for 18 years.","Tabu, Kartik Aaryan, Kiara Advani, Rajpal Naurang Yadav",Anees Bazmee,7.5,#3a4a1a,123
1407,Udta Punjab,2016,"Action, Crime, Drama",A story that revolves around drug abuse in the affluent north Indian State of Punjab and how the youth there have succumbed to it en-masse resulting in a socio-economic decline.,"Shahid Kapoor, Alia Bhatt, Kareena Kapoor, Diljit Dosanjh",Abhishek Chaubey,7.1,#1a1a2e,143
1408,Agra,2023,Drama,A family and an exploration of space in an increasingly crowded world. It follows the quest for a sexual odyssey of an individual.,"Mohit Agarwal, Priyanka Bose, Vibha Chhibber, Rahul Roy",Kanu Behl,7.9,#4a4a1a,151
1409,Notebook,2019,"Drama, Romance","An ex-army officer, Kabir, becomes a teacher in Kashmir in a school that is in a miserable condition. Things take a turn when Kabir finds a notebook, left behind by the previous year's teacher Firdaus (Pranutan Bahl).","Zaheer Iqbal, Pranutan Bahl, Mir Mohammed Mehroos, Mir Mohammed Zayan",Nitin Kakkar,7.1,#1a1a2e,129
1410,Tara vs Bilal,2022,"Comedy, Drama, Romance","Set in London, a romantic comedy where the leading character enter a fake marriage and later fall in love.","Sonia Rathee, Harshvardhan Rane, Shammi Aulakh, Tariq Chacha",Samar Iqbal,7.4,#3a4a1a,119
1411,Matru Ki Bijlee Ka Mandola,2013,"Comedy, Drama","Harry is an industrialist who loves his daughter Bijlee, and the bond they share with Harry's man friday, Matru. Bijlee's plan to wed the son of a politician, however, brings twists and turns in the lives of Matru, Bijlee and Mandola.","Pankaj Kapur, Imran Khan, Anushka Sharma, Arya Babbar",Vishal Bhardwaj,7.3,#0f3460,145
1412,Garam Masala,2005,"Comedy, Romance",A rib tickling tale of two flirts who constantly flirt with women despite one of them being engaged. Chaos ensues when the fiancé finds out that her to-be groom is cheating on her.,"Akshay Kumar, John Abraham, Paresh Rawal, Rimi Sen",Priyadarshan,7.4,#4a4a1a,143
1413,Ek Villain Returns,2022,"Action, Crime, Romance",The story of two men in one sided love. The paths they choose to fulfill their love stories decide who the Hero is and who is the Villain.,"John Abraham, Disha Patani, Arjun Kapoor, Tara Sutaria",Mohit Suri,6.0,#4a3a1a,140
1414,Kambakkht Ishq,2009,"Action, Comedy, Romance",A romantic comedy about an Indian stuntman who takes Hollywood by storm but cannot find true love.,"Sylvester Stallone, Denise Richards, Whoopi Goldberg, Akshay Kumar",Sabir Khan,6.8,#1a2a1a,138
1415,Metro.... In Dino,2024,"Drama, Romance","Follows stories of bittersweet relationships in a contemporary setting, exploring various aspects, hues, and moods of love.","Kay Kay Menon, Anupam Kher, Ali Fazal, Sara Ali Khan",Anurag Basu,5.8,#16213e,110
1416,Go Goa Gone,2013,"Action, Adventure, Comedy","A group of friends, just looking to have a good time in a rave party on a remote island in Goa, find out that the island is infested with Zombies.","Saif Ali Khan, Kunal Kemmu, Vir Das, Anand Tiwari","Krishna D.K., Raj Nidimoru",6.3,#2d4a22,116
1417,Jo Jeeta Wohi Sikandar,1992,"Comedy, Drama, Romance","A rich brat and a poor chap try to woo a girl, with their rivalry culminating in the most prestigious college event - the marathon cycle race.","Aamir Khan, Ayesha Jhulka, Deepak Tijori, Pooja Bedi",Mansoor Khan,6.5,#e94560,115
1418,Dhamaka,2021,"Action, Crime, Drama","Reassigned from TV to radio, a frustrated anchor sees both danger and opportunity when he receives threatening calls on the air.","Kartik Aaryan, Mrunal Thakur, Amruta Subhash, Soham Majumdar","Ram Madhvani, Heavenveer Singh Hayer",8.7,#1a4a1a,149
1419,Cobalt Blue,2022,"Drama, Romance","When a brother and sister fall in love with the same man, ensuing events shatter a traditional Marathi family. Based on Sachin Kundalkar's novel.","Neelay Mehendale, Joshi Anantvijay, Prateik Patil Babbar, Lovish Bhatia",Sachin Kundalkar,6.5,#1a4a1a,153
1420,Manorama: Six Feet Under,2007,"Crime, Drama, Mystery","Manorama, wife of an irrigation minister, tasks Satyaveer to find if her husband is cheating. As Satyaveer starts investigating, he gets trapped in a web of lies and must uncover the entire truth.","Abhay Deol, Gul Panag, Raima Sen, Sarika Thakur",Navdeep Singh,7.3,#1a1a2e,165
1421,Antim: The Final Truth,2021,"Action, Crime, Drama",The cop played by Salman fights the land mafia in the film.,"Salman Khan, Aayush Sharma, Mahima Makwana, Mahesh Manjrekar",Mahesh Manjrekar,8.8,#1a1a3a,151
1422,Welcome Back,2015,"Action, Comedy, Crime","A pair of reformed gangsters try to find a husband for their newly discovered sister, but complications arise due to mistaken identities.","John Abraham, Anil Kapoor, Nana Patekar, Paresh Rawal",Anees Bazmee,6.3,#4a1a1a,116
1423,Good Newwz,2019,"Comedy, Drama",Two couples with the same surname pursue in-vitro fertilization and wait for their upcoming babies. Trouble ensues when they find that the sperms of each couple have been mixed with each other.,"Akshay Kumar, Kareena Kapoor, Diljit Dosanjh, Kiara Advani","Raj Mehta, Kulwinder Singh, Ranjeet Singh",7.1,#1a1a1a,147
1424,New York,2009,"Crime, Drama, Thriller",A contemporary story of 3 friends discovering a new world set against the larger than life New York City. But one day the world around them changed.,"John Abraham, Katrina Kaif, Neil Nitin Mukesh, Irrfan Khan",Kabir Khan,6.5,#16213e,146
1425,Hum,1991,"Action, Comedy, Drama","A dockworker overthrows the tyranny of a cruel gangster but has to run away to make a new life for himself and his brothers. Fifteen years later, his past catches up with him as his old enemy resurfaces.","Amitabh Bachchan, Rajinikanth, Govinda, Kimi Katkar",Mukul Anand,7.3,#16213e,122
1426,Detective Byomkesh Bakshy!,2015,"Action, Crime, Drama",Detective Byomkesh Bakshy is set in the 2nd World War torn Calcutta during the 1940s. Enter a magical world of nostalgia and 'Expect the Unexpected'.,"Sushant Singh Rajput, Anand Tiwari, Neeraj Kabi, Divya Menon",Dibakar Banerjee,7.9,#3a2a1a,140
1427,Ram Setu,2022,"Action, Adventure",An atheist archaeologist turned believer must race against time to prove the true existence of the legendary Ram Setu before evil forces destroy the pillar of India's heritage.,"Akshay Kumar, Jacqueline Fernandez, Nushrratt Bharuccha, Nassar",Abhishek Sharma,7.3,#4a1a4a,158
1428,Devara,2024,"Action, Drama, Thriller",Devara is an intensive tale about a man who struck fear in the minds of those who were naive to it.,"N.T. Rama Rao Jr., Saif Ali Khan, Janhvi Kapoor, Prakash Raj",Koratala Siva,7.7,#1a2a1a,142
1429,Life in a Metro,2007,"Comedy, Drama, Musical","Six different stories, about nine people, each with different issues and problems, all occurring within one place: the METRO.","Dharmendra, Irrfan Khan, Konkona Sen Sharma, Kay Kay Menon",Anurag Basu,7.6,#1a1a3a,137
1430,Aligarh,2015,"Biography, Drama","A gay, linguistic professor living in a small orthodox city must deal with the aftermath of a sting operation that puts his sexual orientation in front of the entire nation.","Manoj Bajpayee, Rajkummar Rao, Ashish Vidyarthi, Balaji Gauri",Hansal Mehta,6.3,#4a3a1a,126
1431,Pink,2016,"Crime, Drama, Thriller","When three young women are implicated in a crime, a retired lawyer steps forward to help them clear their names.","Amitabh Bachchan, Taapsee Pannu, Kirti Kulhari, Andrea Tariang",Aniruddha Roy Chowdhury,8.1,#1a4a1a,130
1432,Anek,2022,"Action, Drama, Sport","A socio political, action thriller set against the geopolitical backdrop of Northeast India.","Ayushmann Khurrana, Andrea Kevichüsa, Manoj Pahwa, Kumud Mishra",Anubhav Sinha,7.9,#1a1a2e,125
1433,Befikre,2016,"Comedy, Drama, Romance","It is a carefree love story of Dharam and Shyra, who find love in an engaging series of experiences. Doused in the spirit of Paris, it celebrates a sensual and free-spirited love.","Ranveer Singh, Vaani Kapoor, Ayesha Raza Mishra, Akarsh Khurana","Aditya Chopra, Raj Basu",6.4,#1a2a1a,134
1434,Sonu Ke Titu Ki Sweety,2018,"Comedy, Romance",Titu is going to marry a perfect woman named Sweety. Titu's best-friend Sonu doubts Sweety's character and tries to break the marriage while Sweety tries to do opposite and which leads to war between Bromance and Romance.,"Kartik Aaryan, Nushrratt Bharuccha, Sunny Singh, Alok Nath",Luv Ranjan,6.0,#2a2a1a,161
1435,Baghban,2003,"Drama, Romance","An elderly couple wish their children to care for them in their old age. But their children see and treat them as a burden, and they must struggle to regain their worth and dignity to themselves and others.","Amitabh Bachchan, Hema Malini, Salman Khan, Mahima Chaudhry",Ravi Chopra,8.3,#1a2a1a,137
1436,Kanjoos Makhichoos,2023,"Comedy, Drama, Family","Jamnaprasad Pandey is infamous in the entire town as a miser whose family is fed up with his penny-pinching habits. However, little does the family know that these savings is to fulfill his father's wish of going on a char-dhaam yatra.","Kunal Kemmu, Shweta Tripathi, Piyush Mishra, Alka Amin",Vipul Mehta,5.9,#3a4a1a,120
1437,Guide,1965,"Drama, Musical, Romance","When mistaken to be a sage by some villagers, an ex-tour guide reflects on his past and lost love to search for spiritual wisdom to guide the villagers.","Dev Anand, Waheeda Rehman, Leela Chitnis, Anwar Hussain",Vijay Anand,8.3,#1a3a1a,155
1438,Tubelight,2017,"Drama, War","A story of two brothers set during the Sino-Indian war, 1962: the younger one who's at war at the borders and the elder who's at war with his own world.","Salman Khan, Sohail Khan, Om Puri, Mohd. Zeeshan Ayyub",Kabir Khan,5.8,#0f3460,132
1439,Anbe Sivam,2003,"Adventure, Comedy, Drama","Two men, one young and arrogant, the other damaged - physically but not spiritually - by life, are thrown together by circumstances, and find that they are in some ways bound together by fate.","Kamal Haasan, Madhavan, Kiran Rathod, Nassar",Sundar C.,8.5,#1a1a1a,110
1440,Hum Tum,2004,"Comedy, Drama, Romance",A novel look at the eternal battle of the sexes and the trials and tribulations of Karan and Rhea and their attempts to understand each other.,"Saif Ali Khan, Rani Mukerji, Kirron Kher, Rati Agnihotri",Kunal Kohli,7.8,#16213e,151
1441,Special Chabbis,2013,"Crime, Drama, Thriller",A gang of con-men rob prominent rich businessmen and politicians by posing as C.B.I and income tax officers.,"Akshay Kumar, Anupam Kher, Manoj Bajpayee, Jimmy Shergill",Neeraj Pandey,8.1,#2d4a22,142
1442,Dasvi,2022,"Comedy, Drama","Jailed under a tough cop, an uneducated politician decides to spend his time studying for high school, while his scheming wife has plans of her own.","Abhishek Bachchan, Nimrat Kaur, Yami Gautam, Manu Rishi Chadha",Tushar Jalota,8.5,#1a1a3a,151
1443,Mrs Undercover,2023,"Action, Comedy, Thriller","A simple Indian housewife who is in fact a special undercover agent is called back on the job after 10 years of being undercover to take down a terrifying, psycho killer while maintaining her parallel life of a housewife.","Radhika Apte, Sumeet Vyas, Rajesh Sharma, Roy Angana",Anushree Mehta,6.0,#1a2a1a,122
1444,Vicky Donor,2012,"Comedy, Romance","A man is brought in by an infertility doctor to supply him with his sperm, where he becomes the biggest sperm donor for his clinic.","Ayushmann Khurrana, Yami Gautam, Annu Kapoor, Dolly Ahluwalia",Shoojit Sircar,6.7,#1a3a1a,119
1445,Bodyguard,2011,"Action, Comedy, Drama",The daughter of a wealthy nobleman secretly falls in love with her bodyguard.,"Salman Khan, Kareena Kapoor, Raj Babbar, Hazel Keech",Siddique,7.4,#3a4a1a,121
1446,Kahaani 2,2016,"Mystery, Thriller",A woman with a mysterious past is charged with kidnapping and murder.,"Vidya Balan, Arjun Rampal, Jugal Hansraj, Kharaj Mukherjee",Sujoy Ghosh,8.8,#1a4a1a,111
1447,Malaikottai Vaaliban,2024,"Action, Drama, Fantasy",Follows the life of a legendary man whose struggles and life pave the way for next generations.,"Mohanlal, Sonalee Kulkarni, Hareesh Peradi, Rajeev Pillai",Lijo Jose Pellissery,8.7,#4a3a1a,125
1448,Bellbottom,2021,"Action, Thriller","When an Indian commercial airliner is hijacked by terrorists in the mid 1980s, a government agent is tasked with rescuing the 210 hostages.","Akshay Kumar, Huma Qureshi, Lara Dutta, Vaani Kapoor",Ranjit Tewari,6.0,#533483,156
1449,Kaagaz,2021,"Biography, Comedy, Drama",A satirical comedy about a common man and the struggle he goes through to prove his existence after being falsely being declared dead on government records.,"Pankaj Tripathi, Monal Gajjar, Mita Vashisht, Amar Upadhyay",Satish Kaushik,6.8,#3a2a1a,139
1450,Salaam Bombay!,1988,"Crime, Drama","Young Krishna struggles to survive among the drug dealers, pimps, and prostitutes in the back alleys and gutters of India.","Shafiq Syed, Anjaan, Amrit Patel, Murari Sharma",Mira Nair,7.9,#2a2a1a,124
1451,Meri Pyaari Bindu,2017,"Comedy, Drama, Romance","Abhimanyu Roy returns to his roots to write an old-fashioned love story, 3 years in the making. This writer's block is called Bindu. How do you contain this live wire in a book?","Ayushmann Khurrana, Parineeti Chopra, Nishant Dahiya, Prakash Belawadi",Akshay Roy,7.5,#1a3a1a,153
1452,Namastey London,2007,"Comedy, Drama, Romance","A man takes his thoroughly-British daughter to his home country, India. There, he arranges her marriage to someone she considers a fool. The daughter attempts to outwit them, but the groom quietly and patiently hatches his own plan.","Akshay Kumar, Katrina Kaif, Rishi Kapoor, Clive Standen",Vipul Amrutlal Shah,8.3,#1a2a1a,129
1453,Welcome,2007,"Comedy, Crime, Drama","A man falls in love with a beautiful woman, but later discovers that her brothers are gangsters.","Akshay Kumar, Katrina Kaif, Nana Patekar, Anil Kapoor",Anees Bazmee,7.7,#3a4a1a,141
1454,Baazigar,1993,"Crime, Drama, Musical","A young man with a vendetta against a business tycoon seduces the man's younger daughter, but she begins to suspect her new lover's connection with her elder sister and his ulterior motive.","Shah Rukh Khan, Kajol, Dalip Tahil, Rakhee Gulzar","Abbas Alibhai Burmawalla, Mastan Alibhai Burmawalla",6.7,#e94560,126
1455,Main Tera Hero,2014,"Action, Comedy, Romance","Seenu and Sunaina fall in love with each other when he saves her from a corrupt policeman who wishes to marry her. Meanwhile, Ayesha, a girl Seenu meets on a train journey, wants to marry him.","Varun Dhawan, Ileana D'Cruz, Nargis Fakhri, Arunoday Singh",David Dhawan,8.1,#1a1a3a,161
1456,Singham Returns,2014,"Action, Crime, Drama","Owing to the wrongdoings affiliated with evils similar to black money, an honest but ferocious police officer returns as the Deputy Commissioner of Police with the prospect of wiping out injustice.","Ajay Devgn, Kareena Kapoor, Amole Gupte, Anupam Kher",Rohit Shetty,7.8,#4a3a1a,130
1457,Jagga Jasoos,2017,"Action, Adventure, Comedy","Join Jagga, a gifted teenage detective, who along with a female companion, is on a quest to find his missing father.","Ranbir Kapoor, Katrina Kaif, Saswata Chatterjee, Chitrak Bandyopadhyay","Anurag Basu, Shubzz",6.8,#4a3a1a,133
1458,India Lockdown,2022,"Adventure, Drama",The Indian government announces a country-wide lockdown for 21 days due to the pandemic. India Lockdown encapsulates the story of four out of lakhs of individuals whose lives came to a standstill.,"Prateik Patil Babbar, Sai Tamhankar, Shweta Basu Prasad, Prakash Belawadi",Madhur Bhandarkar,7.2,#16213e,163
1459,Parched,2015,Drama,"In the arid landscape of Rajasthan, four women navigate their way through personal and cultural difficulties.","Tannishtha Chatterjee, Radhika Apte, Surveen Chawla, Lehar Khan",Leena Yadav,7.4,#1a1a1a,157
1460,Sam Bahadur,2023,"Biography, Drama, War","Based on the life of Sam Manekshaw who was the Chief of the Army Staff of the Indian Army during the Indo-Pakistani War of 1971, and the first Indian Army officer to be promoted to the rank of field marshal.","Sanya Malhotra, Vicky Kaushal, Fatima Sana Shaikh, Mohd. Zeeshan Ayyub",Meghna Gulzar,7.7,#3a2a1a,126
1461,Hera Pheri 3,2000,Drama,"In the highly anticipated third installment of the beloved Hera Pheri franchise, Raju, Shyam, and Baburao find themselves entangled in a hilarious yet perilous adventure involving a hidden treasure, mistaken identities, and criminology.","Akshay Kumar, Paresh Rawal, Suniel Shetty, Sanjay Dutt",Farhad Samji,5.8,#2d4a22,131
1462,Malang - Unleash the Madness,2020,"Action, Crime, Drama","Advait visits Goa where he meets Sara, a free-spirited girl who lives life unshackled. Opposites attract and all goes well until life turns upside down. Years later, Advait is on a killing spree with cops Aghase and Michael in his way.","Aditya Roy Kapoor, Anil Kapoor, Disha Patani, Kunal Kemmu",Mohit Suri,8.6,#2d4a22,152
1463,Aladin,2009,"Action, Adventure, Comedy","Since he was a child, Aladin Chatterjee has been teased for his fairytale name. As a college student he follows his namesake's footsteps; unleashing genie Genius and wooing exchange student Jasmine. But the evil Ringmaster approaches.","Amitabh Bachchan, Sanjay Dutt, Riteish Deshmukh, Jacqueline Fernandez",Sujoy Ghosh,5.9,#2a2a1a,144
1464,Madras Cafe,2013,"Action, Drama, Thriller",An Indian intelligence agent journeys to a war-torn coastal island to break a resolute rebel group and meets a passionate journalist.,"John Abraham, Nargis Fakhri, Raashi Khanna, Dinesh Prabhakar",Shoojit Sircar,6.7,#1a1a1a,116
1465,Race 3,2018,"Action, Crime, Thriller",Relationships and loyalties of a criminal family planning its next big heist are tested when some shocking revelations strike them.,"Anil Kapoor, Salman Khan, Bobby Deol, Jacqueline Fernandez",Remo D'Souza,8.4,#4a3a1a,145
1466,Mrs. Serial Killer,2020,"Crime, Drama, Thriller","When a doctor gets jailed for a string of shocking murders, his loyal wife sets out to commit a copycat crime to prove his innocence.","Jacqueline Fernandez, Manoj Bajpayee, Mohit Raina, Zayn Marie Khan",Shirish Kunder,6.2,#0f3460,143
1467,Any Body Can Dance 2,2015,"Biography, Drama, Music","Based on the true story of the Fictitious Dance group; their rise to fame, sudden downfall, and their heroic attempt to seek vindication by regaining their lost pride and glory.","Prabhu Deva, Varun Dhawan, Shraddha Kapoor, Lauren Gottlieb",Remo D'Souza,8.6,#1a1a1a,123
1468,Manmarziyaan,2018,"Comedy, Drama, Romance","A love triangle between a spirited young woman, her outgoing boyfriend and a fiance who's husband material.","Taapsee Pannu, Abhishek Bachchan, Vicky Kaushal, Jasmin Bajwa",Anurag Kashyap,7.8,#3a4a1a,142
1469,Tere Naam,2003,"Action, Drama, Romance","Problems arise when Radhey Mohan, a delinquent falls in love with a girl named Nirjara.","Salman Khan, Bhoomika Chawla, Sachin Khedekar, Savita Prabhune",Satish Kaushik,6.8,#1a3a4a,147
1470,Tiku weds Sheru,2023,"Comedy, Drama, Romance","Tiku, who looks at marriage as her escape to Mumbai from a local town to become an actress and Sheru, who has been working as a junior artist in the city for years. They get married and the comedy of errors for this couple starts.","Nawazuddin Siddiqui, Avneet Kaur, Rahoul, Mukesh S. Bhatt",Sai Kabir,7.6,#533483,161
1471,Housefull 3,2016,"Action, Comedy, Romance","A father doesn't want his three daughters to get married. Now, it's up to three men to try to and convince the father that they're a good fit for his daughters.","Akshay Kumar, Abhishek Bachchan, Riteish Deshmukh, Jackie Shroff","Sajid, Farhad Samji",5.8,#0f3460,118
1472,Toilet - Ek Prem Katha,2017,"Comedy, Drama, Romance","A woman threatens to leave her husband unless he installs a toilet in their home. To win back her love and respect, he heads out on a journey to fight against the backward society.","Akshay Kumar, Anupam Kher, Bhumi Pednekar, Divyendu Sharma",Shree Narayan Singh,7.7,#1a3a4a,148
1473,Aitraaz,2004,"Drama, Romance, Thriller",A man is accused of sexual harassment by his former lover and he has to prove his innocence in order to restore his dignity.,"Akshay Kumar, Kareena Kapoor, Priyanka Chopra Jonas, Amrish Puri","Abbas Alibhai Burmawalla, Mastan Alibhai Burmawalla",8.8,#1a3a4a,147
1474,2 States,2014,"Comedy, Drama, Romance",This movie chronicles how Chetan met his wife and the difficulties they faced due to their cultural differences.,"Arjun Kapoor, Alia Bhatt, Amrita Singh, Revathi",Abhishek Varman,7.8,#1a2a1a,153
1475,Sadak,1991,"Action, Drama, Romance","A taxi driver with a tragic past sees an opportunity for redemption when he encounters a woman sold into prostitution. Wanting to help her escape, he has to deal with the wrath of the brothel madam.","Sanjay Dutt, Pooja Bhatt, Deepak Tijori, Sadashiv Amrapurkar",Mahesh Bhatt,7.7,#1a1a2e,115
1476,Bob Biswas,2021,"Crime, Drama, Thriller","Bob Biswas, an insurance agent, is released from hospital after eight years in a coma and is welcomed by his wife Mary and son Benny. He has lost his memory and does not remember the past.","Abhishek Bachchan, Chitrangda Singh, Paran Banerjee, Kaushik Chakraborty",Diya Annapurna Ghosh,6.7,#533483,165
1477,Johny Mera Naam,1970,"Action, Drama, Musical",Monu (Mohan) and Sonu (Sohan) are the two sons of a police inspector. The kids excel in boxing. Their father gets killed by a goon following orders from Ranjit (Premnath). Mohan kills the ...                See full summary »,"Dev Anand, Hema Malini, Pran Sikand, Jeevan Dhar",Vijay Anand,6.8,#4a1a4a,114
1478,Ladies vs. Ricky Bahl,2011,"Comedy, Crime, Drama","A smooth and charming conman, Ricky Bahl, cons girls for a living but finally meets his match is this fun-filled ""ROM-CON.""","Ranveer Singh, Anushka Sharma, Parineeti Chopra, Dipannita Sharma",Maneesh Sharma,6.6,#2d4a22,126
1479,Johnny Gaddaar,2007,"Crime, Drama, Mystery","Police officers recount a tale of missing money which results in lies, deceit, betrayal and death.","Dharmendra, Rimi Sen, Ashwini Kalsekar, Neil Nitin Mukesh",Sriram Raghavan,7.4,#1a1a2e,123
1480,Thunivu,2023,"Action, Crime, Thriller",A mysterious mastermind - Daredevil and his team forms a plan and commits bank heist to find the corporate looted people's money.,"Ajith Kumar, Manju Warrier, Samuthirakani, John Kokken",H. Vinoth,6.3,#1a3a1a,124
1481,Photograph,2019,"Drama, Romance","A struggling street photographer in Mumbai, pressured to marry by his grandmother, convinces a shy stranger to pose as his fiancée. The pair develop a connection that transforms them in ways they could not expect.","Nawazuddin Siddiqui, Sanya Malhotra, Sachin Khedekar, Denzil Smith",Ritesh Batra,6.9,#1a1a1a,129
1482,Tashan,2008,"Action, Comedy, Drama",What happens when you throw 2 guys who hate each other together? Add for good measure a beauty and a gangster and the trouble is no one can be trusted.,"Akshay Kumar, Saif Ali Khan, Kareena Kapoor, Anil Kapoor",Vijay Krishna Acharya,6.9,#4a4a1a,113
1483,Taal,1999,"Drama, Musical, Romance","Businessman Manav falls for aspiring singer Mansi, but their romance faces an uphill climb when Manav must depart and Mansi's suave manager moves in.","Akshaye Khanna, Anil Kapoor, Aishwarya Rai Bachchan, Alok Nath",Subhash Ghai,8.7,#1a4a1a,133
1484,Krrish 4,2000,"Action, Sci-Fi, Thriller","Years after defeating Kaal, When an ancient artifact grants Krrish the power of time travel, he must navigate through different eras to save humanity from a malevolent force that threatens to rewrite history and reshape the future.","Hrithik Roshan, Preity G Zinta, Naseeruddin Shah, Rekha",Karan Malhotra,8.2,#e94560,162
1485,Hum Do Hamare Do,2021,Comedy,Hum do Hamare do's story is about a couple who 'adopt' their parents.,"Rajkummar Rao, Kriti Sanon, Paresh Rawal, Ratna Pathak Shah",Abhishek Jain,8.1,#533483,115
1486,Saaho,2019,"Action, Thriller","An undercover cop becomes embroiled in a battle with warring criminals who want to acquire a ""black box,"" their ultimate key to a treasure.","Prabhas, Shraddha Kapoor, Jackie Shroff, Neil Nitin Mukesh",Sujeeth,8.2,#0f3460,119
1487,We Are Family,2010,"Comedy, Drama, Family",A divorced mother of three children runs a happy household - until her former husband brings his new career-oriented girlfriend into the picture.,"Kareena Kapoor, Kajol, Iravati Harshe, Arjun Rampal",Malhotra P. Siddharth,7.3,#1a1a1a,145
1488,Housefull 2,2012,"Action, Comedy, Drama",A comedy of errors wherein four men help each other to fool their prospective father-in-laws creating a cascade of confusion and mayhem.,"Akshay Kumar, John Abraham, Asin Thottumkal, Jacqueline Fernandez",Sajid Khan,6.4,#1a4a1a,128
1489,Baby,2015,"Action, Crime, Thriller","An elite counter-intelligence unit learns of a plot, masterminded by a maniacal madman. With the clock ticking, it's up to them to track the terrorists' international tentacles and prevent them from striking at the heart of India.","Akshay Kumar, Danny Denzongpa, Rana Daggubati, Taapsee Pannu",Neeraj Pandey,6.8,#1a1a3a,128
1490,Code Name: Tiranga,2022,"Action, Drama, Thriller",The story of a spy on an unfaltering and fearless mission for her nation in a race against time where sacrifice is her only choice.,"Parineeti Chopra, Harrdy Sandhu, Sharad Kelkar, Dibyendu Bhattacharya",Ribhu Dasgupta,8.6,#1a1a2e,155
1491,Mujhse Shaadi Karogi,2004,"Comedy, Romance","Sameer, fast at losing his temper is re-located to Goa where he falls in love with Rani. But Sameer's new roommate Sunny, has some plans of his own.","Salman Khan, Akshay Kumar, Priyanka Chopra Jonas, Amrish Puri",David Dhawan,8.1,#533483,116
1492,Ajnabee,2001,"Action, Crime, Drama","A newlywed couple, Raj and Priya, move to Switzerland and become friends with their new neighbors, Vicky and Sonia. But one day, Sonia is murdered and Raj is accused of the murder. He goes on the run in order to prove himself innocent.","Akshay Kumar, Bobby Deol, Kareena Kapoor, Bipasha Basu","Abbas Alibhai Burmawalla, Mastan Alibhai Burmawalla",7.0,#3a2a1a,156
1493,Bachna Ae Haseeno,2008,"Comedy, Drama, Romance","Raj is a heartbreaker. His love stories with Mahi, Radhika, and Gayatri finally teach him about love and life in their own sweet, sexy, and sassy ways.","Ranbir Kapoor, Deepika Padukone, Bipasha Basu, Minissha Lamba",Siddharth Anand,8.6,#1a3a4a,147
1494,Dev.D,2009,"Comedy, Drama, Romance","After breaking up with his childhood sweetheart, a young man finds solace in drugs. Meanwhile, a teenage girl is caught in the world of prostitution. Will they be destroyed, or will they find redemption?","Abhay Deol, Mahie Gill, Kalki Koechlin, Dibyendu Bhattacharya",Anurag Kashyap,8.3,#533483,127
1495,Mission Kashmir,2000,"Action, Drama, Thriller",A police officer adopts the son and sole survivor of a family he has massacred while pursuing a terrorist. After some time the foster son finds out what the stepfather did.,"Sanjay Dutt, Hrithik Roshan, Preity G Zinta, Sonali Kulkarni",Vidhu Vinod Chopra,7.4,#1a4a1a,122
1496,Pyaasa,1957,"Drama, Musical, Romance",A talented but indigent poet Vijay struggles for love and recognition in this selfish world.,"Guru Dutt, Waheeda Rehman, Mala Sinha, Rehman Khan",Guru Dutt,6.3,#1a2a1a,120
1497,Jee Le Zaraa,2000,Drama,Revolving around a road-trip taken by the three female protagonists.,"Priyanka Chopra Jonas, Alia Bhatt, Katrina Kaif, Ishaan Khattar",Farhan Akhtar,6.8,#4a1a1a,159
1498,Jayeshbhai Jordaar,2022,"Comedy, Drama",A timid Jayesh must defy his patriarchal family as he flees with his wife to save their unborn daughter from foeticide.,"Pratik Nanda, Ranveer Singh, Shalini Pandey, Boman Irani",Divyang Thakkar,8.3,#16213e,157
1499,Pichaikkaran 2,2023,"Action, Drama, Sci-Fi","A business tycoon being preyed on for his wealth, and a beggar on a constant hunt for his long-lost sister. How does money determine the fate of these two lives?","Vijay Antony, Kavya Thapar, Y.G. Mahendran, Radha Ravi",Vijay Antony,7.6,#4a4a1a,158
1500,Hazaaron Khwaishein Aisi,2003,Drama,"Set in the backdrop of Indian Emergency 1975, the story revolves around 3 friends whose lives changes drastically after the turn of events.","Kay Kay Menon, Shiney Ahuja, Chitrangda Singh, Ram Kapoor",Sudhir Mishra,8.7,#1a1a2e,117
1501,The Lovers,2015,"Action, Adventure, Romance","An epic, sweeping and riveting tale of an impossible love set across two time periods and continents.","Josh Hartnett, Bipasha Basu, Tamsin Egerton, James Mackay",Roland Joffé,7.1,#1a4a1a,161
1502,The Big Bull,2021,"Biography, Crime, Drama",The story of the film is based on real events of financial market that took place between 1990 and 2000 involving Harshad Mehta and his financial crimes.,"Abhishek Bachchan, Nikita Dutta, Ileana D'Cruz, Sanjeev Pandey",Kookie Gulati,8.6,#1a1a3a,159
1503,Heropanti 2,2022,"Action, Comedy, Crime","Babloo Ranawat, a genius hacker, is tasked with tracking down Laila, the mastermind behind the world's largest cyber-crime yet to occur. Will Babloo be able to stop him?","Kriti Sanon, Nawazuddin Siddiqui, Tiger Shroff, Amber Doig-Thorne",Ahmed Khan,7.5,#4a1a4a,118
1504,Te3n,2016,"Crime, Drama, Mystery","A grandfather, a priest and a police officer investigate the case of a kidnapped child.","Amitabh Bachchan, Nawazuddin Siddiqui, Vidya Balan, Tota Roy Chowdhury",Ribhu Dasgupta,7.7,#3a2a1a,134
1505,Hungama 2,2021,"Comedy, Drama, Romance",A sequel of the 2003 film Hungama.,"Paresh Rawal, Meezaan Jafri, Shilpa Shetty Kundra, Pranitha",Priyadarshan,8.4,#16213e,146
1506,Indian 2,2024,"Action, Drama, Thriller","Senapathy, an ex-freedom fighter turned vigilante who fights against corruption. Senapathy returns to the country to aid a young man who has been exposing corrupt politicians in the country through videos on the internet.","S.J. Suryah, Kamal Haasan, Rakul Preet Singh, Siddharth",S. Shankar,8.2,#0f3460,117
1507,Boom,2003,"Crime, Thriller",Three female models are unwittingly thrown into the Bombay underworld when they accidentally stop a diamond delivery to the Middle East.,"Amitabh Bachchan, Jackie Shroff, Gulshan Grover, Padma Lakshmi",Kaizad Gustad,8.5,#3a4a1a,151
1508,Karan Arjun,1995,"Action, Drama, Fantasy",Karan and Arjun reincarnate in the different parts of the country. But the faith of their previous mother brings them together in order to avenge their death.,"Rakhee Gulzar, Salman Khan, Shah Rukh Khan, Amrish Puri",Rakesh Roshan,8.4,#4a1a4a,132
1509,Shaandaar,2015,"Comedy, Drama, Romance","In the backdrop of a destination wedding in London, two families try to save their respective empires, unbeknownst to each other.","Shahid Kapoor, Alia Bhatt, Pankaj Kapur, Sanjay Kapoor",Vikas Bahl,6.5,#4a1a1a,134
1510,Samrat Prithviraj,2022,"Action, Drama, History",A magnum opus recounting the glorious tale of one of India's bravest emperors- Samrat Prithviraj Chauhan. Inspired from the epic poem Prithviraj Raaso and other folklores.,"Akshay Kumar, Sanjay Dutt, Manushi Chhillar, Sonu Sood",Chandra Prakash Dwivedi,7.3,#4a3a1a,132
1511,Bharat,2019,"Action, Comedy, Drama","At the cusp of India's birth as an Independent nation, a family makes an arduous journey to freedom at a cost. A young boy Bharat, makes a promise to his Father that he will keep his family together no matter what.","Salman Khan, Katrina Kaif, Sunil Grover, Tabu",Ali Abbas Zafar,7.9,#1a1a1a,129
1512,Laxmii,2020,"Action, Comedy, Horror","Aasif visits his wife's parents' house and happens to go to a ground that is supposedly haunted. However, he is soon possessed by the spirit of a transgender who is out for revenge.","Akshay Kumar, Kiara Advani, Sharad Kelkar, Ashwini Kalsekar","Raghava Lawrence, Balakrishnan Thevar",8.1,#1a1a1a,141
1513,Aazam,2023,"Crime, Drama, Mystery","Set in the underbelly of the Mumbai underworld, the succession battle of mafia don Nawab Khan, who is suffering from blood cancer and has only a few days to live. Who is the Aazam of this battle of defeat and victory?","Jimmy Shergill, Abhimanyu Singh, Indraneil Sengupta, Sanjeev Tyagi",Shravan Tiwari,7.6,#1a1a3a,128
1514,Serious Men,2020,"Comedy, Drama","Tormented with his 'under-privileged' societal status, a father capitalizes on his son's newfound fame as a boy-genius. Little does he realize that the secret he harbors will destroy the very thing he loves the most.","Nawazuddin Siddiqui, Nassar, Aakshath Das, Indira Tiwari","Sudhir Mishra, Sachin Krishn",8.3,#1a3a1a,140
1515,Ishq,1997,"Action, Comedy, Drama","Two rich friends, hating the poor, were challenged by their children's love lives. Thus starts the war between love and money.","Aamir Khan, Ajay Devgn, Juhi Chawla, Kajol",Indra Kumar,7.2,#16213e,132
1516,JGM (JanaGanaMana),2023,"Action, Drama",Plot under wraps.,"Vijay Deverakonda, Pooja Hegde, Janhvi Kapoor, Nayan Rosh T M",Puri Jagannadh,8.1,#4a1a1a,120
1517,Josh,2000,"Action, Drama, Musical","Max, who lives with his twin sister Shirley in Goa, is enraged when he finds out that she has fallen in love with Rahul, his bitter rival Prakash's younger brother.","Shah Rukh Khan, Aishwarya Rai Bachchan, Chandrachur Singh, Sharad S. Kapoor",Mansoor Khan,5.9,#4a1a4a,151
1518,Footfairy,2020,"Crime, Thriller","The plot is set in Mumbai, a city of dream and land of opportunities. The psychological crime thriller showcases an intriguing chase between a serial killer with a distinctive fetish and ...                See full summary »","Bhupesh Bandekar, Gulshan Devaiah, Sagarika Ghatge, Shonita Joshi",Kanishk Varma,8.5,#1a3a4a,151
1519,C.I.D.,1956,"Action, Crime, Musical","A newspaper editor gets murdered when he was about to expose the underworld links of a rich person. So, a C.I.D inspector gets assigned to investigate the murder case.","Dev Anand, Shakila, Johnny Walker, K.N. Singh",Raj Khosla,7.8,#4a3a1a,158
1520,Zinda,2006,"Action, Drama, Mystery","A man, taken and locked up for 14 years without any sane reason, is suddenly released, and has 4 days to figure out why this was done to him.","Sanjay Dutt, John Abraham, Lara Dutta, Celina Jaitly",Sanjay Gupta,7.9,#4a3a1a,131
1521,Non Stop Dhamaal,2023,Comedy,"Satinder (Annu Kapoor), a film director with big dreams of working with famous stars, teams up with his friend Amar (Manoj Joshi), a struggling film writer, to find someone who can invest ...                See full summary »","Annu Kapoor, Manoj Joshi, Rajpal Naurang Yadav, Asrani",Irshad Khan,8.0,#4a1a4a,132
1522,Ishq-e-nadaan,2023,"Drama, Romance","Ashutosh's life changes when he meets Ramona at the hotel, which is his work place. On the other hand, Charulata grows friends with Subhash Kapoor, a filmmaker, and shares a secret with him. What is the secret?","Deepika Amin, Hitesh Dave, Mrinal Dutt, Lara Dutta",Avishek Ghosh,6.2,#3a4a1a,112
1523,Fitoor,2016,"Drama, Romance",Modern adaptation of Charles Dickens' Great Expectations; a poor but talented boy falls in love with a girl from an affluent family.,"Aditya Roy Kapoor, Katrina Kaif, Tabu, Rahul Bhat",Abhishek Kapoor,7.0,#1a3a1a,159
1524,Andaz Apna Apna,1994,"Action, Comedy, Romance",Two slackers competing for the affections of an heiress inadvertently become her protectors from an evil criminal.,"Aamir Khan, Salman Khan, Raveena Tandon, Karisma Kapoor",Rajkumar Santoshi,7.2,#1a4a1a,155
1525,Jawaani Jaaneman,2020,"Comedy, Drama",A 40 year-old playboy's life turns upside down when he comes to know that he has a 20 something year-old daughter.,"Saif Ali Khan, Alaya F, Tabu, Kumud Mishra",Nitin Kakkar,7.2,#4a1a4a,128
1526,Batla House,2019,"Action, Crime, Drama","In 2008, a violent shootout with terror suspects leaves one police officer struggling to hunt down the fugitives and justify the police action.","John Abraham, Mrunal Thakur, Nora Fatehi, Ravi Kishan",Nikkhil Advani,7.3,#16213e,162
1527,Gabbar Is Back,2015,"Action, Crime, Drama",A grief-stricken man takes the law into his own hands when he begins to kidnap and murder corrupt public servants.,"Akshay Kumar, Shruti Haasan, Kareena Kapoor, Suman",Radha Krishna Jagarlamudi,6.4,#2a2a1a,141
1528,Partner,2007,"Comedy, Drama, Romance","A 'Love Guru' assists other males, woos a widowed single mother, but becomes embroiled in controversies.","Salman Khan, Govinda, Lara Dutta, Katrina Kaif",David Dhawan,8.2,#4a1a1a,141
1529,Awara Paagal Deewana,2002,"Action, Comedy, Crime",A dentist's life turns into a roller coaster ride when he is unknowingly embroiled in gang wars.,"Akshay Kumar, Suniel Shetty, Aftab Shivdasani, Paresh Rawal",Vikram Bhatt,6.2,#4a1a4a,137
1530,A Flying Jatt,2016,"Action, Adventure, Comedy","Jatt is a reluctant superhero who fights crime and protects people. He meets his match in the evil Raka, who he must vanquish to save the day.","Tiger Shroff, Jacqueline Fernandez, Nathan Jones, Kay Kay Menon",Remo D'Souza,8.7,#3a4a1a,160
1531,Rangeela,1995,"Comedy, Drama, Musical","A middle class young woman, who dreams of Bollywood fame, is caught in a love triangle between her childhood friend and a famous actor.","Aamir Khan, Urmila Matondkar, Jackie Shroff, Gulshan Grover",Ram Gopal Varma,7.8,#1a1a3a,119
1532,Jogi,2022,"Drama, Thriller","Amid tension in 1980s India, three friends of different faiths unite in a noble yet dangerous effort to save hundreds in their town.","Diljit Dosanjh, Kumud Mishra, Mohd. Zeeshan Ayyub, Hiten Tejwani",Ali Abbas Zafar,6.1,#1a1a2e,126
1533,Tadka,2022,"Comedy, Drama, Romance","A middle-aged Tukaram is passionate about food and archaeology but a misplaced call from Madhura that adds the tadka to his life. While love simmers, Nicole and Sidharth's story spices up too.","Nana Patekar, Shriya Saran, Ali Fazal, Taapsee Pannu",Prakash Raj,8.0,#533483,142
1534,Paheli,2005,"Comedy, Drama, Fantasy",A folk tale - supernatural love story about a ghost who falls in love with a newlywed woman.,"Shah Rukh Khan, Rani Mukerji, Anupam Kher, Naseeruddin Shah",Amol Palekar,8.8,#2d4a22,165
1535,Duplicate,1998,"Action, Comedy, Crime","In order to evade the law, a ruthless don tries to kill his lookalike; a chef and tries to take his place.","Shah Rukh Khan, Juhi Chawla, Sonali Bendre, Kajol",Mahesh Bhatt,6.0,#1a3a1a,124
1536,Radhe Shyam,2022,"Drama, Romance","In 1976, Vikramaditya, a palmist and disciple of Paramahamsa, predicts to Indian Prime Minsiter Indira Gandhi that soon she will declare emergency in the country. The prediction comes true ...                See full summary »","Prabhas, Pooja Hegde, Bhagyashree Patwardhan, Krishnamraju",K.K. Radhakrishna Kumar,8.3,#1a3a1a,116
1537,English Vinglish,2012,"Comedy, Drama, Family","A quiet, sweet tempered housewife endures small slights from her well-educated husband and daughter every day because of her inability to speak and understand English.","Sridevi, Adil Hussain, Mehdi Nebbou, Priya Anand",Gauri Shinde,8.1,#1a3a4a,160
1538,Koi Jaane Na,2021,Thriller,A heartbroken writer struggling with writer's block goes to a quiet hill station where he finds love again but uncovers a copycat serial killer who has mysteriously come alive and is killing everyone around him.,"Kunal Kapoor, Amyra Dastur, Elli Avrram, Aamir Khan","Amin Hajee, Ajinkya Nikam",6.4,#1a1a1a,124
1539,72 Hoorain,2019,"Crime, Drama, Thriller","These Fidayeens, bound by an unyielding faith, embark on a harrowing journey leading them to the celestial realms. Their ultimate goal is to meet the legendary 72 Virgins, known as the Hoorain.","Saru Maini, Mukesh Agrohari, Narottam Bain, Aamir Bashir",Sanjay Puran Singh Chauhan,5.9,#3a4a1a,111
1540,Rustom,2016,"Crime, Drama, Thriller","A naval officer returns home to find out about his wife's affair. Soon, he surrenders after murdering the lover but as the case unfolds, it starts to reveal his hidden intention.","Akshay Kumar, Ileana D'Cruz, Arjan Bajwa, Esha Gupta",Tinu Suresh Desai,6.5,#533483,121
1541,Chup Chup Ke,2006,"Comedy, Drama, Romance","A debt-ridden young man attempts suicide, but is rescued only to find that his luck is finally turning.","Shahid Kapoor, Kareena Kapoor, Om Puri, Paresh Rawal","Priyadarshan, Kookie Gulati",7.6,#2a2a1a,158
1542,Hate Story,2012,"Drama, Thriller","After a powerful businessman has her baby forcefully aborted, Kaavya Krishna uses her body as a sexual weapon to destroy his empire, brick by brick.","Nikhil Dwivedi, Gulshan Devaiah, Paoli Dam, Mohan Kapur",Vivek Agnihotri,8.6,#1a1a2e,141
1543,Tees Maar Khan,2010,"Comedy, Crime","Posing as a movie producer, a conman attempts to trick an entire village into helping him rob a treasure-laden train.","Akshay Kumar, Katrina Kaif, Akshaye Khanna, Rajiv Laxman",Farah Khan,6.5,#16213e,126
1544,Mard Ko Dard Nahin Hota,2018,"Action, Comedy, Drama","It is a story of a young boy Surya who has a rare condition of Congenital Insensitivity to pain meaning he can not feel pain, and he sets out to learn martial arts and hunt down muggers.","Abhimanyu Dasani, Radhika Madan, Mahesh Manjrekar, Gulshan Devaiah",Vasan Bala,8.1,#16213e,152
1545,Hum Dil De Chuke Sanam,1999,"Comedy, Drama, Musical","Nandini has to choose between Sameer, the man who taught her to fall in love; and Vanraj, the man from whom she learnt how to abide and fulfill promises of love.","Aishwarya Rai Bachchan, Salman Khan, Ajay Devgn, Zohra Sehgal",Sanjay Leela Bhansali,8.6,#4a1a4a,114
1546,Sadak 2,2020,"Action, Drama","The film picks up where Sadak left off, revolving around the journey with a young girl who becomes an important character in the life of the protagonist, and the reason for him to stay alive.","Priyanka Bose, Alia Bhatt, Sanjay Dutt, Aditya Roy Kapoor",Mahesh Bhatt,8.6,#3a4a1a,128
1547,Black,2005,Drama,"The cathartic tale of a young woman who can't see, hear, or speak, and the teacher who brings a ray of light into her dark world.","Amitabh Bachchan, Rani Mukerji, Shernaz Patel, Ayesha Kapur",Sanjay Leela Bhansali,8.6,#3a4a1a,156
1548,13B: Fear Has a New Address,2009,"Drama, Horror, Mystery","A man experiences a supernatural occurrence at his newly purchased apartment; a soap opera being telecast exclusively on his TV, which shows the future of his family.","Madhavan, Nitu Chandra, Poonam Dhillon, Saranya Ponvannan",Vikram K. Kumar,6.8,#4a3a1a,156
1549,Fanaa,2006,"Action, Drama, Romance",A sweet blind girl Zooni meets a flirty Rehan. She ignores her friends' warnings. It's her time to discover life. Is she making the right love choice?,"Aamir Khan, Kajol, Rishi Kapoor, Tabu",Kunal Kohli,7.2,#4a1a1a,125
1550,Yaariyan 2,2023,"Comedy, Drama, Musical",Cousins by blood Friends by choice.,"Divya Khosla Kumar, Meezaan Jafri, Pearl V Puri, Yash Dasgupta","Radhika Rao, Vinay Sapru",7.1,#1a3a4a,136
1551,War 2,2000,"Action, Adventure, Crime",Plot under wraps.,"Hrithik Roshan, Kiara Advani, N.T. Rama Rao Jr.",Ayan Mukerji,8.6,#16213e,149
1552,Yuva,2004,"Action, Drama, Thriller","Michael, Arjun and Lallan, three men from three different strata of society, cross paths one morning in Calcutta and change one another's lives forever.","Ajay Devgn, Abhishek Bachchan, Rani Mukerji, Vivek Oberoi",Mani Ratnam,6.5,#1a3a1a,163
1553,Sangharsh,1999,"Action, Crime, Drama","A rookie CBI officer must enlist the help of an incarcerated criminal in order to catch a serial child killer, who has recently escaped police custody.","Preity G Zinta, Akshay Kumar, Ashutosh Rana, Vishwajeet Pradhan",Tanuja Chandra,6.9,#1a1a1a,126
1554,Motichoor Chaknachoor,2019,"Comedy, Romance","A hilarious story of a 36-year-old jobless man Pushpender, trying to find a wife and Anita who's also looking for a husband. But there's a catch - Anita wants to settle abroad after marriage.","Nawazuddin Siddiqui, Athiya Shetty, Vibha Chhibber, Karuna Pandey",Debamitra Biswal,8.6,#0f3460,113
1555,Paan Singh Tomar,2012,"Action, Biography, Crime","The story of Paan Singh Tomar, an Indian athlete and seven-time national steeplechase champion who becomes one of the most feared dacoits in Chambal Valley after his retirement.","Irrfan Khan, Mahie Gill, Rajesh Abhay, Hemendra Dandotiya",Tigmanshu Dhulia,8.5,#4a4a1a,137
1556,Sharmaji Namkeen,2022,"Comedy, Drama, Family",A light-hearted coming-of-age story of a lovable 60-year-old-man.,"Rishi Kapoor, Paresh Rawal, Juhi Chawla, Isha Talwar",Hitesh Bhatia,7.6,#1a1a2e,116
1557,Music School,2023,"Drama, Musical","This heart-warming 11-song musical is about how the prevailing Indian education system and parents put pressure on children to be competitive in their ""studies, thereby leaving no time for ...                See full summary »","Shriya Saran, Sharman Joshi, Prakash Raj, Mona Ambegaonkar",Paparao Biyyala,6.8,#4a1a1a,149
1558,Satyameva Jayate 2,2021,"Action, Crime, Drama","Satyameva Jayate 2 revolves around the fight against injustice and misuse of power. From police and politicians to industrialists and a common man, the film will explore corruption in all spheres.","John Abraham, Divya Khosla Kumar, Harsh Chhaya, Gautami Kapoor",Milap Zaveri,5.8,#2d4a22,156
1559,Laal Kaptaan,2019,"Action, Adventure, Drama","In an 18th century setting, a Naga sadhu in India sets out on a journey across Bundelkhand to seek revenge for an injustice committed in the past.","Saif Ali Khan, Zoya Hussain, Manav Vij, Deepak Dobriyal",Navdeep Singh,7.5,#2a2a1a,127
1560,Manto,2018,"Biography, Drama",The film is a biographical account of writer Saadat Hasan Manto's life and is set in 1940s India.,"Nawazuddin Siddiqui, Rasika Dugal, Tahir Raj Bhasin, Nazma Ali Shaikh",Nandita Das,6.0,#16213e,142
1561,Khakee,2004,"Action, Crime, Drama",A team of police force escorts an alleged terrorist from Chandangarh to Mumbai. However their trip turns into a deadly survival when an ex-cop tries to stop them to reach Mumbai.,"Amitabh Bachchan, Akshay Kumar, Ajay Devgn, Aishwarya Rai Bachchan",Rajkumar Santoshi,8.0,#1a1a3a,159
1562,Yeh Saali Aashiqui,2019,"Drama, Romance, Thriller","While in college, Sahil and Mittee fall in love, but an unfortunate incident turns their dreamy romance into a nightmare.","Vardhan Puri, Shivaleeka Oberoi, Ruslaan Mumtaz, Satish Kaushik",Cherag Ruparel,8.5,#1a2a1a,124
1563,Lakshya,2004,"Action, Drama, Romance","An aimless, jobless, irresponsible grown man joins the army and matures into a battlefield hero.","Hrithik Roshan, Preity G Zinta, Amitabh Bachchan, Om Puri",Farhan Akhtar,5.9,#2a2a1a,164
1564,Badhaai ho,2018,"Comedy, Drama",A man is embarrassed when he finds out his mother is pregnant.,"Ayushmann Khurrana, Neena Gupta, Gajraj Rao, Sanya Malhotra",Amit Ravindernath Sharma,8.0,#16213e,162
1565,Trishna,2011,Drama,The story of the tragic relationship between the son of a property developer and the daughter of an auto rickshaw owner.,"Freida Pinto, Riz Ahmed, Mita Vashisht, Harish Khanna",Michael Winterbottom,8.8,#4a4a1a,127
1566,Guilty,2020,"Drama, Thriller","When a college heartthrob is accused of rape by a less popular student, his girlfriend navigates various versions of the story in search of the truth.","Kiara Advani, Taher Shabbir, Akansha Ranjan Kapoor, Gurfateh Pirzada",Ruchi Narain,8.7,#2d4a22,139
1567,Thank God,2022,"Comedy, Fantasy","An egoistic real estate broker in huge debts, meets with an accident.God appears in front of him and informs him that he will have to play a ""GAME OF LIFE"". If he win, he will be sent back to earth and if not, he will be sent to hell.","Sidharth Malhotra, Ajay Devgn, Rakul Preet Singh, Mahesh Balraj",Indra Kumar,8.6,#16213e,149
1568,Ghayal,1990,"Action, Crime, Drama","Ajay Mehra, an amateur boxer, takes revenge against Balwant Rai, a crooked businessman, after his elder brother is killed.","Sunny Deol, Amrish Puri, Meenakshi Sheshadri, Moushumi Chatterjee",Rajkumar Santoshi,8.4,#16213e,144
1569,Baaghi,2016,"Action, Romance, Thriller",A martial arts student seeks revenge after the murder of his master.,"Tiger Shroff, Shraddha Kapoor, Sudheer Babu Posani, Shifuji Shaurya Bharadwaj",Sabir Khan,8.5,#533483,159
1570,Bombay Velvet,2015,"Action, Crime, Drama",An ordinary man goes against all odds and forges his destiny to become a 'Big Shot'.,"Ranbir Kapoor, Anushka Sharma, Karan Johar, Satyadeep Misra",Anurag Kashyap,6.3,#2a2a1a,117
1571,Once Upon a Time in Mumbai Dobaara!,2013,"Action, Crime, Drama","After killing his mentor, a gangster comes into power to rule over Mumbai. In the process he falls for an aspiring actress, nevertheless he finds that his protege has fallen for her too which leads to enmity between them.","Akshay Kumar, Imran Khan, Sonakshi Sinha, Sonali Bendre",Milan Luthria,7.2,#1a3a1a,142
1572,Shaadi Mein Zaroor Aana,2017,"Drama, Romance","Satyendra Mishra ""Rajkumar Rao"" and Aarti Shukla ""Kriti Kharbanda"" agree to get married arranged by their parents, after Satyendra Mishra get government job. Aarti Shukla, run away from their marriage. What life waits for them ahead?","Rajkummar Rao, Kriti Kharbanda, K.K. Raina, Alka Amin",Ratnaa Sinha,7.8,#1a2a1a,155
1573,Lage Raho Munna Bhai,2006,"Comedy, Drama, Romance",Munna Bhai embarks on a journey with Mahatma Gandhi in order to fight against a corrupt property dealer.,"Sanjay Dutt, Arshad Warsi, Vidya Balan, Boman Irani",Rajkumar Hirani,7.9,#4a1a1a,116
1574,Luka Chuppi,2019,"Comedy, Romance","Pretending to be married in order to cohabitate, a small-town couple lands in endless awkward situations to hide the truth from their orthodox families.","Kartik Aaryan, Kriti Sanon, Aparshakti Khurana, Pankaj Tripathi",Laxman Utekar,7.6,#4a4a1a,152
1575,Shor in the City,2010,"Crime, Drama",Various residents and career-criminals face challenges in crime-laden Mumbai.,"Tusshar Kapoor, Sendhil Ramamurthy, Nikhil Dwivedi, Preeti Desai","Krishna D.K., Raj Nidimoru",5.9,#4a1a4a,142
1576,Tanhaji: The Unsung Warrior,2020,"Action, Biography, Drama","Tanhaji Malusare, a military chieftain in the army of the Maratha king Shivaji, leads the charge to capture the strategically important Kondhana fort guarded by the army of the fierce Rajput chieftain Udaybhan Rathod.","Ajay Devgn, Saif Ali Khan, Sharad Kelkar, Kajol",Om Raut,6.8,#1a1a2e,132
1577,Neymar,2023,"Comedy, Family",Kunjava and his friend Sinto bring a new furry friend named Neymar into their lives. Little did they know that their lives were about to be turned upside down.,"Naslen, Mathew Thomas, Thushara Pillai, Vijayaraghavan",Sudhi Maddison,7.0,#3a4a1a,148
1578,AK vs AK,2020,"Action, Comedy, Crime","A filmmaker kidnaps the daughter of a movie star, and while the star searches for his daughter the director films the desperate search in real time for his next blockbuster movie.","Anil Kapoor, Anurag Kashyap, Sonam Kapoor, Harshvardhan Kapoor",Vikramaditya Motwane,8.7,#1a4a1a,154
1579,Sarbjit,2016,"Biography, Drama","Biopic of Sarabjit Singh, a farmer residing at Bhikiwind, Punjab, near the Indo-Pak border, crossed the border after having a couple of drinks. However, he was mistaken to be an Indian spy and was sentenced with capital punishment.","Randeep Hooda, Aishwarya Rai Bachchan, Richa Chadha, Darshan Kumaar",Omung Kumar,8.1,#4a1a1a,130
1580,Connect,2022,Thriller,"In a country where the government imposed a national curfew and a single mother, Nayanthara, notices eerie changes in her daughter's behaviour. On getting virtual help from a pastor played by Anupam Kher who proposes an online exorcism.","Nayanthara, Sathyaraj, Anupam Kher, Vinay Rai",Ashwin Saravanan,6.1,#1a1a1a,130
1581,Welcome Home,2000,"Crime, Drama, Horror","A census report leads two female government teachers to an isolated house, in which resides a family with twisted secrets they never imagined to recover.","Kashmira Irani, Swarda Thigale, Shashi Bhushan, Boloram Das",Pushkar Mahabal,8.4,#3a2a1a,137
1582,Padman,2018,"Comedy, Drama","Upon realizing the extent to which women are affected by their menses, a man sets out to create a sanitary pad machine and to provide inexpensive sanitary pads to the women of rural India.","Akshay Kumar, Radhika Apte, Sonam Kapoor, Jyoti Subhash",R. Balki,6.2,#1a2a1a,114
1583,Laththi,2022,"Action, Crime, Drama","A police constable, who gets trapped in a building with his 10-year-old kid, and how they escape from the building surrounded by a group of the enemy.","Vishal, Sunaina, Prabhu, Thalaivasal Vijay",A. Vinoth Kumar,8.3,#2a2a1a,113
1584,Raman Raghav 2.0,2016,"Crime, Drama, Thriller","Ramanna, a maniac murderer, finds a soulmate in Raghavan, a policeman, who inspects his murder cases. He tries to make Raghavan realize how they both are similar.","Nawazuddin Siddiqui, Vicky Kaushal, Sobhita Dhulipala, Mukesh Chhabra",Anurag Kashyap,7.7,#4a1a4a,157
1585,Dhobi Ghat,2010,Drama,"The lives of four people intersect in Mumbai: a washer-man who wants to become an actor, a banker-turned-photographer, a painter looking for inspiration, and a newly-married immigrant who journals her experiences on home video.","Prateik Patil Babbar, Monica Dogra, Kriti Malhotra, Aamir Khan",Kiran Rao,7.8,#1a3a4a,165
1586,Ardh Satya,1983,"Crime, Drama","A newly appointed police rookie deals with corruption, romance, and brutality.","Om Puri, Smita Patil, Amrish Puri, Shafi Inamdar",Govind Nihalani,7.6,#1a2a1a,147
1587,Bala,2019,Comedy,It tells the story of a man who is balding prematurely and how he copes up with the situation.,"Ayushmann Khurrana, Bhumi Pednekar, Yami Gautam, Saurabh Shukla",Amar Kaushik,6.7,#16213e,157
1588,Guru,2007,Drama,"A villager, Gurukant Desai, arrives in Bombay 1958, and rises from its streets to become the GURU, the biggest tycoon in Indian history.","Mithun Chakraborty, Abhishek Bachchan, Aishwarya Rai Bachchan, Madhavan",Mani Ratnam,7.6,#4a1a1a,154
1589,Stolen,2023,"Drama, Thriller","A five month old baby of an impoverished tribal woman Jhumpa Mahato is stolen.Two brothers ,Gautam and Raman, witness the kidnapping ,try to help her when they become embroiled in the complexities of the investigation.","Abhishek Banerjee, Harish Khanna, Mia Maelzer, Sahidur Rahaman",Karan Tejpal,6.1,#3a4a1a,162
1590,Deewane Huye Paagal,2005,"Action, Comedy, Drama","A man embarks on journey to find his love in Dubai, only to learn she has different suitors and admirers.","Shahid Kapoor, Akshay Kumar, Suniel Shetty, Rimi Sen",Vikram Bhatt,6.4,#16213e,154
1591,Nail Polish,2021,Drama,"Nail Polish, written and directed by Bugs Bhargava Krishna, stars Arjun Rampal, Manav Kaul, Anand Tiwari and Rajit Kapur. It's a legal thriller that explores the uncertainty of the human mind.","Arjun Rampal, Manav Kaul, Anand Tiwari, Rajit Kapoor",Bugs Bhargava Krishna,7.7,#4a1a1a,127
1592,Jaadugar,2022,"Comedy, Drama, Fantasy","Magic Meenu, a small-time magician in Neemuch, M.P., has to win a local football tournament in order to marry the girl he loves.","Jitendra Kumar, Arushi Sharma, Jaaved Jaaferi, Raksha Panwar",Sameer Saxena,7.3,#1a3a1a,128
1593,Jism 2,2012,"Drama, Romance, Thriller","Izna, a porn star, is tasked by an Indian Intelligence Agency to seduce her ex-boyfriend Kabir, a dreaded assassin, in order to steal vital information relating to his sleeper cell contacts.","Randeep Hooda, Arunoday Singh, Arif Zakaria, Sunny Leone",Pooja Bhatt,8.2,#1a1a2e,154
1594,Three of Us,2022,Drama,"A delicate thread of emotions about love, loss, healing, awareness and liberation.","Shefali Shah, Jaideep Ahlawat, Swanand Kirkire, Kadambari Kadam",Avinash Arun,7.3,#2a2a1a,111
1595,Bhootnath,2008,"Comedy, Drama, Family","Moving into a new house, a family witnesses an unfriendly ghost who wants to drive them away from the house. However, he befriends a little boy who changes his outlook forever.","Amitabh Bachchan, Juhi Chawla, Satish Shah, Rajpal Naurang Yadav",Vivek Sharma,6.0,#1a3a1a,143
1596,Ascharyachakit!,2018,"Drama, Romance","Desire and greed intertwines the lives of a Bollywood star, his chauffeur, a prostitute and her pimp in an unlikely love story.","Priyanka Bose, Vaibhav Raj Gupta, Ankit Raj, Anangsha Biswas",Samit Kakkad,8.1,#4a4a1a,117
1597,Chillar Party,2011,"Comedy, Drama, Family",A gang of innocent but feisty kids who lead carefree lives in Chandan Nagar colony takes on the big bad world of politics when one of their friend's life is endangered.,"Irfan Khan, Abhinay Raj Singh, Sanath Menon, Rohan Grover","Vikas Bahl, Nitesh Tiwari",8.4,#3a4a1a,162
1598,Chakda Xpress,2023,"Biography, Drama, Sport",It is inspired by the journey of Jhulan Goswami as she moves up the ladder despite the problems created by misogynistic politics to fulfill her dream of playing cricket for India,"Anushka Sharma, Anshul Chauhan, Dibyendu Bhattacharya, Nishu Dikshit",Prosit Roy,8.6,#0f3460,137
1599,I Hate Luv Storys,2010,"Comedy, Drama, Romance","Jay doesn't believe in love Stories, and Simran, is a girl who's in love with the idea of Love itself.","Imran Khan, Sonam Kapoor, Sammir Dattani, Samir Soni",Punit Malhotra,7.1,#16213e,115
1600,Wazir,2016,"Action, Crime, Drama",A grief-stricken cop and an amputee grandmaster are brought together by a peculiar twist of fate as part of a wider conspiracy that has darkened their lives.,"Amitabh Bachchan, Farhan Akhtar, Aditi Rao Hydari, John Abraham",Bejoy Nambiar,8.8,#1a1a2e,116
1601,Singh Is Kinng,2008,"Action, Comedy, Crime","A comic caper about Happy Singh, a Punjabi villager who goes through a series of misadventures and eventually becomes the King of the Australian underworld.","Akshay Kumar, Katrina Kaif, Om Puri, Kirron Kher",Anees Bazmee,8.1,#1a1a2e,138
1602,Holiday,2014,"Action, Crime, Thriller","A military officer attempts to hunt down a terrorist, destroy a terrorist gang and deactivate the sleeper cells under its command.","Akshay Kumar, Sonakshi Sinha, Freddy Daruwala, Sumeet Raghavan",A.R. Murugadoss,8.0,#4a1a4a,155
1603,#Home,2021,Drama,"Oliver Twist (Indrans) wants to be tech-savvy and become a better companion to his two sons, who spend more time on their phones than with their loved ones.","Indrans, Sreenath Bhasi, Manju Pillai, Naslen",Rojin Thomas,7.7,#4a1a1a,156
1604,Attack,2022,"Action, Sci-Fi, Thriller",Witness the rise of an army soldier as he realizes his destiny and comes to terms to becoming India's first super soldier created to combat terrorists as he fights his inner demons and outer enemies.With lots of action,"John Abraham, Jacqueline Fernandez, Rakul Preet Singh, Prakash Raj",Lakshya Raj Anand,7.2,#3a2a1a,132
1605,Janhit Mein Jaari,2022,"Comedy, Drama, Romance","The story of a young girl, a crusader who takes up a challenging job selling condoms in a small town in MP, India.","Nushrratt Bharuccha, Vijay Raaz, Alok Nath Pathak, Tinnu Anand",Jai Basantu Singh,8.1,#3a4a1a,124
1606,Khiladiyon Ka Khiladi,1996,"Action, Crime, Drama",A man (Akshay Kumar) searches for his missing brother (Inder Kumar) who is also wanted by the police.,"Akshay Kumar, Rekha, Raveena Tandon, Deven Verma",Umesh Mehra,7.8,#1a2a1a,164
1607,Vinaya Vidheya Rama,2019,"Action, Drama","When the happiness of his family is held to ransom by a violent crime lord, Ram sets out on a quest to destroy his nemesis and his criminal empire.","Ram Charan, Vivek Oberoi, Kiara Advani, Mahesh Manjrekar",Boyapati Srinu,7.8,#1a3a1a,127
1608,Hate Story IV,2018,"Crime, Drama, Thriller","Aryan and Rajveer, sons of a wealthy businessman, Vikram Khurana, fall in love with the same woman, Tasha. Not only do they commit a deed they cannot undo but also end up as targets in a revenge plan.","Urvashi Rautela, Gulshan Grover, Lee Byford, Komal Chhabria",Vishal Pandya,6.9,#4a1a1a,148
1609,Rocky Handsome,2016,"Action, Crime, Drama",A reclusive pawn shop owner sets his sights on revenge when vicious gangsters kidnap his drug-addicted neighbor's young daughter.,"John Abraham, Nishikant Kamat, Sharad Kelkar, Teddy Maurya",Nishikant Kamat,8.5,#4a1a1a,132
1610,Dhamaal,2007,"Action, Adventure, Comedy","Four lazy slacker conmen buddies who are jobless, homeless and broke learn about the secret of a hidden treasure from a dying thief and later embark on a race against time to find the mobster's buried treasure and claim it while being pursued by a determined police inspector who is hellbent to get the treasure all by himself.","Sanjay Dutt, Riteish Deshmukh, Arshad Warsi, Jaaved Jaaferi",Indra Kumar,8.0,#4a4a1a,140
1611,Pyaar Ka Punchnama 2,2015,"Comedy, Drama, Romance","After falling in love, three roommates experience changes in their lives.","Kartik Aaryan, Omkar Kapoor, Sunny Singh, Nushrratt Bharuccha",Luv Ranjan,8.3,#1a1a2e,141
1612,Untitled Blumhouse Productions Film,2024,Drama,Add a Plot,"Kartik Aaryan, Omkar Kapoor, Sunny Singh, Nushrratt Bharuccha",Luv Ranjan,8.5,#e94560,110
1613,Chachi 420,1997,"Comedy, Drama, Family",Desperation to be with his only child forces a divorced man to take the guise of the child's nanny. Situations get really messy when the child's grandfather (the man's ex-father-in-law) falls in love with his disguised ex-son-in-law.,"Kamal Haasan, Amrish Puri, Om Puri, Tabu",Kamal Haasan,6.9,#1a2a1a,128
1614,Chalte Chalte,2003,"Drama, Romance",A man pursues a woman who is already engaged and eventually gets married to her. Differences between the two lead to a bitter separation that threatens to destroy their relationship forever.,"Shah Rukh Khan, Rani Mukerji, Jas Arora, Satish Shah",Aziz Mirza,7.8,#2d4a22,147
1615,Sanam Teri Kasam,2016,"Drama, Musical, Romance","After being disowned by her family, an awkward librarian relies on the help of her brooding neighbour.","Harshvardhan Rane, Mawra Hocane, Vijay Raaz, Murli Sharma","Radhika Rao, Vinay Sapru",8.4,#e94560,114
1616,Bunty Aur Babli,2005,"Comedy, Crime, Drama","A small-town pair become the legendary Bunty and Babli, turning the world on its head caper after caper--until they meet a very upset police officer.","Abhishek Bachchan, Rani Mukerji, Amitabh Bachchan, Kiran Juneja",Shaad Ali,6.0,#4a1a1a,144
1617,Agent Vinod,2012,"Action, Adventure, Thriller",A series of seemingly unconnected events across the world leads to Agent Vinod undertaking a globe-trotting mission to discover why his colleague was murdered.,"Kareena Kapoor, Saif Ali Khan, Adil Hussain, Ram Kapoor",Sriram Raghavan,8.4,#1a1a3a,159
1618,Airlift,2016,"Action, Drama, History","When Iraq invades Kuwait in August 1990, a callous Indian businessman becomes the spokesperson for more than 170,000 stranded countrymen.","Akshay Kumar, Nimrat Kaur, Kumud Mishra, Prakash Belawadi",Raja Menon,5.9,#1a2a1a,142
1619,Judwaa 2,2017,"Action, Comedy",Prem and Raja are twin brothers who are seperated at birth but are uniquely connected to eachother via their reflexes. They reunite as adults and set out to take down the underground smuggling world.,"Varun Dhawan, Jacqueline Fernandez, Taapsee Pannu, Anupam Kher",David Dhawan,6.8,#1a3a1a,114
1620,Untitled Aamir khan/Rajkumar Hirani movie,2000,Biography,Add a Plot,Aamir Khan,Rajkumar Hirani,6.1,#3a4a1a,145
1621,Paanch,2003,"Crime, Thriller",Kidnapping plot gone wrong when four friends plans to kidnap their own friend who accidentally got killed.,"Kay Kay Menon, Aditya Srivastav, Joy Fernandes, Vijay Maurya",Anurag Kashyap,6.4,#1a1a3a,153
1622,Rowdy Rathore,2012,"Action, Comedy, Crime","A con man uncovers a deadly secret and must save his lady love, the small-town locals and the little girl who insists she's his daughter, from the mob.","Akshay Kumar, Sonakshi Sinha, Nassar, Yashpal Sharma",Prabhu Deva,7.1,#4a1a4a,119
1623,Sanak,2021,"Action, Thriller","Sanak is an action-thriller film, summarizing the emotion and journey of a lone hero, who fights overwhelming odds in a restricted environment, to save his wife and other unfortunates, helpless hostages, from the perils of evil.","Vidyut Jammwal, Neha Dhupia, Rukmini Maitra, Chandan Roy Sanyal",Kanishk Varma,6.6,#0f3460,164
1624,Visfot,2023,"Crime, Thriller","Worli, Mumbai. Two families. One has recently moved into one of the high-rises of Lower Parel, what was once known as the Cotton Mill district. The other lives a crammed life in a slum, ...                See full summary »","Riddhi Dogra, Priya Bapat, Riteish Deshmukh, Fardeen Khan",Kookie Gulati,6.8,#3a2a1a,126
1625,Skater Girl,2021,"Drama, Family, Sport","When a teen in rural India discovers a life-changing passion for skateboarding, she faces a rough road as she follows her dream to compete.","Waheeda Rehman, Amy Maghera, Sahidur Rahaman, Jonathan Readwin",Manjari Makijany,8.1,#1a3a1a,119
1626,Raincoat,2004,"Drama, Romance","All he wanted was to see her just once. Manu was from a village in the backwoods. Neeru was the girl next door, his lost love.","Ajay Devgn, Aishwarya Rai Bachchan, Annu Kapoor, Mouli Ganguly",Rituparno Ghosh,7.8,#1a1a2e,143
1627,Murder,2004,"Drama, Romance, Thriller","Unhappy with her marriage with workaholic man, a woman finds solace in her lover and starts a steamy affair. But this fills her with guilt and leaves him, but he is determined to get her - at any cost.","Mallika Sherawat, Ashmit Patel, Emraan Hashmi, Kashmira Shah",Anurag Basu,7.1,#2a2a1a,128
1628,Mujhse Dosti Karoge!,2002,"Comedy, Drama, Family","Meet Raj, Pooja and Tina - 3 best friends thrown into a situation that time, letters, love and separation have created for them.","Hrithik Roshan, Kareena Kapoor, Rani Mukerji, Uday Chopra",Kunal Kohli,8.2,#1a3a4a,140
1629,Veerappan,2016,"Action, Biography, Crime","Officer Kannan leads a group of police officers to track down the bandit, Veerappan.","Sachiin Joshi, Sandeep Bharadwaj, Usha Jadhav, Nissar Khan",Ram Gopal Varma,7.2,#2d4a22,156
1630,Madly,2016,"Drama, Romance",A global anthology film featuring innovative love stories from the some of the world's most visionary directors.,"Radhika Apte, Kathryn Beck, Justina Bustos, Zoë Castle","Bat for Lashes, Gael García Bernal, Anurag Kashyap, Sebastián Silva, Sion Sono, Mia Wasikowska",7.9,#1a2a1a,143
1631,One Friday Night,2023,"Crime, Drama","Revolves around one stormy night, in an isolated villa a top a secluded hill.","Vidhi Chitalia, Hemant K Gaur, Ambrish Saxena, Milind Soman",Manish Gupta,6.0,#1a4a1a,118
1632,Khuda Haafiz,2020,"Action, Crime, Drama",A newly married couple's life falls in jeopardy when the wife goes missing under mysterious circumstances.,"Vidyut Jammwal, Shivaleeka Oberoi, Annu Kapoor, Aahana Kumra",Faruk Kabir,6.6,#4a1a4a,142
1633,Mohenjo Daro,2016,"Action, Adventure, Drama","In 2016 BC, a kind farmer leads an uprising in the city of Mohenjo Daro.","Hrithik Roshan, Pooja Hegde, Kabir Bedi, Arunoday Singh",Ashutosh Gowariker,6.6,#0f3460,165
1634,Atrangi Re,2021,"Comedy, Drama, Fantasy","A Tamil boy meets a girl from Bihar, what follows is a love story for the ages. A non-linear narrative of two romances running in parallel from different timelines.","Dhanush, Sara Ali Khan, Akshay Kumar, Seema Biswas",Aanand L. Rai,6.9,#16213e,164
1635,Aakrosh,2010,"Action, Crime, Drama","The Central Bureau of Investigation deputes two officers to investigate the disappearance of three medical students, which they believe to be an incident of 'honour killing' in a small, closed community.","Ajay Devgn, Akshaye Khanna, Bipasha Basu, Paresh Rawal",Priyadarshan,7.4,#4a3a1a,118
1636,Yes Boss,1997,"Comedy, Drama, Musical","Rahul Joshi wants to be a successful businessman so he works hard for his boss Siddharth. One day Rahul meets Seema, an up and coming model, and he feels like he's finally met his match. Will Seema fall for Rahul?","Shah Rukh Khan, Juhi Chawla, Aditya Pancholi, Kashmira Shah",Aziz Mirza,6.7,#4a3a1a,124
1637,Chhapaak,2020,"Biography, Drama","The trials and triumphs of Malti, an acid attack survivor. From the investigation of the attack to the court proceedings, the medical treatment to the emotional healing. Chhapaak is the story of the unquashable human spirit.","Deepika Padukone, Vikrant Massey, Madhurjeet Sarghi, Payal Nair",Meghna Gulzar,8.1,#2a2a1a,165
1638,Anjaana Anjaani,2010,"Comedy, Drama, Musical","After numerous attempts at suicide fail, a couple decides to live it up, then kill themselves on New Year's Day.","Priyanka Chopra Jonas, Ranbir Kapoor, Aubrey K. Miller, Carl Marino",Siddharth Anand,6.8,#4a3a1a,122
1639,No One Killed Jessica,2011,"Biography, Crime, Drama","A journalist, who is more of an activist teams up with the sister of a murdered model, as she gets interested in the case and wants to bring justice to her case.","Rani Mukerji, Vidya Balan, Myra Karn, Neil Bhoopalam",Raj Kumar Gupta,8.1,#1a1a1a,152
1640,Gurgaon,2017,"Crime, Thriller",Based on true event this story revolves around kidnapping of Preeto which family has come to know from midnight call. The tales revolves as to how they family will be able to track Preeto..,"Akshay Oberoi, Pankaj Tripathi, Aamir Bashir, Ragini Khanna",Shanker Raman,6.6,#e94560,156
1641,Lift,2021,"Drama, Horror, Mystery",A usual working day turns unusual for Guru and Harini when they get trapped in their haunted office. A patterned game unlocks a mystery and a lift is their only way out.,"Kavin, Amritha Aiyer, Kiran Konda, Gayathri Reddy",Vineeth,7.7,#16213e,142
1642,D-Day,2013,"Action, Thriller",A team of experts dispatched to bring in The Most Wanted Man in India almost achieve the unthinkable ... until something goes horribly wrong.,"Irrfan Khan, Rishi Kapoor, Arjun Rampal, Shruti Haasan",Nikkhil Advani,7.1,#1a3a4a,115
1643,Khuda Haafiz Chapter II: Agni Pariksha,2022,"Action, Crime, Drama","Sameer and Nargis, after overcoming all odds, find a ray of sunshine when little Nandini enters their lives and their family is complete; But their happiness is short-lived. In a bizarre twist of fate, Nandini goes missing.","Vidyut Jammwal, Shivaleeka Oberoi, Dibyendu Bhattacharya, Sheeba Chaddha",Faruk Kabir,6.2,#533483,111
1644,UI,2000,Drama,Add a Plot,"Sunny Leone, Upendra, Murli Sharma, P. Ravi Shankar",Upendra,6.5,#2d4a22,114
1645,Mr. India,1987,"Action, Comedy, Drama","A poor but big-hearted man takes orphans into his home. After discovering his scientist father's invisibility device, he rises to the occasion and fights to save his children and all of India from the clutches of a megalomaniac.","Anil Kapoor, Sridevi, Amrish Puri, Satish Kaushik",Shekhar Kapur,7.8,#3a4a1a,136
1646,The Body,2019,"Mystery, Thriller","When the body of a powerful businesswoman disappears from the morgue, the inspector in charge hunts for the truth. But when he questions her husband he realizes that there is much more to the case than meets the eye.","Emraan Hashmi, Rishi Kapoor, Sobhita Dhulipala, Vedhika",Jeethu Joseph,6.8,#1a2a1a,136
1647,Mukkabaaz,2017,"Action, Drama, Sport",A boxer struggles to make his mark in the boxing world.,"Vineet Kumar Singh, Jimmy Shergill, Zoya Hussain, Ravi Kishan",Anurag Kashyap,7.9,#1a2a1a,164
1648,Kaagaz Ke Phool,1959,"Drama, Romance","Suresh Sinha, a famous director, discovers star potential in Shanti, a woman he stumbled into one rainy evening, and casts her as the lead in a film. In a twist of fate, Shanti becomes a superstar and Suresh faces a decline in his career.","Waheeda Rehman, Guru Dutt, Kumari Naaz, Johnny Walker",Guru Dutt,8.1,#1a4a1a,126
1649,Shahenshah,1988,"Action, Adventure","Vijay who is a corrupt officer by day, turns a vigilante by night in order to make the city crime free.","Amitabh Bachchan, Meenakshi Sheshadri, Aruna Irani, Rohini Hattangadi",Tinnu Anand,8.4,#4a3a1a,122
1650,Gali Guleiyan,2017,"Drama, Thriller",The film is a psychological drama about a man who is trapped within the city walls and in his own mind. He attempts to break free to find a human connection.,"Manoj Bajpayee, Ranvir Shorey, Neeraj Kabi, Shahana Goswami",Dipesh Jain,7.5,#4a4a1a,158
1651,Phir Hera Pheri,2006,"Comedy, Crime","Baburao, Raju and Shyam are living happily after having risen from rags to riches. Still, money brings the joy of riches and with it the greed to make more money. And so, with a don as an unknowing investor, Raju initiates a new game.","Akshay Kumar, Suniel Shetty, Paresh Rawal, Bipasha Basu",Neeraj Vora,6.5,#4a1a1a,134
1652,Zwigato,2022,Drama,"A man works as a food delivery rider, grappling with the world of ratings and incentives. To support the income, his homemaker wife begins to explore different work opportunities, with fear but also excitement of a new found independence.","Kapil Sharma, Shahana Goswami, Tushar Acharya, Zishan Ali",Nandita Das,8.3,#533483,118
1653,Hindi Medium,2017,"Comedy, Drama",A couple from Chandni Chowk aspire to give their daughter the best education and thus be a part of and accepted by the elite of Delhi.,"Irrfan Khan, Saba Qamar, Dishita Sehgal, Deepak Dobriyal",Saket Chaudhary,7.7,#16213e,117
1654,1920,2008,"Horror, Mystery, Romance","After forsaking his family and religion, a husband finds his wife is demoniacally possessed.","Rajneesh Duggal, Adah Sharma, Anjori Alagh, Raj Zutshi",Vikram Bhatt,7.8,#0f3460,153
1655,Love Aaj Kal,2020,"Drama, Romance","When professional ambitions clash with personal feelings for a modern-day couple, a love story from a bygone era may offer some wisdom.","Kartik Aaryan, Sara Ali Khan, Randeep Hooda, Sonu Saini",Imtiaz Ali,6.4,#1a3a4a,118
1656,Bheeshma,2020,"Action, Comedy, Romance","Bheeshma is a young bachelor who is desperate to find a girlfriend. One day, he meets and falls in love with Chaitra, who works for an organics company that coincidentally carries his first name.","Nithiin, Rashmika Mandanna, Anant Nag, Jisshu Sengupta",Venky Kudumula,8.4,#1a4a1a,122
1657,Chopsticks,2019,"Comedy, Drama",A gifted but insecure woman is in for a transformative experience when she enlists an enigmatic con to help recover her stolen car from a Mumbai thug.,"Abhay Deol, Mithila Palkar, Vijay Raaz, Achint Kaur",Sachin Yardi,8.2,#3a2a1a,130
1658,Pagglait,2021,"Comedy, Drama","Widowed soon after marriage, a young woman grapples with an inability to grieve, quirky relatives, and a startling discovery about her late husband.","Sanya Malhotra, Sayani Gupta, Sheeba Chaddha, Ashutosh Rana",Umesh Bist,6.7,#4a3a1a,158
1659,Heroine,2012,Drama,A female superstar struggles through the trials and tribulations of being a Bollywood actress.,"Kareena Kapoor, Arjun Rampal, Randeep Hooda, Shahana Goswami",Madhur Bhandarkar,8.5,#1a2a1a,126
1660,Shanghai,2012,"Crime, Drama, Mystery",Prime leader of a campaign against a big government project is killed in what appears to be a road accident. An IAS officer is ordered to probe the incident and the veils of falsehood begin to drop.,"Abhay Deol, Emraan Hashmi, Kalki Koechlin, Prasenjit Chatterjee",Dibakar Banerjee,6.2,#1a1a2e,160
1661,Naam Shabana,2017,"Action, Drama, Thriller","This Spin-off from Baby (2015) provides the back-story of intelligence agent Shabana, and chronicles how she becomes a spy.","Taapsee Pannu, Akshay Kumar, Manoj Bajpayee, Taher Shabbir",Shivam Nair,6.4,#4a1a1a,117
1662,Singh Is Bliing,2015,"Action, Comedy, Romance",A lazy youth failing to take up any responsibility is sent to work with his father's friend in Goa where he meets a woman who has problems of her own.,"Akshay Kumar, Amy Jackson, Lara Dutta, Kay Kay Menon",Prabhu Deva,5.9,#0f3460,137
1663,Beautiful,2000,Drama,"Beautiful is about ""Can a man take it , if his woman becomes more successful than him?"" It's not about professional jealousy like Abhimaan and Aashiqui 2 but it's about Male pride It's a ...                See full summary »","Raknil Avro, K K Binojee, Erixnil, Naina Ganguly",Agasthya Manju,7.9,#2d4a22,148
1664,Filmistaan,2012,Comedy,"In Mumbai, affable Bollywood buff and wanna-be-actor Sunny, who works as an assistant director, fantasizes on becoming a heart-throb star. However, at every audition he is summarily thrown ...                See full summary »","Sharib Hashmi, Inaamulhaq, Kumud Mishra, Gopal Datt",Nitin Kakkar,5.8,#4a1a4a,153
1665,Hum Tumhare Hain Sanam,2002,"Comedy, Drama, Romance","Gopal's blissful married life with Radha blemishes when Radha gets obsessed with the career of her friend, Suraj, who is a singer. Ripped apart by jealousy, Gopal deserts Radha.","Shah Rukh Khan, Madhuri Dixit, Salman Khan, Atul Agnihotri","K.S. Adiyaman, Sanjay Singh",8.5,#4a1a4a,130
1666,Naseeb,1981,"Action, Musical, Romance",A lottery ticket changes the lives of four friends.,"Amitabh Bachchan, Shatrughan Sinha, Rishi Kapoor, Hema Malini",Manmohan Desai,7.1,#1a1a2e,111
1667,Akira,2016,"Action, Thriller","A gripping action thriller about a college girl Akira, who has grown up with the ideals of being self reliant. Her life spirals out of control when she becomes unwittingly involved in a crime involving four corrupt police officers.","Sonakshi Sinha, Anurag Kashyap, Konkona Sen Sharma, Nandu Madhav",A.R. Murugadoss,8.3,#e94560,128
1668,Sonchiriya,2019,"Action, Crime, Drama","Set in the Chambal valley, the film follows the story of a legion of dreaded, warring dacoits who once terrorized the Indian heartlands.","Sushant Singh Rajput, Bhumi Pednekar, Ashutosh Rana, Ranvir Shorey",Abhishek Chaubey,8.7,#533483,160
1669,The Other End of the Line,2007,"Comedy, Drama, Family",An employee at an Indian call-center travels to San Francisco to be with a guy she falls for over the phone.,"Jesse Metcalfe, Sara Foster, Anupam Kher, Austin Basis",James Dodson,6.5,#1a2a1a,131
1670,Kesari,2019,"Action, Drama, History","Based on an incredible true story of the Battle of Saragarhi in which an army of 21 Sikhs fought against 10,000 Afghans in 1897.","Akshay Kumar, Parineeti Chopra, Suvinder Vicky, Vansh Bhardwaj",Anurag Singh,6.0,#1a2a1a,135
1671,Jaane Bhi Do Yaaro,1983,"Comedy, Crime, Drama","Two friends, attempting to start-up their own photo studio, come across shady dealings, corruption and murder, and must fight to bring the guilty to light.","Naseeruddin Shah, Ravi Baswani, Bhakti Barve, Satish Shah",Kundan Shah,6.4,#1a3a1a,141
1672,Nympho: The Lust Story,2020,"Drama, Romance, Thriller",Nympho is a lust story of a girl called Rachael. She is a nymphomaniac. She is a sex addict. She is not a single man woman.,"Natasha Majhi, Mohnish Nawani, Vikhyat Swades, Pooja Jangid",Kumaar Aadarsh,6.5,#2a2a1a,137
1673,San' 75 (Pachattar),2022,Thriller,"In 1975, India was declared in a state of emergency. This movie tells a story of that year and how the first mobile phone arrived to India.","Pravessh Rana, Kay Kay Menon, Kirti Kulhari, Tom Alter",Navneet Behal,6.9,#533483,161
1674,Shootout at Wadala,2013,"Action, Biography, Crime","Based on the true story of the first-ever registered encounter by the Mumbai Police, which took place on November 1, 1982.","Anil Kapoor, John Abraham, Manoj Bajpayee, Tusshar Kapoor",Sanjay Gupta,6.0,#1a1a2e,114
1675,Murder 2,2011,"Action, Crime, Drama",An ex-cop is hired by a pimp to find missing call girls and the man responsible behind their abduction.,"Emraan Hashmi, Jacqueline Fernandez, Prashant Narayanan, Sulagna Panigrahi",Mohit Suri,8.4,#2d4a22,146
1676,Luck by Chance,2009,Drama,"When Vikram gets tapped to play the male lead in a Bollywood film, he can't believe his luck. But it may ruin his relationship with his girlfriend.","Farhan Akhtar, Konkona Sen Sharma, Rishi Kapoor, Dimple Kapadia",Zoya Akhtar,5.9,#16213e,162
1677,Kaho Naa... Pyaar Hai,2000,"Action, Musical, Romance",A young girl meets the doppelganger of her deceased boyfriend and now has a chance to find the people who have murdered him.,"Hrithik Roshan, Ameesha Patel, Anupam Kher, Dalip Tahil",Rakesh Roshan,6.1,#4a3a1a,118
1678,All the Best: Fun Begins,2009,"Action, Comedy, Drama",The unexpected arrival of his elder NRI brother and assorted characters complicates the life of a Goan male.,"Sanjay Dutt, Ajay Devgn, Fardeen Khan, Bipasha Basu",Rohit Shetty,8.2,#2a2a1a,111
1679,Band Baaja Baaraat,2010,"Comedy, Drama, Romance","Shruti and Bittoo become partners in their very own ""Wedding planning ka bijness"" in Delhi and in the process discover friendship, love and one another.","Ranveer Singh, Anushka Sharma, Ranjit Batra, Satender Bhardwaj",Maneesh Sharma,7.6,#2a2a1a,115
1680,Baazaar,2018,"Crime, Drama, Thriller","After moving to Mumbai, an ambitious young man becomes the stock trader for a notorious businessman.","Saif Ali Khan, Radhika Apte, Chitrangda Singh, Denzil Smith","Gauravv K. Chawla, Samuel Wilde",8.5,#1a3a1a,164
1681,Miss Teacher,2016,Romance,"Rose Dey is the new teacher at the university. She is very attractive and is a nymphomaniac. At the university, Rose meets Tanvesh and an affair begins.","Kamalika Chanda, Rahul Sharma, Resham Thakkar, Adi Irani",Jayprakkash Shaw,6.7,#4a1a1a,162
1682,Raaz,2002,"Drama, Horror, Musical","Sanjana and Aditya decide to give their marriage one last chance. They plan a holiday in Ooty, but they don't know that a strange figure is waiting for them to come.","Dino Morea, Bipasha Basu, Malini Sharma, Ashutosh Rana",Vikram Bhatt,8.0,#1a1a2e,155
1683,Nayak: The Real Hero,2001,"Action, Drama, Thriller","A man accepts a challenge by the chief minister of Maharashtra to run the state for one day, and makes such a success of it that soon he is embroiled in political intrigue.","Anil Kapoor, Rani Mukerji, Amrish Puri, Paresh Rawal",S. Shankar,6.0,#1a2a1a,127
1684,Race,2008,"Action, Crime, Drama",Destiny makes two brothers- Ranvir and Rajiv - enemies of each other. Everything is fair in love and war.,"Saif Ali Khan, Akshaye Khanna, Bipasha Basu, Katrina Kaif","Abbas Alibhai Burmawalla, Mastan Alibhai Burmawalla",5.9,#2d4a22,135
1685,Sergeant,2023,"Drama, Thriller","Sergeant suffers from severe depression after losing a limb on duty. After meeting Monica, he gains confidence and vows to reclaim his previous life by solving a critical case.","Tahirr Aashhraf, Daphne Alexander, Malcolm Davies, Sonia Goswami",Prawaal Raman,7.6,#0f3460,154
1686,Khosla Ka Ghosla!,2006,"Comedy, Crime, Drama",A Delhi-based retired middle-class man tries half-heartedly to get his land back from a swindling property dealer with the help of his sons and their friends.,"Anupam Kher, Boman Irani, Parvin Dabas, Tara Sharma","Dibakar Banerjee, Pravin E. Birje",6.7,#1a1a3a,128
1687,Siya,2022,"Crime, Drama","Siya, a 17-year-old rape survivor, decides to go against all odds and fight for justice after being held captive and repeatedly abused by a group of powerful men. Can she win against the perpetrators?","Stephen Alexander, Rudra Pratap Singh Chaudhary, Dev Chauhan, Madhvendra Jha",Manish Mundra,5.8,#3a4a1a,136
1688,Golmaal 3,2010,"Action, Comedy, Drama","In Goa, Pritam meets his love Geeta after many years. They decide to get married but the feud between their respective children creates tension in their marriage.","Mithun Chakraborty, Ajay Devgn, Kareena Kapoor, Tusshar Kapoor",Rohit Shetty,5.9,#1a4a1a,111
1689,Blackmail,2018,"Comedy, Thriller","When Dev finds out his wife is cheating on him, he secretly blackmails his wife and her lover as a form of revenge.","Irrfan Khan, Urmila Matondkar, Divya Dutta, Kirti Kulhari",Abhinay Deo,8.1,#4a4a1a,125
1690,Baadshaho,2017,"Action, Adventure, Thriller",An Indian queen asks her bodyguard to steal back gold taken from her by the Indian government during The Emergency period in 1975.,"Ajay Devgn, Ileana D'Cruz, Emraan Hashmi, Esha Gupta",Milan Luthria,5.8,#2d4a22,114
1691,Babli Bouncer,2022,"Comedy, Drama","A one-of-a-kind story of a female bouncer, the film follows Babli Bouncer (Tamannaah Bhatia). It explores the various facets of the profession, which is usually dominated by men.","Tamannaah Bhatia, Sahil Vaid, Karan Singh Chhabra, Abhishek Bajaj",Madhur Bhandarkar,7.6,#1a2a1a,124
1692,Midnight's Children,2012,Drama,A pair of children born within moments of India gaining independence from Britain grow up in the country that is nothing like their parents' generation.,"Rajat Kapoor, Vansh Bhardwaj, Anupam Kher, Neha Mahajan",Deepa Mehta,8.5,#533483,141
1693,Rahasya,2015,"Mystery, Thriller","A Doctor stands accused of killing his own eighteen-year old daughter. While this aggrieved father protests his innocence, all evidence points towards him irrefutably. While his own wife ...                See full summary »","Kay Kay Menon, Ashish Vidyarthi, Tisca Chopra, Mita Vashisht",Manish Gupta,6.9,#3a4a1a,131
1694,Love-All,2023,Sport,"It is the story of a father, a son, and a sport connecting their destinies. Talent lifts a man towards fame yet destiny had other ideas and challenges to chase passion against all odds.","Satyakam Anand, Sumit Arora, Raja Bundela, Robin Das",Sudhanshu Sharma,7.5,#1a1a3a,140
1695,Sarfarosh,1999,"Action, Crime, Drama","After his brother is killed and father severely injured by terrorists, a young med student quits his studies to join the Indian Police Service to wipe out the terrorists.","Naseeruddin Shah, Aamir Khan, Sonali Bendre, Mukesh Rishi",John Mathew Matthan,6.6,#1a1a3a,137
1696,Entertainment,2014,"Action, Comedy, Drama","Akhil, an underdog and a failure, comes to know that his real father is a rich diamond merchant who has just passed away. When he goes to retrieve his wealth, he learns that a dog has inherited it.","Akshay Kumar, Tamannaah Bhatia, Junior, Krishna Abhishek","Sajid, Farhad Samji",6.3,#1a1a1a,134
1697,Kanguva,2024,"Action, Drama, Fantasy",Add a Plot,"Suriya, Disha Patani, Yogi Babu, Bobby Deol",Siva,6.5,#4a1a4a,130
1698,Chehre,2021,"Drama, Mystery, Thriller","An 80-year-old man with a penchant for real life games in a story about rights and wrongs. It's a story about the decisions one makes in their lifetime and the fact that every decision has its repercussions, hearing and judgment.","Amitabh Bachchan, Emraan Hashmi, Krystle D'Souza, Annu Kapoor",Rumi Jaffery,6.4,#1a3a4a,139
1699,Good Luck Jerry,2022,"Comedy, Crime, Drama","The film is the official remake of Tamil movie Kolamaavu Kokila, which tells the story of an innocent girl who gets pulled into the notorious world of cocaine smuggling.","Janhvi Kapoor, Jaswant Dalal, Deepak Dobriyal, Mita Vashisht",Siddharth Sen,7.2,#1a4a1a,163
1700,Kaamyaab,2018,Drama,"Sudheer is an actor from the heyday of Bollywood. Years after his retirement, he realizes that he 'retired' on the verge of accomplishing a unique record. He decides to come out of his retirement to complete the round figure of 500.","Sanjay Mishra, Deepak Dobriyal, Sarika Singh, Isha Talwar",Hardik Mehta,7.8,#0f3460,115
1701,Madhoshi,2004,"Musical, Mystery, Drama",Anupama looses her sister and her husband in 9/11 twin tower attacks and goes in trauma.Three years later she appears to be normal but hasn't come out of the tragedy.Her parents want her to...                See full summary »,"Bipasha Basu, John Abraham, Priyanshu Chatterjee, Prakash Bharadwaj",Tanveer Khan,6.0,#3a2a1a,140
1702,Housefull,2010,"Comedy, Drama, Romance","Believing himself to be jinxed, a man attempts to find true love, but instead gets caught in a web of lies.","Akshay Kumar, Deepika Padukone, Riteish Deshmukh, Lara Dutta",Sajid Khan,7.1,#1a1a2e,128
1703,Mardaani 2,2019,"Action, Crime, Drama",A 21-year old boy Sunny has a penchant for sexually assaulting and killing girls. He's locked horns with top cop Shivani Shivaji Roy. Will she nab him?,"Rani Mukerji, Avneet Kaur, Sunny Hinduja, Shruti Bapna",Gopi Puthran,5.8,#533483,153
1704,Toolsidas Junior,2022,"Drama, Family, Sport","Watching his father lose the 1994 Club Snooker Championship, 13-year-old Midi takes on the impossible journey to bring his father's name on the Winner's Board.","Sanjay Dutt, Rajeev Kapoor, Varun Buddhadev, Ankur Vikal",Mridul Toolsidas,6.8,#1a4a1a,126
1705,Love Sonia,2018,Drama,"Inspired by real life events, Love Sonia is the story of a young girl's journey to rescue her sister from the dangerous world of international sex trafficking.","Abhishek Bharate, Riya Sisodiya, Mrunal Thakur, Adil Hussain",Tabrez Noorani,8.2,#1a3a1a,119
1706,Hate Story 3,2015,"Drama, Thriller",Siya appears to be the bone of contention between warring businessmen Aditya and Saurav. But this one runs deeper than your average love triangle.,"Sharman Joshi, Karan Singh Grover, Zareen Khan, Daisy Shah",Vishal Pandya,6.5,#3a4a1a,129
1707,Looop Lapeta,2022,"Action, Comedy, Crime","When her boyfriend loses a mobster's cash, Savi races against the clock to save the day if only she can break out of a curious cycle of dead ends.","Taapsee Pannu, Tahir Raj Bhasin, Dibyendu Bhattacharya, K.C. Shankar",Aakash Bhatia,8.7,#e94560,156
1708,Mumbai Saga,2021,"Action, Crime",The plot of the movie is set in the era of the 80s and 90s which were marked as a transformed period of Mumbai.,"John Abraham, Emraan Hashmi, Mahesh Manjrekar, Suniel Shetty",Sanjay Gupta,8.2,#533483,120
1709,Pardes,1997,"Drama, Musical, Romance","Kishorilal wants an Indian bride for his westernised son. He gets him engaged to Ganga, his friend's daughter, and brings her to USA. But she shares a deeper bond with Arjun, Kishorilal's foster son.","Shah Rukh Khan, Mahima Chaudhry, Amrish Puri, Apurva Agnihotri",Subhash Ghai,6.9,#3a4a1a,112
1710,Kaante,2002,"Action, Crime, Drama",Six bank robbers trying to pull off the perfect heist discover one of them is an undercover cop.,"Amitabh Bachchan, Sanjay Dutt, Suniel Shetty, Mahesh Manjrekar",Sanjay Gupta,7.4,#0f3460,123
1711,The Hungry,2017,Drama,"An adaptation of William Shakespeare's Titus Andronicus set in contemporary New Delhi. The Hungry is a contemporary retelling of Shakespearian tragedy Titus Andronicus, set in the ...                See full summary »","Naseeruddin Shah, Tisca Chopra, Neeraj Kabi, Antonio Aakeel",Bornila Chatterjee,7.7,#3a4a1a,165
1712,Kabzaa,2023,"Action, Crime, Thriller","In 1947 a Gandhi follower and a freedom fighter were brutally attacked. Due to unavoidable circumstances, the freedom fighter son gets trapped in the mafia world and the story revolves between 1942 to 1986.","Upendra, Sudeep, Shriya Saran, Shivarajkumar","R. Chandru, Shivu Hiremath, Soori",6.1,#0f3460,163
1713,Forensic,2022,"Crime, Thriller",A female police officer in the small hill town of Mussorie and a forensic expert are together on the trail of a serial killer.,"Radhika Apte, Vikrant Massey, Prachi Desai, Anant Mahadevan",Vishal Furia,6.9,#533483,113
1714,Shootout at Lokhandwala,2007,"Action, Crime, History","An account of the gangster Mahindra Dolas and his gang, which terrorized Mumbai City, and a massive war between Mumbai Police and gangs during 16 November 1991.","Amitabh Bachchan, Sanjay Dutt, Suniel Shetty, Arbaaz Khan",Apoorva Lakhia,6.4,#3a2a1a,145
1715,Double XL,2022,"Comedy, Drama",The journey of two plus-size women Rajshree Trivedi from Meerut and Saira Khanna from New Delhi as they navigate society's beauty standards.,"Sonakshi Sinha, Huma Qureshi, Zaheer Iqbal, Mahat Raghavendra",Satram Ramani,7.1,#4a3a1a,136
1716,Phone Bhoot,2022,"Comedy, Horror","A ghost reaches out to two bumbling ghostbusters for a business idea. However, their plans go downhill as the eerie ghost reveals her plan.","Katrina Kaif, Ishaan Khattar, Siddhant Chaturvedi, Jackie Shroff",Gurmmeet Singh,7.5,#3a4a1a,119
1717,Cadaver,2022,"Crime, Drama, Mystery",A high profile murder baffles the cops when a prison inmate claims responsibility and promises more deaths. Will the police surgeon Bhadra crack this mystery?,"Amala Paul, Riythvika Panneerselvam, Munishkanth, Harish Uthaman",Anoop Panicker,7.1,#1a3a4a,119
1718,Bombay Talkies,2013,Drama,One hundred years of Hindi cinema is celebrated in four short stories showcasing the power of film.,"Rani Mukerji, Randeep Hooda, Saqib Saleem, Nawazuddin Siddiqui","Zoya Akhtar, Dibakar Banerjee, Karan Johar, Anurag Kashyap",6.2,#4a3a1a,162
1719,Almost Pyaar with DJ Mohabbat,2022,"Drama, Musical, Romance","In London, a girl likes a boy, a little too much. And, in a parallel universe exists a boy that likes a girl. The two unrequited love stories, burdened by social status, caste and inequality are breathlessly, heading on towards each other.","Alaya F, Karan Mehta, Vicky Kaushal, Sapna Pabbi",Anurag Kashyap,6.6,#2d4a22,113
1720,Oh! Baby,2019,"Comedy, Drama, Fantasy",A 70-year-old woman is given a second chance to relive her youth when she turns into a 24-year-old girl.,"Samantha Ruth Prabhu, Lakshmi, Rajendra Prasad, Teja Sajja",B.V. Nandini Reddy,7.6,#3a4a1a,140
1721,Rashmi Rocket,2021,"Drama, Sport","A small-town girl overcomes all societal barriers to become a national-level athlete, but her glory is hindered when she is asked to undergo a gender test.","Taapsee Pannu, Priyanshu Painyuli, Abhishek Banerjee, Supriya Pathak",Akarsh Khurana,5.9,#1a1a2e,133
1722,Pyaar Kiya To Darna Kya,1998,"Action, Comedy, Drama","When Vishal does not agree of Suraj and Muskaan's relationship, Suraj decides to win Vishal's heart for marrying Muskaan.","Salman Khan, Kajol, Arbaaz Khan, Anjala Zaveri",Sohail Khan,6.3,#1a3a4a,136
1723,The Tashkent Files,2019,"Drama, Mystery, Thriller","Revolves around the mysterious death of India's 2nd Prime Minister Shri Lal Bahadur Shastri and attempts to uncover if he had actually died a natural death, or, as alleged, was assassinated.","Shweta Basu Prasad, Mithun Chakraborty, Naseeruddin Shah, Pankaj Tripathi",Vivek Agnihotri,6.2,#2a2a1a,116
1724,Mulk,2018,Drama,One family member tries to help her own family when they are trapped in a dark controversy.,"Taapsee Pannu, Rishi Kapoor, Neena Gupta, Ashutosh Rana",Anubhav Sinha,7.2,#4a1a1a,135
1725,Dabangg 2,2012,"Action, Comedy, Crime",Chulbul Pandey invites a fresh trouble when he kills the brother of a notorious politician and the former swears to wreak havoc in his life.,"Salman Khan, Sonakshi Sinha, Prakash Raj, Vinod Khanna",Arbaaz Khan,8.5,#1a2a1a,147
1726,Romeo Akbar Walter,2019,"Action, Drama, Thriller","Prior to the India-Pakistan war of 1971, an Indian banker is recruited by the Research and Analysis Wing for a covert operation deep inside Pakistan.","John Abraham, Mouni Roy, Jackie Shroff, Gyanendra Tripathi",Robbie Grewal,6.5,#4a3a1a,159
1727,DAMaN,2022,"Adventure, Drama","The film is set in 2015. Sid, is a young doctor who completed his MBBS has been posted to the cut-off area of Malkangiri district Odisha having 151 villages & infamous for Naxals dominance & no basic facilities. It's a real life tale of perseverance & dedication.","Karan Kandhapan, Babushan Mohanty, Dipanwit Dashmohapatra, Manaswani Takri","Lenka Debiprasad, Vishal Mourya",6.3,#4a1a4a,139
1728,Dil Bole Hadippa!,2009,"Comedy, Drama, Romance","In a village where girls don't play cricket, Veera puts on a turban and beard and becomes Veer to fulfill her dreams and meets Rohan. And fun begins.","Shahid Kapoor, Rani Mukerji, Anupam Kher, Dalip Tahil",Anurag Singh,7.0,#2d4a22,111
1729,Buddha in a Traffic Jam,2016,"Crime, Thriller","Vikram, a carefree management student, finds himself entangled in web of conspiracy, lies, and deceit when he launches a successful social media campaign to highlight the plight of the poor in India.","Anupam Kher, Anchal Dwivedi, Mahie Gill, Pallavi Joshi",Vivek Agnihotri,7.5,#2a2a1a,140
1730,The Purvanchal Files,2023,Action,A cop story of revenge and how he tries to purify the police system in Purvanchal .,"R . Siddharth, Shivani Thakur, Zarina Wahab, Govind Namdeo",Swarup Ghosh,6.5,#4a1a4a,119
1731,800,2023,"Biography, Sport",Biopic Of Legendary Sri Lankan Cricketer Muttiah Muralitharan.,"Nassar, Madhur Mittal, Narain, Mahima Nambiar",M.S. Sripathy,8.3,#1a1a3a,112
1732,Blind,2023,"Crime, Drama, Thriller","When a twist of fate leaves Gia blind, she must summon every ounce of courage to rebuild her life. But when she becomes the sole witness to a heinous crime, she unwittingly enters a deadly game of cat and mouse with a dangerous criminal.","Sonam Kapoor, Lucy Aarden, Danesh Razvi, Shubham Saraf",Shome Makhija,7.7,#1a1a2e,154
1733,Har Dil Jo Pyar Karega...,2000,"Comedy, Drama, Musical",Raj is a struggling singer with big dreams who is still waiting for his big break. One night he witnesses an accident where a car spins out of control and lands on the tracks of an ...                See full summary »,"Salman Khan, Preity G Zinta, Rani Mukerji, Rajeev Verma",Raj Kanwar,6.8,#1a2a1a,121
1734,Ankhon Dekhi,2013,"Comedy, Drama","After a distressing incident, a Delhi man vows to believe only what he can see, but his new ideals soon take his life in extreme directions.","Sanjay Mishra, Seema Pahwa, Rajat Kapoor, Taranjit Kaur",Rajat Kapoor,7.4,#4a1a4a,127
1735,Joram,2023,"Action, Adventure, Crime",It follows a father who is on the run with his little baby girl to escape the ghosts of his past and the forces that want him dead.,"Mohd. Zeeshan Ayyub, Manoj Bajpayee, Tannishtha Chatterjee, Rajshri Deshpande",Devashish Makhija,6.5,#1a2a1a,150
1736,Ardh,2022,"Drama, Romance","Shiva struggles to become a mainstream actor in Mumbai despite being a theatre actor. With the help of his wife Madhu, he disguises himself as a transgender and begs for money to survive.","Rajpal Naurang Yadav, Rubina Dilaik, Hiten Tejwani, Swastik Tiwari",Palash Muchal,7.6,#4a3a1a,156
1737,Khoobsurat,2014,"Comedy, Romance",A hopelessly romantic physiotherapist meets a handsome young Rajput prince who is the complete opposite of her and engaged to someone else.,"Sonam Kapoor, Fawad Khan, Ratna Pathak Shah, Kirron Kher",Shashanka Ghosh,8.3,#1a3a4a,119
1738,Bachchhan Paandey,2022,"Action, Comedy, Crime","When a struggling filmmaker and actor set out to make a biography on one of the most dreaded gangsters, they have little idea about just how crazy and dangerous it's going to be.","Akshay Kumar, Kriti Sanon, Jacqueline Fernandez, Pankaj Tripathi",Farhad Samji,8.2,#3a2a1a,127
1739,Border,1997,"Action, Drama, History","In 1971, along the border region of Longewala, a small battalion of Indian soldiers goes up against a large Pakistani strike force.","Sunny Deol, Suniel Shetty, Akshaye Khanna, Jackie Shroff",J.P. Dutta,7.1,#4a1a4a,116
1740,Hichki,2018,"Comedy, Drama","Suffering from Tourette Syndrome, Naina gets assigned a class of defiant students and must ensure that her students realise their potential.","Rani Mukerji, Naisha Khanna, Neeraj Kabi, Rohit Saraf",Malhotra P. Siddharth,6.6,#1a2a1a,115
1741,Rangoon,2017,"Action, Drama, History","Julia travels to the Indo-Burma border to perform for the troops during World War II on the insistence of her lover Billimoria, and ends up falling in love with a soldier there, Jemadar.","Kangana Ranaut, Shahid Kapoor, Saif Ali Khan, Manav Vij",Vishal Bhardwaj,7.1,#4a3a1a,150
1742,Ujda Chaman,2019,Comedy,Chaman Kohli is 30 -year-old bachelor with Premature Balding and in quest of a beautiful wife. Chaman hits rock bottom when an astrologer gives him a deadline to find himself a wife or remain a celibate forever.,"Sunny Singh, Maanvi Gagroo, Karishma Sharma, Gagan Arora",Abhishek Pathak,6.1,#3a2a1a,165
1743,Arth,1982,"Drama, Romance",A film-maker who is having an extra-marital affair with an actress decides to leave his wife. Arth is the story of this women's search for her identity.,"Shabana Azmi, Kulbhushan Kharbanda, Smita Patil, Raj Kiran",Mahesh Bhatt,7.6,#4a1a4a,133
1744,Mohra,1994,"Action, Drama, Thriller","A journalist comes to the aid of a murderer with a life sentence when she makes an appeal in court and although he is given his freedom, they soon discover that there is a grim reason behind his release.","Akshay Kumar, Suniel Shetty, Raveena Tandon, Naseeruddin Shah",Rajiv Rai,6.7,#1a1a1a,158
1745,Untitled Soorarai Pottru remake,2024,"Action, Drama","Inspired by real-life events, follows the journey of a man as he sets out to make air travel more accessible and overcomes challenges of the highly capital-intensive aviation industry, with a unwavering determination.","Akshay Kumar, Radhika Madan, Paresh Rawal, R. Sarathkumar",Sudha Kongara,6.4,#1a4a1a,156
1746,Dishoom,2016,"Action, Adventure, Comedy","When India's top batsman goes missing in the Middle East, two mismatched cops must team up for a 36-hour manhunt before the cricket final.","John Abraham, Varun Dhawan, Jacqueline Fernandez, Akshaye Khanna",Rohit Dhawan,8.7,#1a4a1a,116
1747,Aankh Micholi,2023,"Comedy, Family",A family of misfits is trying to hide some secrets from the NRI suitor and his family as they want their daughter to get married to a well-to-do NRI guy. Then a series of comical twists and turns.,"Paresh Rawal, Sharman Joshi, Abhimanyu Dasani, Mrunal Thakur",Umesh Shukla,6.4,#1a2a1a,131
1748,Aashiq Banaya Aapne: Love Takes Over,2005,"Drama, Romance, Thriller","An introvert is unable to express his feelings to the girl he loves. His friend proposes to her and she accepts, but leaves him when she discovers he is a flirt; however, destiny has other plans.","Emraan Hashmi, Tanushree Dutta, Sonu Sood, Preeti Ganguli",Aditya Datt,6.3,#1a3a4a,162
1749,Golmaal Returns,2008,"Comedy, Crime, Mystery","A man is sandwiched between his over possessive wife and a police inspector, where he is suspected for adultery and murder.","Ajay Devgn, Kareena Kapoor, Arshad Warsi, Tusshar Kapoor",Rohit Shetty,7.0,#16213e,122
1750,Kaalakaandi,2018,"Comedy, Thriller","Focusing on life, death and karma, this dark comedy follows three parallel tracks - a man who discovers that he is a terminally ill, a woman seeking redemption and two goons with major trust issues.","Saif Ali Khan, Asif Basra, Neil Bhoopalam, Ankit Bisht",Akshat Verma,7.9,#3a4a1a,155
1751,Hanuman,2005,Animation,"This animated movie depicts Hanuman's life from birth. The narrator is actor Mukesh Khanna. The movie relays how Hanuman was born to Anjani a female Apsara and Kesari, by the blessings of Vayu-Dev, the Wind God.","Mukesh Khanna, Viraj, Mona Shetty, Sumeet Pathak","V.G. Samant, Milind Ukey",8.8,#1a1a3a,156
1752,Tariq,2023,"Action, Drama, Thriller",Plot under wraps.,"John Abraham, Rukmini Maitra, Gajala, Sujith Shanker",Arun Gopalan,7.8,#3a2a1a,163
1753,Maine Pyar Kiya,1989,"Drama, Musical, Romance","After Suman's father leaves her in the care of another family while he travels abroad, she falls in love with Prem. However, in order to for them to marry, Prem has to prove to Suman's father that he is not the same as his own dad.","Salman Khan, Bhagyashree Patwardhan, Alok Nath, Rajeev Verma",Sooraj R. Barjatya,7.1,#1a1a2e,147
1754,Court,2014,Drama,"When an aging activist is arrested, the lives of the accused, the lawyers, and the judge intertwine to reveal bigotry that underscores the judicial system.","Vira Sathidar, Vivek Gomber, Geetanjali Kulkarni, Pradeep Joshi",Chaitanya Tamhane,8.5,#1a2a1a,154
1755,Chhalaang,2020,"Comedy, Drama, Sport",Chhalaang is a hilarious yet inspiring journey by Montu.,"Rajkummar Rao, Nushrratt Bharuccha, Mohd. Zeeshan Ayyub, Saurabh Shukla",Hansal Mehta,8.5,#2a2a1a,134
1756,Street Dancer 3D,2020,"Drama, Music","Two rival dance groups from India and Pakistan who are always competing against each other, join forces when it comes to competing at an international dance competition.","Varun Dhawan, Shraddha Kapoor, Prabhu Deva, Nora Fatehi",Remo D'Souza,6.5,#3a4a1a,136
1757,Jhund,2022,"Biography, Drama, Sport","Based on the life of Vijay Barse, a retired sports teacher who founded an NGO called Slum Soccer. He managed to rehabilitate street kids by keeping them off drugs and crime by turning them into soccer players and building a whole team.","Amitabh Bachchan, Ankush Gedam, Babu Kshatriya, Jerico Robert",Nagraj Manjule,7.9,#3a2a1a,117
1758,U-Turn,2018,"Crime, Horror, Mystery","When a flyover in the city becomes the hotbed of accidents, a young reporter decides to investigate the issue. Her quest for an answer leads her into a web of intrigue, murder and mystery.","Samantha Ruth Prabhu, Aadhi, Bhoomika Chawla, Rahul Ravindran",Pawan Kumar,6.3,#2a2a1a,113
1759,Thalaivi,2021,"Biography, Drama",A biopic on the late Tamil Nadu Chief Minister J Jayalalithaa.,"Kangana Ranaut, Arvind Swami, Nassar, Samuthirakani",A.L. Vijay,8.5,#4a4a1a,145
1760,Hum Saath-Saath Hain,1999,"Drama, Musical","Ramkishen and Mamta have three sons Vivek , Prem and Vinod and a daughter Sangeeta. This family is part of a joint family whose close knit bond is challenged by a misunderstanding.","Mohnish Behl, Salman Khan, Saif Ali Khan, Tabu",Sooraj R. Barjatya,6.9,#1a1a2e,115
1761,Kedarnath,2018,"Drama, Romance","Mansoor, a reserved and reticent Pithoo, helps pilgrims make an arduous journey upwards to the temple town. His world turns around when he meets the beautiful and rebellious Mukku who draws him into a whirlwind of intense love.","Sushant Singh Rajput, Sara Ali Khan, Nitish Bharadwaj, Alka Amin",Abhishek Kapoor,6.0,#3a4a1a,150
1762,Raajneeti,2010,"Crime, Drama, Thriller","Samar, the son of a political family, has chosen to go to the USA to live with his girlfriend. However, the death of his father makes him put his plans on hold and enter the dirty world of politics.","Ajay Devgn, Ranbir Kapoor, Nana Patekar, Katrina Kaif",Prakash Jha,7.6,#1a1a2e,142
1763,Mission Mangal,2019,"Drama, History","Based on true events of the Indian Space Research Organisation (ISRO) successfully launching the Mars Orbiter Mission (Mangalyaan), making it the least expensive mission to Mars.","Akshay Kumar, Vidya Balan, Taapsee Pannu, Sonakshi Sinha",Jagan Shakti,6.2,#0f3460,133
1764,Maja Ma,2022,"Comedy, Drama","A rumor about Pallavi Patel, a quintessential, middle aged, devoted housewife who is famous for her dance and cooking, threatens to disrupt her middle-class family's ethos, on the eve of her son Tejas' engagement with a rich, NRI girl.","Madhuri Dixit, Ritwik Bhowmik, Barkha Singh, Gajraj Rao",Anand Tiwari,8.4,#16213e,135
1765,Paa,2009,"Comedy, Drama",A father tries to help his son cope with a rare condition that causes the young boy to age beyond his years.,"Amitabh Bachchan, Abhishek Bachchan, Vidya Balan, Paresh Rawal",R. Balki,7.8,#1a3a4a,159
1766,Maachis,1996,"Action, Crime, Drama","A realistic, hard-hitting portrayal of terrorism and youth in the Punjab after the 1984 riots.","Om Puri, Tabu, Chandrachur Singh, Kanwaljeet Singh",Gulzar,7.2,#1a1a2e,111
1767,Panipat,2019,"Action, Drama, History","The Great Betrayal is a War Epic set in 1761, when Sadashiv Rao Bhau Peshwa led the Maratha army to the north of India to repel the invading forces of Ahmad Shah Abdali, the King of Afghanistan.","Arjun Kapoor, Sanjay Dutt, Kriti Sanon, Mohnish Behl",Ashutosh Gowariker,7.4,#4a1a4a,152
1768,One 2 Ka 4,2001,"Action, Crime, Drama","When a cop's partner is killed in the line of duty, he assumed guardianship of his orphaned children while investigating the murder.","Shah Rukh Khan, Jackie Shroff, Juhi Chawla, Nirmal Pandey",Shashilal K. Nair,8.1,#4a3a1a,161
1769,Titli,2014,"Action, Crime, Drama","Titli, the youngest member of a car-jacking brotherhood wants to escape the family business. He and his wife form a pact to set free from their family roots. But is escape possible?","Shashank Arora, Ranvir Shorey, Shivani Raghuvanshi, Amit Sial",Kanu Behl,7.7,#3a4a1a,133
1770,Monsoon Shootout,2013,"Action, Crime, Drama","As heavy rains lash Mumbai, a cop on his first assignment faces a life altering decision when he must decide whether to shoot a suspect or not.","Vijay Varma, Nawazuddin Siddiqui, Neeraj Kabi, Geetanjali Thapa",Amit Kumar,8.3,#2a2a1a,145
1771,Jolly LLB,2013,"Comedy, Crime, Drama","Wanting to earn fame and fortune, a small time lawyer files a PIL for an infamous hit-and-run, and thus learns what it really is like to be a lawyer.","Arshad Warsi, Amrita Rao, Boman Irani, Saurabh Shukla",Subhash Kapoor,8.6,#3a4a1a,140
1772,Kaal,2005,"Adventure, Horror, Mystery","A tiger expert, his wife, two tourists and a village chief engage in a battle for survival against supernatural beasts within Jim Corbett National Wildlife Park.","Ajay Devgn, Vivek Oberoi, John Abraham, Lara Dutta",Soham Shah,7.2,#4a1a1a,134
1773,Hum Aapke Hain Koun..!,1994,"Comedy, Drama, Musical","Prem and Nisha meet and fall in love at the wedding of their elder siblings, but their plans to be together are put in jeopardy when Nisha's sister dies, leaving behind a baby.","Madhuri Dixit, Salman Khan, Mohnish Behl, Renuka Shahane",Sooraj R. Barjatya,7.2,#1a1a2e,133
1774,Kadvi Hawa,2017,Drama,"Story of a farmer and a bank recovery agent, whose lives are impacted by climate change. Both are willing to go to any length for the sake of their family. What does fate have in store for them?","Sanjay Mishra, Ranvir Shorey, Tillotama Shome, Bhupesh Singh",Nila Madhab Panda,6.9,#1a3a4a,125
1775,Daddy,2017,"Action, Biography, Crime","Spanning the 1970s and 1980s, this is the sensational true story of Arun Gawli, who grew up in Mumbai's impoverished Dagdi Chawl, to become a dreaded don, politician, and rival of India's most powerful crime boss, Dawood Ibrahim.","Arjun Rampal, Aishwarya Rajesh, Nishikant Kamat, Rajesh Shringarpure",Ashim Ahluwalia,6.8,#e94560,155
1776,36 China Town,2006,"Comedy, Mystery, Thriller","A wealthy casino owner is murdered in her mansion at 36, China Town and the investigating detective uncovers multiple suspects, all with independent motives to commit the crime.","Akshaye Khanna, Shahid Kapoor, Kareena Kapoor, Paresh Rawal","Abbas Alibhai Burmawalla, Mastan Alibhai Burmawalla",7.9,#533483,146
1777,Shool,1999,"Action, Crime, Drama","A tale of an honest cop set against the backdrop of the brutal, lawless system prevailing in the Indian state of Bihar, and the endless suffering he tolerates before all hell breaks loose.","Manoj Bajpayee, Raveena Tandon, Sayaji Shinde, Yashpal Sharma",Eeshwar Nivas,7.8,#1a1a1a,131
1778,Dharam Sankat Mein,2015,Comedy,"At the age of 55, a Hindu man discovers that he was born Muslim and adopted by a Hindu family.","Naseeruddin Shah, Paresh Rawal, Annu Kapoor, Gagan Gupta",Fuwad Khan,6.1,#1a3a1a,119
1779,Class of 83,2020,"Action, Crime, Drama",The story of an upright policeman-turned-trainer whose wards deal with various complexities.,"Bobby Deol, Anup Soni, Joy Sengupta, Hitesh Bhojraj",Atul Sabharwal,7.2,#4a4a1a,126
1780,Sheran Di Kaum Punjabi,2024,"Action, Adventure, Drama",Add a Plot,"Sanjay Dutt, Gippy Grewal, Harpreet Kaler, Ravi Dehru",Gippy Grewal,8.5,#4a1a4a,113
1781,Brothers,2015,"Action, Drama, Sport","After living many years together, two brothers discover that they are not blood related so square off in a mixed martial arts tournament to determine whose blood is stronger.","Akshay Kumar, Sidharth Malhotra, Jackie Shroff, Jacqueline Fernandez",Karan Malhotra,7.4,#3a2a1a,151
1782,Deewangee,2002,"Crime, Drama, Mystery",A lawyer tried to defend a person accused of murder who is diagnosed with Split personality disorder.,"Ajay Devgn, Akshaye Khanna, Urmila Matondkar, Farida Jalal",Anees Bazmee,6.1,#1a1a2e,138
1783,Madaari,2016,"Drama, Thriller","When Nirmal loses his family in a disaster caused by government corruption, he embarks on a journey seeking accountability and revenge.","Irrfan Khan, Jimmy Shergill, Vishesh Bansal, Tushar Dalvi",Nishikant Kamat,8.4,#4a1a1a,135
1784,Bawarchi,1972,"Comedy, Musical, Drama",A dysfunctional middle-class family is transformed due to the influence of their new multi-talented household servant - but he might be too good to be true.,"Rajesh Khanna, Jaya Bachchan, Usha Kiran, Harindranath Chattopadhyay",Hrishikesh Mukherjee,7.4,#2a2a1a,122
1785,Breakaway,2011,"Comedy, Drama, Sport",An ethnic Canadian hockey player struggles against traditional family values and discrimination from mainstream hockey players.,"Vinay Virmani, Camilla Belle, Russell Peters, Rob Lowe",Robert Lieberman,7.7,#4a1a1a,146
1786,Mughal-E-Azam,1960,"Drama, Romance, War",A 16th century prince falls in love with a court dancer and battles with his emperor father.,"Prithviraj Kapoor, Madhubala, Dilip Kumar, Durga Khote",K. Asif,8.0,#e94560,141
1787,A Gentleman,2017,"Action, Comedy","Gaurav, a simple hard working guy for a white collar job visits Mumbai for a meeting where his doppelganger is about to bring chaos in his life.","Sidharth Malhotra, Jacqueline Fernandez, Darshan Kumaar, Hussain Dalal","Krishna D.K., Raj Nidimoru",6.8,#533483,122
1788,Rock On!!,2008,"Drama, Music",Four friends reunite to relive their moments of glory as a rock band.,"Arjun Rampal, Farhan Akhtar, Luke Kenny, Purab Kohli",Abhishek Kapoor,7.7,#0f3460,129
1789,Evil Eye,2020,"Horror, Mystery, Thriller",A superstitious mother is convinced that her daughter's new boyfriend is the reincarnation of a man who tried to kill her 30 years ago.,"Sarita Choudhury, Sunita Mani, Bernard White, Omar Maskati","Elan Dassani, Rajeev Dassani",7.2,#0f3460,112
1790,Margarita with a Straw,2014,Drama,"A rebellious young woman with cerebral palsy leaves her home in India to study in New York, unexpectedly falls in love, and embarks on an exhilarating journey of self-discovery.","Kalki Koechlin, Revathi, Sayani Gupta, Hussain Dalal","Shonali Bose, Nilesh Maniyar",6.2,#4a3a1a,145
1791,Rakshak India's Braves,2023,"Action, Biography","The bravery of Lieutenant Triveni Singh, a young soldier who gave his own life to protect over 300 people who were caught in the cross firing at the Jammu railway station in a terrorist attack in 2004.","Aayat, Jatin Ahuja, Ravi Aneja, Sanju Banerjee",Akshay Choubey,7.7,#4a4a1a,165
1792,The Diplomat,2024,"Drama, Thriller","Based on a story of an Indian diplomat who tries to repatriate an Indian girl from Pakistan, where she was presumably forced and deceived into marrying against her will.","Kumud Mishra, Sharib Hashmi, Amitoj Mann, John Abraham",Shivam Nair,7.5,#2d4a22,118
1793,Koyla,1997,"Action, Drama, Musical","A village girl agrees to a marriage to a king she has never met after he sends her a photograph of himself. But the man in the photograph is not the king but his most loyal slave, the handsome but mute Shankar.","Shah Rukh Khan, Madhuri Dixit, Amrish Puri, Ranjeet Bedi",Rakesh Roshan,6.4,#1a3a1a,125
1794,Trimurti,1995,"Action, Drama","After being framed, a policewoman languishing in prison hopes that her three sons will deliver justice and restore her honor.","Jackie Shroff, Anil Kapoor, Shah Rukh Khan, Priya Tendulkar",Mukul Anand,7.9,#2a2a1a,163
1795,Thappad,2020,Drama,Thappad is a story of Amrita whose seemingly perfect life is shattered when her husband slaps her once in a party. But is one slap enough to question what a relationship stands for?,"Taapsee Pannu, Pavail Gulati, Kumud Mishra, Ratna Pathak Shah",Anubhav Sinha,8.6,#2d4a22,145
1796,Nazar Andaaz,2022,"Comedy, Drama","Sudhir, blind by birth, lives alone with his housemaid Bhavani. While Bhavani is out, he takes in Ali to help around the house. Both Bhavani and Ali grow envious of each other. Nazar Andaaz is a comedic yet heartfelt story of these three.","Abhishek Banerjee, Divya Dutta, Namrata Kapoor, Kumud Mishra",Vikrant Deshmukh,8.4,#533483,149
1797,Gulabo Sitabo,2020,"Comedy, Drama","Two scheming men get caught up in a game of one upmanship, each one attracting other members to their clan and each one with an agenda of his own.","Amitabh Bachchan, Ayushmann Khurrana, Vijay Raaz, Brijendra Kala","Shoojit Sircar, Kuran Dhillon",8.4,#2d4a22,144
1798,Phobia,2016,"Drama, Mystery, Thriller","An agoraphobic young woman, traumatized by past events, finds herself trapped and terrorized in her own home.","Radhika Apte, Amrita Bagchi, Nivedita Bhattacharya, Yashaswini Dayama",Pavan Kirpalani,7.7,#2d4a22,159
1799,B.A. Pass 2,2017,Drama,"B. A. Pass 2 is the story of a young girl, who, in order to achieve her goals and to avoid marriage, makes a few wrong decisions and adopts ill habits that eventually ruin her life.","Kritika Sachdeva, Satiiysh Saarathy Sasho, Sanghmitra Hitaishi, Indraneil Sengupta","Shadab Khan, Shadab Khan",7.2,#1a4a1a,141
1800,Commando,2013,"Action, Adventure, Thriller","Karan, a disavowed Indian commando, helps protect a woman from a local thug who is hellbent on forcing her to marry him.","Vidyut Jammwal, Hsieh Chang Hai, Nelson Liao Sheng Hua, Ishita Vyas",Dilip Ghosh,8.1,#4a1a4a,141
1801,Khal Nayak,1993,"Action, Adventure, Crime",A prison guard goes undercover as a dancer to try and recapture an escaped criminal and restore her police inspector boyfriend's reputation.,"Sanjay Dutt, Madhuri Dixit, Jackie Shroff, Rakhee Gulzar",Subhash Ghai,7.4,#533483,111
1802,Dhan Dhana Dhan Goal,2007,"Drama, Sport, Thriller","Jaidev and Kavita Bhasin live a middle-classed lifestyle in Southall, England, along with their son, Sunny. During the mid-80s Jaidev was a huge fan of the all-Asian Southall Football Club,...                See full summary »","John Abraham, Arshad Warsi, Bipasha Basu, Boman Irani",Vivek Agnihotri,6.2,#0f3460,164
1803,Chocolate: Deep Dark Secrets,2005,"Crime, Drama, Mystery",Five Indians living in London find themselves thrown together when two of them are implicated for a bomb blast. An Indian lawyer enters the scene to bail them out of their predicament.,"Anil Kapoor, Suniel Shetty, Arshad Warsi, Emraan Hashmi",Vivek Agnihotri,7.8,#1a3a1a,160
1804,Dolly Kitty Aur Woh Chamakte Sitare,2019,"Comedy, Drama","A disillusioned Delhi wife and her new-in-town cousin navigate damning secrets, dreams and their thorny dynamic on their respective roads to freedom.","Konkona Sen Sharma, Bhumi Pednekar, Amol Parashar, Kubbra Sait",Alankrita Shrivastava,8.4,#2d4a22,165
1805,Badrinath Ki Dulhania,2017,"Comedy, Drama, Romance",Badrinath is looking for a typical bride; Vaidehi is looking for an independent life. Together they must break with tradition and redefine their role.,"Varun Dhawan, Alia Bhatt, Sahil Vaid, Swanand Kirkire",Shashank Khaitan,7.1,#1a2a1a,134
1806,Dial 100,2021,"Action, Thriller","One night, while working at the Mumbai Police Emergency Call Centre, police officer Nikhil Sood gets a call from a hysterical woman who wants to commit suicide. Even as he tries to save her...                See full summary »","Manoj Bajpayee, Neena Gupta, Sakshi Tanwar, Nandu Madhav",Renzil D'Silva,6.0,#3a4a1a,143
1807,Yalgaar,1992,"Action, Drama, Thriller",Childhood friends became enemies when one Mahendra Ashwini Kumar grows up to be Additional Police Commissioner and the other Raj Pratap Singhal becomes a smuggler. Mahendra have two sons ...                See full summary »,"Feroz Khan, Sanjay Dutt, Kabir Bedi, Manisha Koirala",Feroz Khan,6.4,#1a1a2e,121
1808,Kaun Pravin Tambe?,2022,"Biography, Drama, Sport","An indian cricketer who shows persistence and hardwork to achieve his ultimate goal of playing a Ranji Trophy. At the penultimate stage of the career at a age when it is believed people's career ends, he starts a new chapter of his life.","Shreyas Talpade, Gaurav Kamble, Arif Zakaria, Asif Ali",Jayprad Desai,7.5,#1a4a1a,133
1809,Toofaan,2021,"Action, Drama, Sport",The story of a boxer and the struggles he faces on his journey to get to the national level competition.,"Farhan Akhtar, Mrunal Thakur, Paresh Rawal, Mohan Agashe",Rakeysh Omprakash Mehra,7.3,#0f3460,153
1810,Besharam,2013,"Action, Comedy, Romance",A car thief falls in love with a woman whose car he has stolen.,"Ranbir Kapoor, Pallavi Sharda, Rishi Kapoor, Neetu Singh",Abhinav Kashyap,7.3,#4a3a1a,138
1811,India's Most Wanted,2019,"Action, Adventure, Thriller",A group of intelligence officers embark on a top secret mission to track down a wanted international criminal.,"Arjun Kapoor, Sudev Nair, Preet Bhullar, Rajesh Sharma",Raj Kumar Gupta,7.1,#1a2a1a,157
1812,Do Bigha Zamin,1953,Drama,"In the hope of earning enough money to pay off his debts and save his land, a poor farmer becomes a rickshaw puller in Calcutta and faces many difficulties.","Balraj Sahni, Nirupa Roy, Ratan Kumar, Murad",Bimal Roy,8.0,#1a1a3a,150
1813,Aamir,2008,"Action, Crime, Drama",A doctor of Indian origin returning to Mumbai from London is forced to participate in a terrorist plot.,"Rajeev Khandelwal, Mukesh Agrohari, Supavitra Babul, Vasan Bala",Raj Kumar Gupta,6.0,#1a1a2e,137
1814,Raju Ban Gaya Gentleman,1992,"Comedy, Musical, Romance","Raju comes to Bombay chasing his dreams, but keeps losing out on opportunities. His love, Renu helps him find a job. Success goes to his head until one day a tragic accident destroys his reputation.","Shah Rukh Khan, Juhi Chawla, Nana Patekar, Amrita Singh",Aziz Mirza,6.3,#1a1a2e,144
1815,Titu Ambani,2023,Drama,"Titu.. His aspirations and dreams are far from his actions, he dreams with open eyes, and finds the shortest way to achieve his dreams. Despite despite his debt-ridden life, if you ask him,...                See full summary »","Tushar Pandey, Deepika Singh, Raghubir Yadav, Sapna Sand",Rohit Raj Goyal,8.0,#e94560,147
1816,Judgementall Hai Kya,2019,"Comedy, Drama, Mystery",Following the story of two quirky individuals whose lives pivot between reality and illusions.,"Kangana Ranaut, Rajkummar Rao, Amyra Dastur, Amrita Puri",Prakash Kovelamudi,8.2,#1a3a4a,115
1817,Saudagar,1973,"Drama, Family",A calculative man schemes to deceit a poor but young widow for his personal monetary gains.,"Amitabh Bachchan, Nutan, Trilok Kapoor, Padma Khanna",Sudhendu Roy,8.4,#4a1a4a,128
1818,Khiladi 786,2012,"Action, Comedy, Romance","A father who runs a marriage bureau believes that his son is a failure in life. In order to prove him wrong, his son takes on the task of finding a match for a gangster's sister.","Akshay Kumar, Asin Thottumkal, Mithun Chakraborty, Raj Babbar",Ashish R. Mohan,8.7,#4a4a1a,156
1819,Hurdang,2022,"Drama, Romance","Back in 1990s, an aspiring IAS starts a rebellion against the caste-based reservation.","Sunny Kaushal, Nushrratt Bharuccha, Vijay Varma, Viraj Kapoor","Nikhil Nagesh Bhat, Vishal Chaturvedi",6.7,#1a2a1a,136
1820,Plan A Plan B,2022,"Comedy, Romance","Follows a matchmaker who believes marriage is for everyone except herself, and a successful divorce lawyer with a secret, who cross paths, and explores if opposites coexist or attract.","Riteish Deshmukh, Tamannaah Bhatia, Poonam Dhillon, Kusha Kapila",Shashanka Ghosh,6.7,#2a2a1a,141
1821,Pari,2018,"Fantasy, Horror, Mystery","Arnab tries to help Ruksahana, who is found under mysterious circumstances in a house. He lets her stay at his home until he discovers something strange about her.","Anushka Sharma, Parambrata Chattopadhyay, Rajat Kapoor, Ritabhari Chakraborty",Prosit Roy,6.1,#4a1a4a,125
1822,Thank You,2011,Comedy,Three wives engage the services of a private investigator after they suspect their respective husbands of infidelity.,"Akshay Kumar, Sonam Kapoor, Bobby Deol, Irrfan Khan",Anees Bazmee,8.1,#1a1a2e,111
1823,Firrkie,2023,Thriller,Add a Plot,"Jackie Shroff, Neil Nitin Mukesh, Kay Kay Menon, Karan Singh Grover",Ashok K Mishra,7.6,#2a2a1a,157
1824,1920: Evil Returns,2012,"Drama, Horror, Romance","A famous poet, Jaidev, meets a woman who has lost her memories. He brings her to his house and tries to help her, but things take an ugly turn when she gets possessed by an evil spirit.","Aftab Shivdasani, Tia Bajpai, Sharad Kelkar, Vidya Malvade",Bhushan Patel,7.1,#e94560,126
1825,Bol Bachchan,2012,"Action, Comedy","All hell breaks loose when a Muslim man breaks a temple lock to save a little child, thus for his safety keeps a Hindu name, where he starts making web of lies.","Amitabh Bachchan, Ajay Devgn, Abhishek Bachchan, Asin Thottumkal",Rohit Shetty,7.8,#2a2a1a,124
1826,Hisss,2010,"Comedy, Drama, Horror",Based on the Far Eastern myth of the snake woman who is able to take on human form.,"Mallika Sherawat, Irrfan Khan, Jeff Doucette, Divya Dutta",Jennifer Lynch,6.7,#0f3460,126
1827,Guthlee Ladoo,2023,Drama,"Guthlee, son of a poor sweeper, has a dream - to go to school. But the obstacle is his caste. A headmaster is sympathetic to him but powerless against caste discrimination. When they develop an unspoken bond, Guthlee's dream sees hope.","Sanjay Mishra, Subrat Dutta, Kalyanee Mulay, Kanchan Pagare",Ishrat R. Khan,7.7,#2d4a22,127
1828,Haan Maine Bhi Pyaar Kiya,2002,"Drama, Musical, Romance",Shiv (Abhishek Bachchan) and Pooja (Karisma Kapoor) are happily married to each other but sometimes can get into the most petty arguments coming from the way they approach life. Shiv takes ...                See full summary »,"Akshay Kumar, Karisma Kapoor, Abhishek Bachchan, Kader Khan",Dharmesh Darshan,7.2,#3a4a1a,119
1829,Soldier,1998,"Action, Drama, Musical",The story follows a young man (Bobby Deol) who flees India and arrives in Australia seeking vengence for something that started in India. In Australia he meets and falls in love with the daughter of a rich and powerful man(Suresh Oberoi). The story keeps the covers on Bobby Deols plan until the end when everything is revealed as to why he is a SOLDIER.,"Bobby Deol, Preity G Zinta, Rakhee Gulzar, Farida Jalal","Abbas Alibhai Burmawalla, Mastan Alibhai Burmawalla",8.3,#1a2a1a,148
1830,Phool Aur Patthar,1966,"Action, Drama, Romance",A criminal young man decides to reform himself for a left away widowed woman. But their relationship faces challenges.,"Meena Kumari, Dharmendra, Shashikala Jawalkar, Lalita Pawar",O.P. Ralhan,6.8,#16213e,126
1831,The Xpose,2014,"Drama, Mystery, Romance","This is a dramatic chain of events in the most glamorous ,swinging era of Hindi films... the 1960s. It was a decade when film stars tasted success and carried their larger than life screen ...                See full summary »","Himesh Reshammiya, Yo Yo Honey Singh, Irrfan Khan, Zoya Afroz",Anant Mahadevan,6.9,#2a2a1a,145
1832,Aashiq,2001,"Action, Drama, Romance","Pooja and Chander connect over the telephone and fall in love when they finally meet. However, since Pooja's alcoholic father would never approve, she decides to run away from her house.","Bobby Deol, Karisma Kapoor, Rahul Dev, Dinesh Hingoo",Indra Kumar,7.4,#3a4a1a,144
1833,Pal Pal Dil Ke Paas,2019,"Action, Drama, Romance","When video blogger Saher Sethi embarks on a tedious trek with mountaineer Karan Sehgal, sparks are bound to fly. But will their love story blossom despite the odds?","Sahher Bambba, Kallirroi Tziafeta, Swarit Sur, Suresh Sur",Sunny Deol,7.0,#4a4a1a,164
1834,Kyaa Super Kool Hain Hum,2012,Comedy,Adi and Sid want to make big but always run out of luck and series of confusion start taking place when they reach Goa.,"Riteish Deshmukh, Tusshar Kapoor, Neha Sharma, Sarah Jane Dias",Sachin Yardi,8.2,#1a4a1a,129
1835,Rocket Singh: Salesman of the Year,2009,"Comedy, Drama","A story of a fresh graduate trying to find a balance between the maddening demands of the 'professional' way, and the way of his heart.","Ranbir Kapoor, Prem Chopra, Mukesh S. Bhatt, D. Santosh",Shimit Amin,7.9,#0f3460,154
1836,Gandharva jr.,2000,"Drama, Fantasy","The untold story of Gandharva warriors who fought alongside Gods. The story goes that since they have never made it to the holy books, the warriors haven't got their due credit.",Unni Mukundan,Vishnu Aravind,8.0,#16213e,128
1837,Tere Bin Laden,2010,"Comedy, Drama","A reporter casts a fake Bin Laden to act in his video message to America, so he can immigrate there.","Ali Zafar, Pradhuman Singh, Piyush Mishra, Nikhil Ratnaparkhi",Abhishek Sharma,6.8,#4a4a1a,124
1838,The Underbug,2023,Horror,"As India is ravaged by sectarian violence on the eve of its Independence Day, two rioters take refuge in an abandoned house. An eerie presence in the house, however, haunts the men to the edge of sanity.","Hussain Dalal, Areenah Fatima, Ali Fazal",Shujaat Saudagar,8.1,#533483,117
1839,Bandit Queen,1994,"Action, Biography, Crime",The story of the bandit queen Phoolan Devi who was sent to prison in 1983 and got free in 1994.,"Seema Biswas, Nirmal Pandey, Rajesh Vivek, Raghubir Yadav",Shekhar Kapur,7.3,#3a4a1a,151
1840,Maidaan,2000,"Biography, Drama, History","Inspired by the Indian national football team coach and manager Syed Abdul Rahim, who is regarded as the architect of Indian football.","Ajay Devgn, Priyamani, Gajraj Rao, Bhavesh Lohar",Amit Ravindernath Sharma,7.4,#1a1a1a,150
1841,Blue,2009,"Action, Adventure, Mystery","A group of people, facing a lot of challenges, decide to hunt down lost treasure en route to India.","Akshay Kumar, Sanjay Dutt, Lara Dutta, Zayed Khan",Anthony D'Souza,6.2,#3a2a1a,152
1842,Chameli,2003,Drama,"On a rainy night, when an investment banker's car breaks down in the red light district, he takes shelter where he meets and later befriends a prostitute.","Kareena Kapoor, Rahul Bose, Rinke Khanna, Yashpal Sharma",Sudhir Mishra,8.7,#2a2a1a,132
1843,Khushi,2003,"Action, Comedy, Drama","Karan and Khushi fall in love, but her conservative family balks at accepting Karan's modern ideas.","Fardeen Khan, Kareena Kapoor, Amrish Puri, Amitabh Bachchan","S.J. Suryah, Sunil Kumar Agrawal",7.8,#1a2a1a,123
1844,Mausam,2011,"Drama, Romance, War","A war, religious conflicts, and misunderstandings create obstacles for a couple of different faiths.","Shahid Kapoor, Sonam Kapoor, Anupam Kher, Supriya Pathak",Pankaj Kapur,6.8,#1a3a4a,136
1845,Fiza,2000,"Crime, Drama, Romance",In 1993 Fiza's brother Aman disappears during the riots in Mumbai. In 1999 Fiza is tired of waiting and goes looking for him.,"Karisma Kapoor, Hrithik Roshan, Jaya Bachchan, Shabana Raza",Khalid Mohamed,6.0,#2d4a22,117
1846,Mother India,1957,"Action, Comedy, Drama","In this melodrama, a poverty-stricken woman raises her sons through many trials and tribulations. But no matter the struggles, she always sticks to her own moral code.","Nargis, Sunil Dutt, Rajendra Kumar Tuli, Raaj Kumar",Mehboob Khan,6.8,#1a3a1a,116
1847,Hungama,2003,"Comedy, Drama, Romance","The story of a bunch of misfits whose misconception about each others backgrounds end up in a series of chaotic, yet comic outcomes.","Akshaye Khanna, Aftab Shivdasani, Rimi Sen, Paresh Rawal",Priyadarshan,7.0,#1a2a1a,131
1848,Yeh Saali Zindagi,2011,"Crime, Drama, Thriller",Gangsters kidnap the prospective son-in-law of a politician in order to secure the release of an imprisoned gang-member.,"Irrfan Khan, Chitrangda Singh, Arunoday Singh, Aditi Rao Hydari",Sudhir Mishra,7.8,#2a2a1a,126
1849,Mr. & Mrs. '55,1955,"Comedy, Musical, Romance",A young woman must be married to claim her inheritance; her misandrist aunt uses the newly-passed 1955 divorce bill to find her a temporary husband.,"Madhubala, Guru Dutt, Lalita Pawar, Johnny Walker",Guru Dutt,6.6,#0f3460,144
1850,Waqt,1965,"Drama, Romance","Members of a family are separated in a natural disaster. Several years down the line, they aren't united but their lives are strangely interconnected.","Sunil Dutt, Sadhana Shivdasani, Raaj Kumar, Shashi Kapoor",Yash Chopra,7.6,#1a1a2e,150
1851,Raabta,2017,"Action, Drama, Fantasy","An inseparable couple Saira and Shiva find themselves in a complicated situation when a stranger claims to be her reincarnated lover from their previous lifetime, hellbent on destroying their relationship and winning her back.","Deepika Padukone, Kriti Sanon, Rajkummar Rao, Sushant Singh Rajput",Dinesh Vijan,8.3,#0f3460,120
1852,Untitled Shahid Kapoor/Kriti Sanon Film,2023,"Drama, Romance","In a futuristic world, a bumbling young man meets the girl of his dreams. As he navigates his way through a series of comical mishaps and dangerous situations, he must win her heart facing an evil companion.","Shahid Kapoor, Kriti Sanon, Dharmendra, Dimple Kapadia","Amit Joshi, Aradhana Sah",6.2,#1a3a4a,145
1853,Neerja,2016,"Biography, Drama, Thriller","The story of courageous Neerja Bhanot, who sacrificed her life while protecting the lives of 359 passengers on Pan Am Flight 73 in 1986 when it was hijacked by a terrorist organization.","Sonam Kapoor, Shabana Azmi, Yogendra Tikku, Abrar Zahoor",Ram Madhvani,6.2,#3a4a1a,155
1854,Qayamat: City Under Threat,2003,"Action, Drama, Romance","CBI officer Akram seeks to nab three terrorists, Ali, Abbas and Laila, who have held 213 tourists as hostage in Elphinstone Jail. For this, he seeks help from Rachit, a former associate of the trio.","Ajay Devgn, Suniel Shetty, Sanjay Kapoor, Arbaaz Khan",Harry Baweja,7.6,#1a1a1a,126
1855,Raju Chacha,2000,"Action, Comedy, Drama",Raju is hired to pose as uncle to three orphaned kids in order to usurp their inheritance. But he changes his mind after falling in love with their governess and decides to fight the greedy relatives.,"Kajol, Ajay Devgn, Rishi Kapoor, Tiku Talsania",Anil Devgan,6.7,#e94560,146
1856,Gupt: The Hidden Truth,1997,"Action, Crime, Mystery","Governor Jaisingh Sinha is murdered and the needle of suspicion points towards his estranged son, Sahil Sinha who must prove his innocence.","Bobby Deol, Manisha Koirala, Kajol, Prem Chopra",Rajiv Rai,5.9,#1a3a4a,158
1857,Vivah,2006,"Drama, Musical, Romance","Poonam, a traditionally brought-up young woman, is to marry Prem, a groom chosen by her uncle. Poonam and Prem's faith and love are to be tested however, when an accident occurs and Poonam might be scarred for life.","Shahid Kapoor, Amrita Rao, Anupam Kher, Alok Nath",Sooraj R. Barjatya,8.3,#2d4a22,142
1858,Bhoot Police,2021,"Comedy, Horror",Two brothers whose job is to hunt and eradicate ghosts for money is assigned a project in a remote village,"Saif Ali Khan, Arjun Kapoor, Jacqueline Fernandez, Yami Gautam",Pavan Kirpalani,6.6,#3a2a1a,151
1859,Operation Romeo,2022,"Drama, Mystery",The film features the fears and stresses that youthful couples all over the nation experience because of the danger presented by moral policing.,"Sidhant Gupta, Vedika Pinto, Sharad Kelkar, Kishore Kadam",Shashant Shah,8.4,#1a1a1a,131
1860,1942: A Love Story,1994,"Action, Drama, History","A young Indian couple, both from wealthy backgrounds, find themselves caught up in the 1940's Indian revolutionary movement against their families whom are under the thumb a sadistic British general.","Anil Kapoor, Jackie Shroff, Manisha Koirala, Anupam Kher",Vidhu Vinod Chopra,7.6,#e94560,129
1861,Aksar 2,2017,"Crime, Drama, Mystery",A husband's plan to break up his marriage so that he can be with another woman backfires with unexpected consequences.,"Zareen Khan, Gautam Rode, Lillete Dubey, Mukesh Hariawala",Anant Mahadevan,7.1,#1a3a4a,161
1862,Duniya,1984,"Action, Drama","Framed for a crime he didn't commit, Mohan Kumar loses his wife, son, and freedom, then he emerges from prison vowing revenge.","Ashok Kumar, Dilip Kumar, Rishi Kapoor, Amrita Singh",Ramesh Talwar,8.6,#2a2a1a,158
1863,Ferrari Ki Sawaari,2012,"Comedy, Drama, Family",How the pursuit of an Indian cricket legend's Ferrari makes a young boy's dreams of playing cricket at Lords a reality.,"Sharman Joshi, Boman Irani, Ritvik Sahore, Paresh Rawal",Rajesh Mapuskar,6.2,#16213e,126
1864,Mr Lele,2000,Comedy,A Marathi NRI takes ecstasy at a night club and in 48 hours he ends up in jail.,"Kiara Advani, Vicky Kaushal, Bhumi Pednekar, Abhishek Banerjee",Shashank Khaitan,8.4,#1a3a4a,126
1865,Untitled,2024,Action,"In the dark underbelly of the city, Bloodshed Bhai, a feared and ruthless gangster, rises to power, leaving a trail of violence and chaos in his wake. As law enforcement agencies close in on him, Bloodshed Bhai must navigate obstacles.","Kiara Advani, Nikitin Dheer, Anupam Kher, Suchitra Krishnamoorthi",Vishnuvardhan,6.9,#1a1a3a,127
1866,Shah Behram,1955,Fantasy,Add a Plot,"Kiara Advani, Nikitin Dheer, Anupam Kher, Suchitra Krishnamoorthi",Vishnuvardhan,5.9,#533483,151
1867,OK Jaanu,2017,"Drama, Romance","Adi and Tara move to Mumbai to pursue their dreams. A chance meeting sparks off a heady, no strings attached romance until their careers pull them apart. Will ambition prevail over matters of the heart?","Aditya Roy Kapoor, Shraddha Kapoor, Naseeruddin Shah, Nikita Grover",Shaad Ali,7.4,#e94560,157
1868,Ki & Ka,2016,"Comedy, Romance","Follows a young, married couple whose relationship challenges the gender roles placed upon women and men in Indian society.","Amitabh Bachchan, Kareena Kapoor, Jaya Bachchan, Arjun Kapoor",R. Balki,7.6,#1a2a1a,130
1869,Shree 420,1955,"Comedy, Crime, Drama","When a young man from a small town decides to make it big in a city, he faces several challenges.","Nargis, Raj Kapoor, Nadira, Nemo",Raj Kapoor,8.5,#0f3460,127
1870,102 Not Out,2018,"Comedy, Drama","102 Not Out is a 2018 comedy-drama film, with legendary actor Amitabh Bachchan playing a 102-year-old wanting to break the oldest-man-alive record. Another Bollywood legend Rishi Kapoor plays his sad and grumpy 75-year-old son.","Amitabh Bachchan, Rishi Kapoor, Vijay Raaz, Ashok Pathak",Umesh Shukla,7.3,#4a4a1a,113
1871,Matrubhoomi: A Nation Without Women,2003,Drama,A disturbing saga about male chauvinism and mistreatment of women in India.,"Tulip Joshi, Sudhir Pandey, Sushant Singh, Pankaj Jha",Manish Jha,6.5,#1a4a1a,163
1872,Ginny Weds Sunny,2020,"Comedy, Drama, Romance","The film follows headstrong Ginny who meets Sunny for an arranged marriage, but turns him down, and then shows how Sunny teams up with Ginny's mother to win her love.","Yami Gautam, Vikrant Massey, Ayesha Raza Mishra, Rajiv Gupta",Puneet Khanna,6.0,#4a1a1a,121
1873,Woh Kaun Thi?,1964,"Drama, Mystery, Romance","One stormy night, a doctor offers a ride to a ghostly woman he meets on the side of the road. Later, he discovers his intended bride is identical in appearance to the ghost. Who was she and why does she haunt him?","Sadhana Shivdasani, Manoj Kumar, Parveen Choudhary, K.N. Singh",Raj Khosla,6.5,#1a1a1a,137
1874,Action Replayy,2010,"Comedy, Romance, Sci-Fi",A young man tries to revive his parents' wilting marriage by traveling to the 1970s when their romance was budding and make it bloom: something more complex than he expects.,"Akshay Kumar, Aishwarya Rai Bachchan, Aditya Roy Kapoor, Om Puri",Vipul Amrutlal Shah,7.7,#3a4a1a,137
1875,Khatta Meetha,2010,"Comedy, Crime, Drama","A seemingly corrupt petty contractor faces challenges from the local municipality, his family, his employees, as well as a former girlfriend and her family.","Akshay Kumar, Trisha Krishnan, Kulbhushan Kharbanda, Aruna Irani",Priyadarshan,6.1,#4a1a1a,134
1876,Shakti,1982,"Action, Crime, Drama",A scrupulously honest cop refuses kidnappers' demands at grave risk to the life of his son. The son is rescued but lives forever scarred by his father's willingness to sacrifice his own son...                See full summary »,"Dilip Kumar, Amitabh Bachchan, Rakhee Gulzar, Smita Patil",Ramesh Sippy,8.1,#4a1a1a,137
1877,Dushmani: A Violent Love Story,1995,"Action, Drama, Romance","In order to settle personal scores; two gang leaders, Jai Singh and Oberoi fight for many years in gang-wars. There enmity multiplies when Jai's younger brother, Suraj falls in love with ...                See full summary »","Sunny Deol, Jackie Shroff, Manisha Koirala, Deepti Naval","Sanjay Khanna, Karan Razdan, Bunty Soorma, Shekhar Kapur",7.5,#533483,113
1878,Humraaz,2002,"Romance, Thriller","When a businessman learns that his wife married him only for money, he hatches a plan with her ex-lover to kill her.","Bobby Deol, Akshaye Khanna, Ameesha Patel, Johny Lever","Abbas Alibhai Burmawalla, Mastan Alibhai Burmawalla",7.0,#1a4a1a,135
1879,Jhankaar Beats,2003,"Comedy, Music, Romance","This is a story about love, friendship and music. Two copywriter brothers have lost in pop music contest called Jhankaar Beats for the last two years. They take the help of an apprentice to compete in a music contest.","Sanjay Suri, Rahul Bose, Juhi Chawla, Rinke Khanna",Sujoy Ghosh,7.3,#1a4a1a,153
1880,Khiladi,1992,"Action, Musical, Mystery","Two friends wage bets for money and fun. There comes a time where they race to win the biggest bet, for they know that their lives depend on it.","Akshay Kumar, Ayesha Jhulka, Deepak Tijori, Sabeeha","Abbas Alibhai Burmawalla, Mastan Alibhai Burmawalla",8.4,#1a3a1a,153
1881,Baiju Bawra,2000,Drama,Sanjay Leela Bhansali's first full-fledged musical. This is a story revolving around two singers.,"Alia Bhatt, Ranveer Singh",Sanjay Leela Bhansali,6.4,#e94560,162
1882,Sahib Bibi Aur Ghulam,1962,"Drama, Musical","A lowly servant, Bhootnath gets close to the wife of his employer and narrates her story through his eyes and perspective.","Meena Kumari, Guru Dutt, Rehman Khan, Waheeda Rehman",Abrar Alvi,7.8,#4a1a1a,155
1883,Tezaab,1988,"Action, Drama, Romance",From a very early age Mahesh Deshmukh has dreams of serving his country; his encouragement and dreams multiplies when his parents are killed by a gang of robbers who plan to loot the bank ...                See full summary »,"Anil Kapoor, Madhuri Dixit, Anupam Kher, Chunky Pandey",N. Chandra,6.1,#2a2a1a,136
1884,Yamini,2002,"Crime, Drama, Thriller",A bereft woman plans to take revenge against the murderer of her beloved.,"Shakeela, Heera, Usman, Gandhi",U.C. Roshan,6.2,#3a4a1a,160
1885,Bangistan,2015,"Comedy, Drama","Two blundering terrorists with lofty ideologies, but ordinary talent, are on a mission to change the world.","Jacqueline Fernandez, Michalina Olszanska, Pulkit Samrat, Riteish Deshmukh",Karan Anshuman,8.8,#4a4a1a,149
1886,Hawa,2003,"Drama, Horror, Thriller",Sanjana lives in a big city along with her husband and two daughters. But things are not quite rosy as the couple faces a disastrous situation in there life which leads to divorce. Sanjana ...                See full summary »,"Tabu, Shahbaaz Khan, Mukesh Tiwari, Imran Khan",Guddu Dhanoa,6.3,#16213e,162
1887,Zubeidaa,2001,"Biography, Drama, History","Zubeidaa, an aspiring Muslim actress, marries a Sikh prince to become his second wife. Her tumultuous relationship with her husband, and her inner demons lead her to a decision which has fatal consequences for them all.","Karisma Kapoor, Rekha, Manoj Bajpayee, Rajit Kapoor",Shyam Benegal,8.2,#1a3a4a,123
1888,Singh Saab the Great,2013,"Action, Drama",A tax collector willing to reform the society with the thought of change instead of revenge tries to control himself while attempting to teach a lesson to the man responsible behind his wife's death.,"Sunny Deol, Urvashi Rautela, Prakash Raj, Amrita Rao",Anil Sharma,6.3,#0f3460,139
1889,Garbage,2018,"Drama, Thriller",The lives of a fundamentalist online troll and a woman reeling from a sex tape gone viral become dangerously intertwined in this provocative thriller.,"Tanmay Dhanania, Trimala Adhikari, Satarupa Das, Gitanjali Dang",Qaushiq Mukherjee,5.9,#1a1a1a,163
1890,Jai Maa Vaishno Devi,1994,Drama,"A childless couple, are devotees of maa Vaishno Devi.When demon destroys a ritual organised by them, the goddess slays the demon and blesses the couple.","Rakesh Bedi, Gajendra Chauhan, Devidas Chippa, Arun Govil",Shatilal Soni,8.6,#2d4a22,160
1891,Koochie Koochie Hota Hai,2021,"Animation, Family, Musical","The film is an animated take on Kuch Kuch Hota Hai, and it marks the 20 year anniversary of its release.","Shah Rukh Khan, Kajol, Rani Mukerji, Sanjay Dutt",Tarun Mansukhani,5.8,#1a1a1a,130
1892,One Two Three,2008,"Comedy, Crime","Three strangers with the same name, Laxminarayan, travel to Pondi with their tasks. Chaos ensues when they are mistaken for each other as they stay in the same hotel.","Tusshar Kapoor, Suniel Shetty, Paresh Rawal, Esha Deol",Ashwani Dhir,8.4,#4a4a1a,140
1893,Raaz: The Mystery Continues,2009,"Horror, Mystery, Romance",An artist comes to realize that the woman he has been been painting is real and is being haunted by a ghost.,"Kangana Ranaut, Adhyayan Suman, Emraan Hashmi, Vicky Ahuja",Mohit Suri,6.7,#1a2a1a,129
1894,"LSD: Love, Sex Aur Dhokha",2010,"Comedy, Crime, Drama","A video camcorder, a store security camera, and concealed cameras candidly expose lives in three loosely-linked tales.","Nushrratt Bharuccha, Anshuman Jha, Neha Chauhan, Rajkummar Rao",Dibakar Banerjee,7.0,#1a3a1a,122
1895,Love Hostel,2022,"Action, Crime, Romance","Set against the pulsating backdrop of rustic North India, Love Hostel traces the volatile journey of a spirited young couple, being hunted by a ruthless mercenary.","Bobby Deol, Vikrant Massey, Sanya Malhotra, Raj Arjun",Shanker Raman,7.5,#1a3a1a,123
1896,Gunday,2014,"Action, Drama, Musical","The lives of Calcutta's most powerful Gunday, Bikram and Bala, changes when Nandita enters it. Then a counter-force takes charge and a thriller unfolds.","Ranveer Singh, Arjun Kapoor, Priyanka Chopra Jonas, Irrfan Khan",Ali Abbas Zafar,7.2,#e94560,142
1897,Michael,2023,"Action, Crime, Drama",The gang fighting over places. A youngster decides to gain control of the area. Can he complete his dream of ruling over the place?,"Sundeep Kishan, Vijay Sethupathi, Divyansha Kaushik, Varalaxmi Sarathkumar",Ranjit Jeyakodi,7.9,#1a4a1a,162
1898,Behen Hogi Teri,2017,Comedy,A jobless youngster has to fight with criminal rivals who come to snatch away his neighborhood lady love as a bride and also his family which seems not to take note of his feelings towards the girl next door.,"Rajkummar Rao, Shruti Haasan, Gautam Gulati, Darshan Jariwala","Ajay Pannalal, Arvind Singh Rajpoot",8.4,#16213e,132
1899,Pogaru,2021,Action,"Shiva, a local Ruffian is unstoppable in his path as he had garnered the support and affection of the general public by fighting against the injustice that comes their way.","Dhruva Sarja, Rashmika Mandanna, Sampath Raj, Chikkanna",Nanda Kishore,6.5,#4a3a1a,161
1900,Motu Patlu Kung Fu Kings Returns,2021,Animation,Add a Plot,"Mahendra Bhatnagar, Ganesh, Aditya Jaiswal, Vinod Kulkarni",Suhas Kadav,7.4,#4a4a1a,160
1901,Sorry Karma Returns,2022,"Crime, Mystery, Thriller","A group of youngsters led by PK, the son of a political heavyweight are on a journey to their resort and the Karma returns in various forms through all the sins they have committed in the past. Will the Karma triumph over the tyranny ?","Ragini Dwivedi, Arjun Sharma, M.D. Afzal, Harshitha Kallingal",Brahmanand Reddy,6.2,#16213e,143
1902,Mary Kom,2014,"Action, Biography, Drama","A chronicle of the life of Indian boxer Mary Kom, who went through several hardships before audaciously accomplishing her ultimate dream.","Priyanka Chopra Jonas, Sunil Thapa, Robin Das, Rajni Basumatary",Omung Kumar,6.8,#2d4a22,145
1903,Force 2,2016,"Action, Adventure, Thriller",ACP Yashvardhan teams up with RAW Agent KK to bring down the mole within RAW.,"John Abraham, Sonakshi Sinha, Tahir Raj Bhasin, Adil Hussain",Abhinay Deo,6.5,#1a4a1a,115
1904,Aar Ya Paar,1997,Thriller,"Shekhar is an opportunist. He marries Veena, a multi-millionaire, while continuing his affair with her secretary, Anu. When Veena gets to know, she threatens him with dire consequences. ...                See full summary »","Jackie Shroff, Deepa Sahi, Ritu Shivpuri, Kamal Sidhu",Ketan Mehta,6.7,#1a1a2e,128
1905,Loveyatri,2018,"Comedy, Drama, Music","Sushrut, a garba teacher, who falls in love with NRI girl Michelle when she visits town during festival","Sammy Jonas Heaney, Aayush Sharma, Warina Hussain, Caroline Wilde",Abhiraj Minawala,8.1,#0f3460,129
1906,Dharam Veer,1977,"Action, Adventure, Comedy",Movie revolves around two brothers who are separated during birth but meet as adults and form a deep friendship. Also about the challenges that test their friendship.,"Dharmendra, Zeenat Aman, Jeetendra, Neetu Singh",Manmohan Desai,6.8,#3a2a1a,164
1907,Mujrim,1989,"Action, Crime","Jailed as a teenager, Shankar has been unable to stay on the right side of the law ever since, despite his wife's pleas and his mother's rejection.","Mithun Chakraborty, Madhuri Dixit, Suresh Oberoi, Shakti Kapoor",Umesh Mehra,7.8,#1a4a1a,117
1908,Shaadi Ke Side Effects,2014,"Comedy, Romance",A complicated relationship develops between a man and woman after getting married and having a baby.,"Farhan Akhtar, Vidya Balan, Vir Das, Ram Kapoor",Saket Chaudhary,7.9,#1a1a2e,127
1909,Mera Naam Joker,1970,"Comedy, Drama","Raju is a joker, a clown. It is what he is and what he always shall be. As his life story unfolds in three chapters, from his school days to the circus to the streets, he must always make ...                See full summary »","Raj Kapoor, Manoj Kumar, Simi Garewal, Rishi Kapoor",Raj Kapoor,6.6,#1a2a1a,151
1910,Roohi,2021,"Comedy, Horror","Hired to kidnap a bride, two bumbling pals get into a wacky predicament when one falls for their abductee, and the other falls for the spirit that possesses her.","Rajkummar Rao, Varun Sharma, Janhvi Kapoor, Alexx O'Nell",Hardik Mehta,6.7,#1a3a1a,163
1911,Cantt Road: The Beginning,2023,Crime,"A peculiar place located somewhere in the outskirts where mysterious and ghostly incidents occur. It is a place having a dark history in it's past, the wails of which still continues to haunt the place and the people who pass through it.","Sharvary Joshi, Ashok Rabari, Nischay Rana, Mukesh Rao",Adarsh Raisahab,7.9,#1a1a3a,160
1912,Patiala House,2011,"Drama, Sport","A talented young Indian cricket player must defy his father's wishes to play for the side of England, a rebellion his siblings quietly cheer.","Rishi Kapoor, Dimple Kapadia, Akshay Kumar, Anushka Sharma",Nikkhil Advani,8.4,#1a2a1a,154
1913,Shakespeare-Wallah,1965,"Drama, Romance",The story of a family troupe of English actors in India. They travel around the towns and villages giving performances of Shakespearean plays. Through their travels we see the changing face...                See full summary »,"Shashi Kapoor, Felicity Kendal, Geoffrey Kendal, Laura Liddell",James Ivory,7.8,#4a4a1a,131
1914,Kho Gaye Hum Kahan,2023,Drama,A digital age story of three friends living in Mumbai.,"Adarsh Gourav, Ananya Panday, Siddhant Chaturvedi, Rohan Gurbaxani",Arjun Varain Singh,7.1,#1a1a2e,131
1915,Pippa,2023,"Action, Drama, History",Revolves around Brigadier Balram Singh Mehta of the 45th Cavalry tank squadron who fought on the eastern front during the Indo-Pakistan war of 1971 along with his siblings.,"Mrunal Thakur, Ishaan Khattar, Soni Razdan, Priyanshu Painyuli",Raja Menon,6.0,#16213e,163
1916,Raanjhanaa,2013,"Drama, Romance","Kundan, the son of a Hindu pundit, discovers that his childhood sweetheart Zoya loves city-bred Akram and wants to marry him. However, he persistently seeks to win her heart.","Dhanush, Sonam Kapoor, Mohd. Zeeshan Ayyub, Swara Bhasker",Aanand L. Rai,5.9,#2a2a1a,111
1917,Lakadbaggha,2023,"Action, Comedy, Crime","An animal loving vigilante Arjun Bakshi, unearths the fact that an underground illegal animal trade cell functions from Kolkata port. On investigating he chances upon a rare species of the Indian Striped Hyena (Lakadbaggha).","Anshuman Jha, Riddhi Dogra, Paresh Pahuja, Milind Soman",Victor Mukherjee,7.2,#4a4a1a,165
1918,Kavacham,2018,"Action, Crime, Thriller",A police officer from Vizag finds himself in a rut when false allegations are levied against him. He has 24 hours now to prove his innocence.,"Sai Srinivas Bellamkonda, Kajal Aggarwal, Mehreen Pirzada, Neil Nitin Mukesh",Sreenivas Mamilla,7.8,#4a3a1a,159
1919,Janmabhoomi,2024,Drama,A courtroom drama based on Ram Mandir trial in Ayodhya.,"Sai Srinivas Bellamkonda, Kajal Aggarwal, Mehreen Pirzada, Neil Nitin Mukesh",Sreenivas Mamilla,7.6,#2d4a22,117
1920,Munnibai,1999,"Action, Crime, Drama","A man kills another, and his daughter vows to avenge him, even if it means she must turn herself into a mountain bandit. The killer's daughter defends her father, and the family feud is to be settled outside of the law.","Dharmendra, Sapna Sappu, Durgesh Nandini, Mohan Joshi",Kanti Shah,7.5,#1a2a1a,157
1921,Yaarana,1981,"Action, Comedy, Drama","Bishan loses his fortune while helping his friend Kishan in his singing career. Now successful, would Kishan return the favour?","Amitabh Bachchan, Neetu Singh, Tanuja Samarth, Aruna Irani",Rakesh Kumar,8.3,#3a2a1a,111
1922,Aks,2001,"Action, Crime, Horror","Raghavan Ghatge, a psychotic terrorist, and Manu Verma, the cop who tracks him down, shoot each other simultaneously, the result being that Raghavan's soul is transferred into Verma's body and vice versa.","Amitabh Bachchan, Raveena Tandon, Manoj Bajpayee, Nandita Das",Rakeysh Omprakash Mehra,7.3,#1a1a1a,143
1923,Khan kluay,2006,"Animation, Adventure, Family","A young elephant goes on an extraordinary adventure and learns important lessons along the way about friendship, love and courage.","Akshay Kumar, Anyarit Pitakkul, Lara Dutta, Nawarat Techarathanaprasert","Kompin Kemgumnird, Tod Polson",7.2,#16213e,160
1924,Hunterrr,2015,"Comedy, Romance","Mandar, an ordinary guy is obsessed with sex and chases girls until he meets Tripti and decides to settle down with her.","Gulshan Devaiah, Radhika Apte, Sai Tamhankar, Veera Saxena",Harshavardhan Kulkarni,5.9,#3a2a1a,158
1925,Lost,2022,"Drama, Thriller","An emotional thriller that represents a higher quest, a search for lost values of empathy and integrity.","Yami Gautam, Pankaj Kapur, Rahul Khanna, Tushar Pandey",Aniruddha Roy Chowdhury,6.8,#4a1a4a,159
1926,The Ghazi Attack,2017,"Action, Thriller, War","A Pakistani submarine, Ghazi plans to secretly attack Vizag port. For doing so, it has to get past Indian submarine S21.","Rana Daggubati, Kay Kay Menon, Atul Kulkarni, Om Puri",Sankalp Reddy,7.9,#533483,154
1927,99,2009,"Comedy, Crime, Drama",A gangster deputes two of his men to recover money from an out of town compulsive gambler.,"Kunal Kemmu, Boman Irani, Soha Ali Khan, Cyrus Broacha","Krishna D.K., Raj Nidimoru",8.6,#1a2a1a,110
1928,Tujhe Meri Kasam,2003,Romance,Rishi and Anju are childhood buddies struggle to find out if they have more than friendship between them.,"Riteish Deshmukh, Genelia Deshmukh, Shakti Kapoor, Supriya Karnik",Vijay K. Bhaskar,7.1,#4a3a1a,124
1929,Baasha,1995,"Action, Crime, Drama","An auto driver, Manikam, desperately tries to hide his dark underworld side to keep his promise to his father.","Rajinikanth, Nagma, Raghuvaran, Vijayakumar",Suresh Krishna,8.1,#3a4a1a,126
1930,Gangster,2006,"Action, Crime, Drama","Simran, who relocates to Seoul, is distraught when Daya, a gangster, re-enters her life. She has to make a choice between him and her lover Akash, who is a singer at an Indian restaurant.","Kangana Ranaut, Shiney Ahuja, Emraan Hashmi, Gulshan Grover",Anurag Basu,6.8,#2a2a1a,158
1931,Commando 3,2019,"Action, Adventure, Thriller",Karan goes to London to stop a terrorist attack on India.,"Gulshan Devaiah, Robin Chaudhary, Subhasish Ghosh, Pradeep Yadav",Aditya Datt,7.8,#4a1a1a,114
1932,The Lift Boy,2019,"Comedy, Drama",The Lift Boy is a coming of age story of a 24-year-old vagabond who is forced to work at a posh building in Mumbai as a Lift Boy when his bread-winning father falls ill.,"Moin Khan, Nyla Masood, Sagar Kale, Neha Bam",Jonathan Augustin,6.6,#2d4a22,161
1933,Main Aur Charles,2015,"Action, Biography, Crime","After escaping from prison, a notorious serial killer and conman becomes the target of a nationwide manhunt led by an honest police officer determined to catch him.","Adil Hussain, Alexx O'Nell, Anastasia Fullfina, Dijana Dejanovic",Prawaal Raman,7.0,#3a4a1a,122
1934,Gangaa Jamunaa Saraswathi,1988,"Action, Drama, Romance","Gangaa Jamunaa and Saraswathi the most pious rivers, create a unique holy merger, popularly known as ""Sangam"". Likewise the characters of our story Gangaa Jamunaa and Saraswathi desire to ...                See full summary »","Amitabh Bachchan, Mithun Chakraborty, Jaya Prada, Meenakshi Sheshadri",Manmohan Desai,6.0,#16213e,119
1935,Salaam-E-Ishq,2007,"Comedy, Drama, Musical","Six couples in love must face different problems caused by love itself. Do they resolve their issues and face life anew, or do they succumb under pressure ?","Salman Khan, Priyanka Chopra Jonas, Anil Kapoor, Juhi Chawla",Nikkhil Advani,6.0,#1a3a1a,124
1936,Chhal,2002,"Action, Crime, Drama","Secret Service Agent, Karan Menon (Kay Kay) has been assigned the task of penetrating the gang and winning the confidence of underworld don, Shastri (Vallabh Vyas). Karan does so with ease,...                See full summary »","Kay Kay Menon, Jaya Seal, Naved Aslam, Shri Vallabh Vyas",Hansal Mehta,7.1,#0f3460,149
1937,Maine Pyaar Kyun Kiya,2005,"Comedy, Drama, Romance","Samir is in love with Sonia but has unfortunately lied to her that he was already married.When she wants to meet her wife,Samir approaches his dutiful nurse Naina to play 'wife'a drama that turns out into a comedy of errors.","Salman Khan, Sushmita Sen, Katrina Kaif, Sohail Khan",David Dhawan,8.4,#4a1a1a,135
1938,Dil Kya Kare,1999,"Drama, Musical, Romance",An emotional saga of a mother who has lost her child and her love.,"Ajay Devgn, Mahima Chaudhry, Kajol, Chandrachur Singh",Prakash Jha,7.1,#1a1a2e,118
1939,Gori Tere Pyaar Mein!,2013,"Comedy, Drama, Romance",Self-centered Sriram Venkat changes his outlook and actions when his girlfriend leaves him.,"Imran Khan, Kareena Kapoor, Sujata Kumar, Radha Ramachandra",Punit Malhotra,8.5,#0f3460,145
1940,Aankhen,1993,"Action, Comedy, Crime",Two good-for-nothing brothers are embroiled in a conspiracy involving a political assassination and try their best to save the country.,"Govinda, Chunky Pandey, Raj Babbar, Kader Khan",David Dhawan,8.2,#4a4a1a,112
1941,Theeran Adhigaaram Ondru,2017,"Action, Crime, Thriller","Theeran, a police officer, is entrusted with the task to solve the mystery behind a series of murders. The only clue left behind is that all the murders are committed in the same pattern.","Karthi, Rakul Preet Singh, Abhimanyu Singh, Bose Venkat",H. Vinoth,6.7,#2d4a22,147
1942,Ek Ladki Ko Dekha Toh Aisa Laga,2019,"Comedy, Crime, Drama","The film tells the story of closeted lesbian Sweety Chaudhary and her attempts to come out to her conservative, traditional family.","Sonam Kapoor, Anil Kapoor, Rajkummar Rao, Juhi Chawla",Shelly Chopra Dhar,6.6,#1a4a1a,116
1943,Chandni Chowk to China,2009,"Action, Adventure, Comedy",A cook from Chandni Chowk gets mistaken for the reincarnation of an ancient peasant warrior by the residents of an oppressed Chinese village.,"Akshay Kumar, Deepika Padukone, Chia-Hui Liu, Mithun Chakraborty",Nikkhil Advani,8.7,#3a4a1a,143
1944,Hi Nanna,2023,"Drama, Family, Romance",Plot under wraps.,"Mrunal Thakur, Shruti Haasan, Nani, Angad Bedi",Shouryuv,8.5,#16213e,115
1945,Anand,1971,"Drama, Musical","The story of a terminally ill man who wishes to live life to the fullest before the inevitable occurs, as told by his best friend.","Rajesh Khanna, Amitabh Bachchan, Sumita Sanyal, Ramesh Deo",Hrishikesh Mukherjee,6.3,#2d4a22,129
1946,Ghar Dwaar,1985,Drama,"Dhanraj resides with his two brothers, Chander and Ketan, his sister, Asha, and wife, Savitri, in their family home. Dhanraj wants Chander and Ketan to study and get better jobs, so he ...                See full summary »","Tanuja Samarth, Sachin Pilgaonkar, Raj Kiran, Shoma Anand",Kalpataru,8.3,#2d4a22,162
1947,Kis Kisko Pyaar Karoon,2015,"Comedy, Romance","A comedy or errors, wherein a married man attempts to juggle his three wives along with his current girlfriend.","Kapil Sharma, Simran Kaur Mundi, Manjari Fadnnis, Sai Lokur","Abbas Alibhai Burmawalla, Mastan Alibhai Burmawalla, Abinash Rout",6.2,#e94560,141
1948,Khushboo,1975,"Drama, Romance","Kusum and Brindavan are two small children living in a small village in India. Both love each other, and decide to marry when they grow up. Kusum has his name tattooed on her arm. But fate ...                See full summary »","Jeetendra, Hema Malini, Durga Khote, Farida Jalal",Gulzar,6.3,#533483,110
1949,Chalaak,2023,Thriller,"An abduction, an extra marital affair and bold revelations. Mansi's life takes an unexpected turn when she is mysteriously kidnapped. This ordeal forces her to confront her past and hidden intentions are revealed.","Jeevansh Chadha, Abhinav Gautam, Asma Sayed, Raghav Vohra",Ashish Deo,7.8,#1a1a1a,131
1950,Stanley Ka Dabba,2011,"Comedy, Drama, Family","A school-teacher, who forces children to share their food with him, forbids one from entering the school until he brings his own Tiffin/Lunch-box.","Partho A. Gupte, Numaan Sheikh, Abhishek Reddy, Sai Shara Shetty",Amole Gupte,7.9,#3a2a1a,111
1951,Ghost Story - An Abstract Film,2020,Horror,A Writer - A Haunted Bungalow - A Murder - Some Dark Secrets - Ghosts and A Story with a Twist.,"Farrah Kader, Samidha Kiran, Aabid Shamim",Zubair Khan,7.6,#1a1a1a,118
1952,Sandeep Aur Pinky Faraar,2021,"Comedy, Crime, Drama","Sandeep, a bank executive and Pinky, a suspended cop, are marked for a kill. Phones tapped, accounts blocked, they escape but escaping is not freedom.","Jaideep Ahlawat, Parineeti Chopra, Arjun Kapoor, Neena Gupta",Dibakar Banerjee,5.9,#3a4a1a,140
1953,Rascals,2011,"Action, Comedy, Crime",Two rival con-men attempt to outdo each other to woo a wealthy woman.,"Ajay Devgn, Sanjay Dutt, Kangana Ranaut, Lisa Haydon",David Dhawan,8.0,#0f3460,121
1954,Aiyaary,2018,"Action, Drama, Thriller","After finding out about an illegal arms deal, a military intelligence officer goes rogue with highly sensitive data related to his organization, causing his mentor: a colonel, to hunt him down.","Sidharth Malhotra, Manoj Bajpayee, Rakul Preet Singh, Pooja Chopra","Neeraj Pandey, Feroz Khan Bollybrothers",8.5,#e94560,117
1955,Veerana,1988,"Action, Drama, Horror","A beautiful young girl, unfortunately possessed from her childhood by a vengeful spirit, wanders around lonely places to seduce and kill people, gradually becoming lost into a dark world of revenge and lust.","Jasmin, Hemant Birje, Sahila Chaddha, Kulbhushan Kharbanda","Shyam Ramsay, Tulsi Ramsay",7.2,#2a2a1a,159
1956,Wake Up Sid,2009,"Comedy, Drama, Romance","The story of a lazy Mumbai college student who does absolutely nothing, with a turn of events will Sid realize his potential in this world and become a success in the fast-paced life of Mumbai.","Ranbir Kapoor, Konkona Sen Sharma, Supriya Pathak, Anupam Kher",Ayan Mukerji,7.7,#1a1a2e,120
1957,Keedaa Cola,2023,"Comedy, Crime",Add a Plot,"Brahmanandam, Ravindra Vijay, Tharun Bhascker Dhaassyam, Jeevan Kumar",Tharun Bhascker Dhaassyam,7.2,#1a2a1a,146
1958,Daawat-e-Ishq,2014,"Comedy, Drama, Romance","A story of Gullu, a Hyderabadi girl frustrated with dowry-seeking men and Taru (a charming Lucknawi cook), who crush old-fashioned world-view.","Aditya Roy Kapoor, Parineeti Chopra, Anupam Kher, Karan Wahi",Habib Faisal,8.5,#4a3a1a,128
1959,Aiyyaa,2012,"Comedy, Romance","A woman goes on the hunt for her dream man, armed with her wild imagination, her passion for Masala-films, and her ultra-sensitive sense of smell.","Rani Mukerji, Prithviraj Sukumaran, Nirmiti Sawant, Subodh Bhave",Sachin Kundalkar,5.8,#1a1a3a,128
1960,Toofan,1989,"Action, Crime, Drama",Honest police officer Hanuman Prasad Singh lives like friend and family with a magician by the name of Ramesh Kumar. Hanuman's wife passes away after giving birth to male twin babies; upon ...                See full summary »,"Amitabh Bachchan, Meenakshi Sheshadri, Amrita Singh, Farooq Shaikh",Ketan Desai,7.3,#3a4a1a,123
1961,Zanjeer,1973,"Action, Crime, Drama","A tough and honest police officer clashes with a crime boss who, unbeknownst to him, happens to be his parents' murderer.","Amitabh Bachchan, Jaya Bachchan, Pran Sikand, Om Prakash",Prakash Mehra,7.4,#2d4a22,121
1962,Qurbani,1980,"Action, Crime, Drama",Two friends live happily until misunderstandings arise between them.,"Feroz Khan, Vinod Khanna, Zeenat Aman, Amjad Khan",Feroz Khan,6.7,#e94560,125
1963,Dr. Cabbie,2014,Comedy,"An Indian doctor emigrates to Canada in the hope of starting a new life, but bureaucracy confines him to life as a taxi driver. When he cannot suppress his desire to practice medicine, he begins illegally treating patients from his cab.","Vinay Virmani, Adrianne Palicki, Kunal Nayyar, Lillete Dubey",Jean-François Pouliot,8.4,#1a4a1a,165
1964,Mahanati,2018,"Biography, Drama","Biography of Savitri, an actress from South India movie industry, who ruled the industry for two decades during 50s and 60s.","Keerthy Suresh, Dulquer Salmaan, Samantha Ruth Prabhu, Vijay Deverakonda",Nag Ashwin,7.9,#533483,153
1965,Har Har Mahadev,2022,"Action, Drama, War","This is the inspirational story of a real battle in which only 300 soldiers, led by Baji Prabhu Deshpande, the commander of Chhatrapati Shivaji Maharaj, held back an enemy army of 15,000 while Shivaji reached the safety of Khera fort.","Sharad Kelkar, Subodh Bhave, Yogesh Jadhav, Nitish Chavan",Abhijeet Shirish Deshpande,7.9,#16213e,124
1966,Zapatlela,1993,"Comedy, Drama, Horror",A man is presumed to have been haunted when a doll possessed by the spirit of a gangster comes along in his life.,"Laxmikant Berde, Mahesh Kothare, Kishori Ambiye, Ravindra Berde",Mahesh Kothare,6.0,#3a2a1a,131
1967,Judwaa,1997,"Action, Comedy, Drama","Twin brothers who are separated soon after birth, meet in adulthood and join forces to defeat their common enemy, a notorious criminal.","Salman Khan, Karisma Kapoor, Rambha, Kader Khan",David Dhawan,8.0,#1a1a1a,114
1968,That Girl in Yellow Boots,2010,"Crime, Drama, Mystery",A British woman faces challenges while attempting to locate her father in India.,"Kalki Koechlin, Prashant Prakash, Naseeruddin Shah, Gulshan Devaiah",Anurag Kashyap,6.0,#1a4a1a,146
1969,The Delhi Files,2000,"Crime, History, Thriller",Add a Plot,"Ankit Bisht, Mithun Chakraborty, Palomi Ghosh, Sougata Ghosh",Vivek Agnihotri,8.0,#4a4a1a,111
1970,Jolly LLB 2,2017,"Comedy, Crime, Drama",Jolly is a clumsy lawyer who is faced with representing the most critical court case of his career.,"Akshay Kumar, Huma Qureshi, Saurabh Shukla, Annu Kapoor",Subhash Kapoor,7.6,#1a1a3a,153
1971,Bichhoo,2000,"Action, Crime, Drama",A contract killer with a tragic past trains a teenage girl to avenge the murder of her family and falls for her in the process.,"Bobby Deol, Rani Mukerji, Ashish Vidyarthi, Farida Jalal",Guddu Dhanoa,7.3,#4a1a1a,157
1972,Kaali Khuhi,2020,"Drama, Horror, Mystery","Shivangi, a 10 year old girl, is put to the ultimate test to save her family's village from the restless ghosts of its horrific past.","Shabana Azmi, Sanjeeda Sheikh, Satyadeep Misra, Riva Arora",Terrie Samundra,6.3,#4a1a4a,141
1973,Jigar,1992,"Action, Drama, Romance","An engaging action-sport film, where a man avenges his sister's humiliation by participating in a deadly kung-fu tournament.","Ajay Devgn, Karisma Kapoor, Ajit Khan, Feroz Khan",Farogh Siddique,6.8,#1a1a1a,119
1974,Aatmapamphlet,2023,"Comedy, Drama",A young boy growing up amidst massive social and economic changes in 1990s India.,"Om Bendkhale, Rajratna Bhojane, Khushi Hajare, Bhimrao Mude",Ashish Bende,8.3,#16213e,148
1975,Amar Prem,1972,"Drama, Musical, Romance",A village woman abandoned by her husband is forced into prostitution in Kolkata and forms nameless yet strong relations with a wealthy patron as well as an abused boy in the neighbourhood.,"Rajesh Khanna, Sharmila Tagore, Sujit Kumar, Bindu Desai",Shakti Samanta,7.3,#e94560,156
1976,Awarapan,2007,"Action, Crime, Drama","A loyal henchman is ordered by his boss to keep an eye on his mistress, and trouble begins when he refuses to kill her.","Emraan Hashmi, Mrinalini Sharma, Ashish Vidyarthi, Ashutosh Rana",Mohit Suri,6.2,#3a2a1a,145
1977,Hate Story 2,2014,"Drama, Thriller",A woman takes revenge on a powerful corrupt politician who forcefully abused her and left her for dead.,"Jay Bhanushali, Surveen Chawla, Sushant Singh, Siddharth Kher",Vishal Pandya,7.0,#0f3460,127
1978,Brahmastra 2,2026,"Action, Adventure, Fantasy",Follows Shiva's father: Dev.,"Deepika Padukone, Alia Bhatt, Ranbir Kapoor",Ayan Mukerji,7.4,#2a2a1a,112
1979,Musafir,2004,"Action, Crime, Drama","A small-time criminal, betrayed by his girlfriend and owing money to a fearsome crime lord, agrees to travel to Goa for a drug deal and becomes involved with a local woman and her much older husband, both of who want to kill each other.","Anil Kapoor, Sameera Reddy, Aditya Pancholi, Mahesh Manjrekar","Sanjay Gupta, Hasib Muhammad",7.8,#4a1a4a,160
1980,Possessed Love,2021,"Drama, Horror, Romance","Everything was going well for the bride but her life changed completely when she decided to go out of the house on the night of Haldi, taking her grandmother's faith as superstition. She ...                See full summary »","Surbhi Shukla, Sachin Sharma, Unika Ray, Harsh Arora",Manmeet Singh Sodhi,8.4,#1a1a3a,122
1981,Prem Ratan Dhan Payo,2015,"Action, Drama, Musical","While recovering from an assassination attempt four days before his coronation, a stern prince is replaced by a romantic lookalike.","Salman Khan, Sonam Kapoor, Neil Nitin Mukesh, Deepak Dobriyal",Sooraj R. Barjatya,8.1,#533483,137
1982,Nadiya Ke Paar,1982,"Drama, Romance","Chandan and Gunja, who hails from a village across the river, fall in love with each other. After her sister dies, Gunja is compelled to marry her brother-in-law who is Chandan's brother.","Sachin Pilgaonkar, Sadhana Singh, Inder Thakur, Mitali",Govind Moonis,7.7,#1a1a3a,125
1983,David,2013,"Action, Crime, Drama",The lives of three different men named David are about to change forever.,"Vikram, Neil Nitin Mukesh, Vinay Virmani, Tabu",Bejoy Nambiar,8.0,#4a4a1a,123
1984,Roar,2014,"Action, Adventure, Sci-Fi","After his photojournalist brother gets killed by a white tigress in the jungles of the Sundarbans, Pandit and his team of commandos enter the prohibited core area of the forest to avenge his death.","Aadil Chahal, Ahran Chaudhary, Pranay Dixit, Subrat Dutta",Kamal Sadanah,7.0,#1a3a1a,118
1985,Aarakshan,2011,"Drama, Thriller",The decision by India's supreme court to establish caste-based reservations for jobs in education causes conflict between a teacher and his mentor.,"Amitabh Bachchan, Saif Ali Khan, Manoj Bajpayee, Deepika Padukone",Prakash Jha,6.3,#3a4a1a,145
1986,Angithee,2021,Drama,"Firdous is married off in a conservative house with her husband Hameed. Her old friend Shahid comes back from Punjab and they fall in love, but things change when Hameed discovers Firdous is sleeping with his friend.","Rahhat Shah Kazmi, Hussein Khan, Tariq Khan",Rahhat Shah Kazmi,8.0,#2a2a1a,139
1987,Dharmatma,1975,"Action, Romance, Thriller","Wealthy, powerful and influential Seth Dharamdas leads a financially secure life in a palatial mansion. He is known to come to the aid of all people who are beyond any hope of assistance, ...                See full summary »","Premnath Malhotra, Feroz Khan, Hema Malini, Rekha",Feroz Khan,6.0,#e94560,110
1988,Meenakshi Sundareshwar,2021,"Comedy, Romance","Forced to live apart due to a unique job prospect, two newlyweds face the hassles, hiccups - and hilarity - that arise from their long distance marriage.","Sanya Malhotra, Abhimanyu Dasani, Shivkumar Subramaniam, Nivedita Bhargava",Vivek Soni,7.3,#1a1a3a,164
1989,De Dana Dan,2009,"Action, Comedy, Crime",Two down on their luck men tries to kidnap a wealthy businesswoman's dog to demand a hefty ransom from her. Things goes haywire when the dog goes missing.,"Akshay Kumar, Suniel Shetty, Katrina Kaif, Sameera Reddy",Priyadarshan,8.8,#4a1a1a,124
1990,Mastram,2013,"Biography, Drama",How a clerk became an erotica writer.,"Rahul Bagga, Tara-Alisha Berry, Aakash Dahiya, Istiyak Khan",Akhilesh Jaiswal,6.7,#533483,149
1991,Ek Thi Daayan,2013,"Horror, Romance, Thriller","When gifted magician Bobo finds himself assailed by hallucinations and seeks professional help, he learns he's being haunted by a sinister spirit.","Emraan Hashmi, Konkona Sen Sharma, Kalki Koechlin, Huma Qureshi",Kannan Iyer,8.0,#1a2a1a,131
1992,Le Halua Le,2012,"Comedy, Drama, Romance","Love's wires are crossed in this hilarious caper; strategems and misunderstandings abound as the young protagonists struggle to navigate their way through life, land jobs, and find a place to live.","Laboni Sarkar, Payel Sarkar, Subhasish Mukherjee, Kharaj Mukherjee",Raja Chanda,7.9,#4a1a4a,163
1993,Virasat,1997,"Action, Drama, Musical","After completing his studies in London, England, Shakti Thakur returns home to India in a small town where his family resides. Accompanying him is his leggy girlfriend, Anita, who he is in ...                See full summary »","Anil Kapoor, Tabu, Pooja Batra, Milind Gunaji",Priyadarshan,6.7,#4a1a4a,112
1994,Axone,2019,"Comedy, Drama","In Delhi, friends from Northeast India prepare a pungent delicacy for a wedding party, sparking conflict and comedy with their unaccustomed neighbors.","Sayani Gupta, Lin Laishram, Jimpa Sangpo Bhutia, Tenzing Dalha",Nicholas Kharkongor,7.8,#1a3a4a,125
1995,Coolie No. 1,1995,"Action, Comedy, Romance",In order to avenge his insult against wealthy Hoshiarchand Choudhary; Pandit Shaadiram Gharjodhe asks Raju; a coolie by profession to masquerade as a wealthy business tycoon so that he can get marry to Choudhary's daughter Malti.,"Govinda, Karisma Kapoor, Harish, Kanchan",David Dhawan,7.0,#1a1a2e,121
1996,Maya,1993,"Drama, Mystery, Romance","A beautiful, wealthy woman's insatiable appetite for romance leads to tragedy and a police investigation.","Deepa Sahi, Farooq Shaikh, Raj Babbar, Shah Rukh Khan",Ketan Mehta,6.5,#2a2a1a,133
1997,Mardaani,2014,"Action, Crime, Drama","A story of Shivani Shivaji Roy, Crime Branch, who sets out to confront the mastermind behind a child trafficking mafia.","Rani Mukerji, Jisshu Sengupta, Anant Vidhaat, Mona Ambegaonkar",Pradeep Sarkar,8.7,#4a1a1a,145
1998,Kalyug,2005,"Action, Crime, Drama","A newly married couple is caught on camera during their honeymoon. When the wife commits suicide after the video is released on internet, the husband sets out to seek revenge.","Kunal Kemmu, Deepal Shaw, Smiley Suri, Atul Parchure",Mohit Suri,7.9,#3a2a1a,151
1999,Yeh Shaadi Nahi Ho Sakti,2023,Comedy,Lovers Priya and Lakshman who can't get married till Priya's elder sister Pallavi does. Lakshman devises an elaborate plan where they hire an NRI groom to woo Pallavi.,"Prajakta Koli, Shikha Talsania, Chaitnya Sharma, Adhaar Khurana",Akarsh Khurana,7.9,#2a2a1a,133
2000,Hawayein,2003,"Drama, Romance","Set against the backdrop of the 1984 Sikh genocide, Hawayein is a 2003 film directed by Ammtoje Mann. The film is based on some real-life events and features the impact of Operation ...                See full summary »","Amitoj Mann, Babbu Mann, Aanandee Tripathi, Mukul Dev",Amitoj Mann,8.1,#1a1a3a,145
2001,Ek Jaan Hain Hum,1983,"Family, Romance","While trying to win over his beloved's parents, a young man is accused of arson, and his father soon realizes insanity may be his only defense.","Rakesh Bedi, Avtar Gill, Gulshan Grover, Rajeev Kapoor",Rajiv Mehra,7.8,#3a2a1a,116
2002,420 IPC,2021,Crime,"In this ZEE5 Original film, CA Keswani is arrested for bank fraud and forgery. Keswani hires Birbal, a lawyer, to fight his case, but Birbal realises that there's more to it than meets the eye.","Rohan Mehra, Vinay Pathak, Ranvir Shorey, Gul Panag",Manish Gupta,6.6,#533483,142
2003,Baaghi 2,2018,"Action, Crime, Drama","A battle-hardened army officer squares off against drug lords and Russian henchmen to save his ex-lover's kidnapped daughter in the underbelly of Goa, India.","Disha Patani, Tiger Shroff, Jacqueline Fernandez, Randeep Hooda",Ahmed Khan,6.9,#0f3460,126
2004,Ragini MMS 2,2014,Horror,A sleazy film director's decision to shoot his latest erotic horror movie in a notorious haunted house angers the vengeful spirit of its past inhabitant.,"Sunny Leone, Saahil Prem, Parvin Dabas, Sandhya Mridul",Bhushan Patel,6.7,#4a1a4a,158
2005,The Blue Umbrella,2005,"Comedy, Drama, Family","In a small village when a little girl's prescious umbrella is stolen, things goes wrong for a greedy tea seller who was very much interested in buying that umbrella from her.","Pankaj Kapur, Shreya Sharma, Deepak Dobriyal, Rahul Kumar",Vishal Bhardwaj,8.6,#4a4a1a,132
2006,Operation Valentine,2023,"Action, Drama, Thriller","Operation Valentine is a patriotic, edge-of-the-seat entertainer and will showcase our Air Force heroes on the front-lines and the challenges they faced as they fought one of the biggest, fiercest aerial attacks that India has ever seen.","Manushi Chhillar, Varun Tej",Shakti Pratap Singh,6.1,#1a2a1a,130
2007,Betaab,1983,"Family, Romance","A young man (Sunny Deol) and woman (Amrita Singh) fall in love, but face obstacles from their families.","Shammi Kapoor, Nirupa Roy, Prem Chopra, Sunny Deol",Rahul Rawail,5.9,#3a2a1a,126
2008,Race 2,2013,"Action, Crime, Thriller",Ranvir treads through the world of the Indian mafia in Turkey as he looks to avenge the death of his lover and partner in crime.,"Saif Ali Khan, Anil Kapoor, John Abraham, Deepika Padukone","Abbas Alibhai Burmawalla, Mastan Alibhai Burmawalla",5.8,#1a4a1a,155
2009,Monsoon,2015,"Comedy, Drama, Romance",The movie revolves around the story of a 15 year old guy who falls in love with a 28 year old lady. The lady is now a widow as her husband who was a forest officer died while he was on duty...                See full summary »,"Shawar Ali, Pandiit GGaaurav Gautam, Pramod Goswami, Raja Gulati",Suzad Iqbal Khan,7.0,#1a3a4a,152
2010,Ek Main Aur Ekk Tu,2012,"Comedy, Drama, Romance",A few drinks too many leads an uptight architect and quick-witted hairstylist to marry in Las Vegas. Can a mistake lead to friendship and love?,"Kareena Kapoor, Zenobia Shroff, Imran Khan, Boman Irani",Shakun Batra,7.9,#1a1a2e,136
2011,Refugee,2000,"Drama, Musical, Romance",A young man who smuggles illegal weapons and people back and forth over the borders between India and Pakistan falls in love with a young woman whose family he helped.,"Jackie Shroff, Suniel Shetty, Abhishek Bachchan, Kareena Kapoor",J.P. Dutta,7.1,#1a1a2e,130
2012,Crack,2000,Drama,Add a Plot,"Akshay Kumar, Pradum Shukla, Pradum Jaykar, Vicky Kadian",Neeraj Pandey,8.4,#1a1a3a,155
2013,Marjaavaan,2019,"Action, Drama, Romance",Raghu and Zoya are enjoying their lives together until a gang leader with harmful intentions turns their world upside down.,"Riteish Deshmukh, Sidharth Malhotra, Tara Sutaria, Rakul Preet Singh",Milap Zaveri,8.4,#2d4a22,128
2014,Bramayugam,2024,"Horror, Thriller",Add a Plot,"Mammootty, Arjun Ashokan, Amalda Liz, Sidharth Bharathan",Rahul Sadasivan,7.2,#3a4a1a,141
2015,Ek Paheli Leela,2015,"Mystery, Romance, Thriller","Two lovers, having been denied true love 300 years ago, are reincarnated in order to correct that wrong.","Sunny Leone, Rahul Dev, Mohit Ahlawat, Jay Bhanushali",Bobby Khan,6.9,#3a2a1a,136
2016,Prince,2010,"Action, Sci-Fi, Thriller",A wanted thief races against time to find an antique coin after he commits the biggest heist of his life and wakes up the next day with no memories.,"Vivek Oberoi, Isaiah, Aruna Shields, Nandana Sen",Kookie Gulati,5.8,#2a2a1a,111
2017,Mehbooba,1976,"Drama, Romance","A singer by profession, Suraj (Rajesh Khanna) gets stranded in resthouse in the coutnryside during a rainstorm. While there he experiences ununsual feelings, as if he has been there before....                See full summary »","Rajesh Khanna, Hema Malini, Prem Chopra, Govardhan Asrani",Shakti Samanta,7.0,#533483,145
2018,My Friend Ganesha 4,2020,Comedy,Add a Plot,"Rajesh Khanna, Hema Malini, Prem Chopra, Govardhan Asrani",Shakti Samanta,8.7,#e94560,159
2019,Luck,2009,"Action, Adventure, Drama","An underworld kingpin recruits people endowed with 'Luck' from across the globe to take part in a series of challenges designed to test their 'Luck' factor, as gamblers around the world bet on them.","Mithun Chakraborty, Sanjay Dutt, Imran Khan, Ravi Kishan",Soham Shah,7.0,#1a2a1a,129
2020,Phir Bhi Dil Hai Hindustani,2000,"Comedy, Drama, Musical","In order to seek justice for a man who exacts vengeance on a politician, who was responsible for his daughter's death, two rival reporters teams up to help him to prove his innocence.","Shah Rukh Khan, Juhi Chawla, Johny Lever, Paresh Rawal",Aziz Mirza,6.6,#1a1a2e,154
2021,Grand Masti,2013,"Comedy, Drama, Thriller","Meet, Prem, and Amar look to have a blast at their college reunion, though they soon find themselves in another predicament.","Riteish Deshmukh, Vivek Oberoi, Aftab Shivdasani, Karishma Tanna",Indra Kumar,7.0,#4a3a1a,145
2022,Seeta Aur Geeta,1972,"Adventure, Comedy, Drama","Long-suffering heiress Seeta is treated worse than a servant by her abusive money-grubbing aunt. Meanwhile, her long-lost twin sister Geeta grows up to be a gutsy street performer. One day, the girls unintentionally swap places.","Dharmendra, Sanjeev Kumar, Hema Malini, Manorama",Ramesh Sippy,8.3,#2d4a22,153
2023,Muthu,1995,"Action, Comedy, Drama","The movie is about a loyal servant, Muthu (Rajni), working for Zamindar Malayasimman (Sarath Babu) and the cunning plans by the uncle of Malasimman to capture the whole wealth which uncovers some mystery about Muthu.","Rajinikanth, Meena, Sarath Babu, Senthil",K.S. Ravikumar,8.7,#533483,144
2024,Coat,2023,"Drama, Family","Madho and his father are pig farmers, of a low caste are not respected by the other villagers. One day he sees a foreigner being respected and because of his expensive coat. Determined Madho tries to acquire a coat that he cannot afford.","Sanjay Mishra, Vivaan Shah, Sonal Jha, Pooja Pandey","Akshay Ditti, Kumar Abhishek",8.5,#2d4a22,164
2025,Footpath,2003,"Action, Crime, Drama","Two friends of a man help him avenge his father's death. Years later, he reunites with his friends who have now become criminals. What they don't know, is that he is now an undercover cop.","Aftab Shivdasani, Bipasha Basu, Rahul Dev, Emraan Hashmi",Vikram Bhatt,7.1,#3a2a1a,159
2026,Julie 2,2017,"Drama, Romance, Thriller","A simple girl rises to be a big star, but the story of her success is not without its dark side.","Nishikant Kamat, Raai Laxmi, Rati Agnihotri, Ravi Kishan",Deepak S. Shivdasani,6.9,#4a4a1a,112
2027,Khuda Gawah,1992,"Action, Adventure, Drama","Baadshah Khan falls in love with Benazir, a member of a rival clan who has defeated him in a game of buzkashi.","Amitabh Bachchan, Sridevi, Nagarjuna Akkineni, Shilpa Shirodkar",Mukul Anand,7.3,#0f3460,146
2028,Laaga Chunari Mein Daag: Journey of a Woman,2007,"Drama, Family, Romance",A small town girl lands in big bad Mumbai to earn an honest living but faces a confrontation she would've never dreamt of in her wildest dreams.,"Rani Mukerji, Jaya Bachchan, Konkona Sen Sharma, Kunal Kapoor",Pradeep Sarkar,7.9,#1a4a1a,122
2029,Helicopter Eela,2018,Drama,"Eela Raiturkar, an aspiring singer, gives up on her career after her husband abandons her and their son, Vivaan. However, years later, he encourages his mother to pursue her dream.","Kajol, Riddhi Sen, Tota Roy Chowdhury, Neha Dhupia",Pradeep Sarkar,7.4,#2a2a1a,152
2030,Jagir,1984,"Action, Adventure, Drama",Three men attempt to seek vengeance against their oppressors.,"Dharmendra, Zeenat Aman, Mithun Chakraborty, Shoma Anand",Pramod Chakravorty,8.7,#1a1a1a,162
2031,Humko Deewana Kar Gaye,2006,"Drama, Romance","Aditya an engineer, travels to Canada for training. There he meets Jia a beautiful woman from an influential family. Fate keeps pushing the pair together, and even though both are already betrothed to others, Adi and Jia fall in love.","Akshay Kumar, Katrina Kaif, Bipasha Basu, Bhagyashree Patwardhan",Raj Kanwar,7.3,#1a1a2e,135
2032,Ek Hasina Thi,2004,"Crime, Drama, Mystery","A woman falls for a charming and mysterious businessman. The whirlwind romance turns sour when she is framed for his underworld crimes. Now, finally out of prison she is ready for sweet revenge.","Saif Ali Khan, Urmila Matondkar, Seema Biswas, Aditya Srivastav",Sriram Raghavan,6.6,#16213e,146
2033,Soorma,2018,"Biography, Drama, Sport","Soorma is the story of the triumph of the human spirit, about a player, who made headlines for his miraculous comeback after facing a near death experience through sheer determination, hard work and unrelenting passion for the sport.","Diljit Dosanjh, Taapsee Pannu, Angad Bedi, Vijay Raaz",Shaad Ali,6.3,#0f3460,151
2034,Nikamma,2022,"Action, Comedy, Drama",A lazy slacker struggles to get along with his diligent sister-in-law - until they must step up and fight together against a common enemy.,"Abhimanyu Dasani, Shilpa Shetty Kundra, Shirley Setia, Samir Soni",Sabir Khan,7.9,#1a1a1a,147
2035,Do Lafzon Ki Kahani,2016,"Action, Drama, Romance",Centered on ex-mixed martial arts artist Sooraj (Randeep Hooda) and sculptor artist Jenny (Kajal Aggarwal). Their fate intertwines when their past are revealed in their blooming relationship.,"Kajal Aggarwal, Anil George, Randeep Hooda, Snehal Kulshreshtha",Deepak Tijori,6.8,#1a1a1a,118
2036,Phata Poster Nikhla Hero,2013,"Action, Comedy, Crime",Vishwas Rao is raised by his mother who wants him to become a police officer while he wants to become an actor.,"Shahid Kapoor, Ileana D'Cruz, Padmini Kolhapure, Mukesh Tiwari",Rajkumar Santoshi,7.5,#1a1a3a,142
2037,Manikarnika: The Queen of Jhansi,2019,"Action, Biography, Drama","Story of Rani Lakshmibai, one of the leading figures of the Indian Rebellion of 1857, and her resistance to the British Rule.","Kangana Ranaut, Danny Denzongpa, Suresh Oberoi, Atul Kulkarni","Radha Krishna Jagarlamudi, Kangana Ranaut",6.6,#1a3a4a,160
2038,August 16 1947,2023,"Action, Drama",The tale of a remote village where one man battles British forces,"Gautham Karthik, Revathy, Pugazh, Madhusudhan Rao",N.S. Ponkumar,6.8,#1a1a2e,153
2039,Nasha,2013,"Drama, Thriller","A teenage boy becomes smitten with his new drama teacher and pursues her, despite the perilous risks of being found out.","Poonam Pandey, Shivam Patil, Vishal Bhonsle, Mohit Chauhan",Amit Saxena,7.5,#4a4a1a,125
2040,Tum Bin 2,2016,"Drama, Romance","After a skiing accident, Taran thinks her fiance is dead and grieves for months. Soon, Shekhar enters her life, helps her rediscover happiness, and falls in love with her.","Neha Sharma, Aditya Seal, Aashim Gulati, Mouni Roy","Md. Shahnause, Anubhav Sinha, Peter Pedrero",6.6,#2a2a1a,126
2041,Suryavanshi,1992,"Action, Fantasy, Horror",An archaeologist unearths an underground palace at Sangramgarh. The locals are afraid of what will happen if they start digging and would like to leave the past alone. It turns out their fears we confounded.,"Salman Khan, Amrita Singh, Sheeba Agarwal, Saeed Jaffrey",Rakesh Kumar,7.0,#1a3a4a,164
2042,Shukranu,2020,Drama,"Set in Delhi/UP/Haryana, SHUKRANU is a comic take on the darkest phases of Indian democracy through the encounters of a would-be groom who is forcefully sterilized just days before his much-awaited marriage.","Divyendu Sharma, Shweta Basu Prasad, Sheetal Thakur, Aakkash Dabhade",Bishnu Dev Halder,8.2,#4a1a1a,152
2043,Jigarthanda DoubleX,2023,"Action, Comedy, Drama",Add a Plot,"S.J. Suryah, Nimisha Sajayan, Raghava Lawrence",Karthik Subbaraj,8.6,#4a3a1a,139
2044,Tehran,2000,"Action, Thriller",Add a Plot,"John Abraham, Manushi Chhillar, Hadi Khanjanpour, Madhurima Tuli",Arun Gopalan,8.6,#0f3460,150
2045,Ramaiya Vastavaiya,2013,"Action, Drama, Romance","Ram falls in love with Sona, who lives on the fields of Punjab. He follows her to her farm, where her elder brother challenges him to produce more seed on their fields. If he wins, he will be allowed to marry her.","Shruti Haasan, Girish Taurani, Sonu Sood, Vinod Khanna",Prabhu Deva,7.0,#e94560,155
2046,Yaadein...,2001,"Musical, Drama, Romance","Raj is against love marriages and when his daughter Isha falls in love with Ronit Malhotra, he opposes their relationship. Will Ronit and Isha sacrifice their love for the sake of their parents or will they manage to convince them?","Hrithik Roshan, Jackie Shroff, Kareena Kapoor, Amrish Puri",Subhash Ghai,6.3,#1a1a3a,137
2047,Chhota Bheem Kung Fu Dhamaka,2019,"Animation, Action, Adventure","Chhota Bheem and his friends decide to participate in the annual martial arts competition held at China, where the country's princess gets kidnapped by an evil demon Zuhu.","Urvi Ashar, Asif Ali Beig, Jigna Bhardwaj, Rupa Bhimani","Rajiv Chilaka, Binayak Das",6.3,#1a2a1a,139
2048,Maatr,2017,Thriller,"Vidya, who's left shattered after her daughter Tia's murder, seeks vengeance by fighting the broken justice and criminal system.","Raveena Tandon, Siddharth Bhardwaj, Madhur Mittal, Piyush Kaushik",Ashtar Sayed,8.2,#1a4a1a,141
2049,Alag: He Is Different.... He Is Alone...,2006,"Action, Drama, Fantasy",An odd orphan boy is forced to use his secret super powers when his new classmates bully him. A scientist abducts him to use the boy's powers for his own evil gains.,"Akshay Kapoor, Dia Mirza, Yatin Karyekar, Jayant Kripalani",Asshu Trikha,7.7,#16213e,124
2050,Delhi-6,2009,Drama,"In the ancient walled city of Delhi, an American-born Indian finds himself on an unexpected inner journey as he learns about himself and his roots.","Waheeda Rehman, Abhishek Bachchan, Sonam Kapoor, Rishi Kapoor",Rakeysh Omprakash Mehra,6.0,#4a1a4a,163
2051,Vaastav: The Reality,1999,"Action, Crime, Drama",Consequences force an innocent man to get involved in crime after making an error.,"Sanjay Dutt, Namrata Shirodkar, Reema Lagoo, Shivaji Satam",Mahesh Manjrekar,8.3,#1a2a1a,155
2052,Ship of Theseus,2012,Drama,"The film explores questions of identity, justice, beauty, meaning and death through an experimental photographer, an ailing monk and a young stockbroker.","Aydah El-Kashef, Yogesh Shah, Faraz Khan, Hannan Youssef",Anand Gandhi,5.9,#4a1a1a,131
2053,Golmaal: Fun Unlimited,2006,"Action, Comedy, Drama",Four runaway crooks take shelter in a bungalow which is owned by a blind couple.,"Ajay Devgn, Arshad Warsi, Sharman Joshi, Tusshar Kapoor",Rohit Shetty,8.2,#0f3460,153
2054,The Hero of Color City,2014,"Animation, Adventure, Family",A diverse band of crayons strive to protect not only their magical multihued homeland but the imagination of children everywhere from a terrifying monster.,"Owen Wilson, Christina Ricci, Rosie Perez, Wayne Brady",Frank Gladstone,7.3,#16213e,145
2055,Raja,1995,"Action, Comedy, Drama","Raja and Madhu fall in love and decide to get married. However, her brothers are against the alliance and devise a plan to drive the two apart.","Sanjay Kapoor, Madhuri Dixit, Mukesh Khanna, Dalip Tahil",Indra Kumar,6.5,#1a2a1a,132
2056,Kyon Ki...,2005,"Drama, Romance","After learning the sad truth about a patient, a female psychiatrist falls in love with him.","Salman Khan, Kareena Kapoor, Rimi Sen, Jackie Shroff",Priyadarshan,6.1,#e94560,154
2057,Choked: Paisa Bolta Hai,2020,Drama,A bank employee weighed down by her jobless husband's debts - and her own broken dreams - finds a secret source of seemingly unlimited cash in her home.,"Saiyami Kher, Roshan Mathew, Amruta Subhash, Upendra Limaye",Anurag Kashyap,8.6,#4a3a1a,159
2058,Azhar,2016,"Biography, Drama, Sport","Biographical sports drama based on the life of former Indian international cricketer, Mohammad Azharuddin","Emraan Hashmi, Nargis Fakhri, Prachi Desai, Lara Dutta",Anthony D'Souza,7.4,#3a4a1a,111
2059,Panga,2020,"Drama, Sport","Panga is inspired by the life of a National-level Kabbadi player from India. It follows her triumphs, struggle, and overcoming of stereotypes. It shows how important family love and support is for success.","Kangana Ranaut, Jassie Gill, Richa Chadha, Neena Gupta",Ashwiny Iyer Tiwari,6.9,#1a2a1a,147
2060,Rog,2005,"Mystery, Romance, Thriller",A lonely and insomniac detective falls in love with a dead woman whose murder he is investigating.,"Irrfan Khan, Ilene Hamann, Himanshu Malik, Suhel Seth",Himanshu Brahmbhatt,8.1,#3a2a1a,155
2061,Dil Toh Baccha Hai Ji,2011,"Comedy, Drama, Romance",Three roommates are in search of true love. They each find a girl with whom they fall head over heels in love with. Now they just have to get the women to reciprocate.,"Ajay Devgn, Emraan Hashmi, Omi Vaidya, Shazahn Padamsee",Madhur Bhandarkar,6.0,#0f3460,129
2062,Waqt: The Race Against Time,2005,"Comedy, Drama, Family","Ishwar Chandra Thakur is living the good life, content with his loving wife Sumitra and son Adiya. There is but one thing which gradually comes to annoy Ishwar: his son's laziness and dependency on his father.","Amitabh Bachchan, Akshay Kumar, Priyanka Chopra Jonas, Shefali Shah",Vipul Amrutlal Shah,6.6,#3a2a1a,114
2063,Kasethan Kadavulada,2023,"Comedy, Drama","A young man, his cousin and a friend stealing money from his stingy stepmother.","Shiva, Priya Anand, Yogi Babu, Yogi Devaraj",R. Kannan,6.1,#1a1a3a,143
2064,Jurm,1990,"Action, Crime, Romance","Police Inspector Shekhar Varma lives in Khar, Bombay, along with his wife, Meena, and a school-going daughter. His office is notified that Editor Ritesh Nandy has received death threats as ...                See full summary »","Vinod Khanna, Meenakshi Sheshadri, Sangeeta Bijlani, Shafi Inamdar",Mahesh Bhatt,7.3,#1a1a2e,111
2065,Kachchi Kali,1987,Drama,Sonika Gill plays an innocent virgin girl (Kachchi Kali as the title indicates) who is tricked by her lover (Ajinkya Deo) who is a blue film maker and sold off in to prostitution. Her ...                See full summary »,"Sonika Gill, Kapil Karzan, Ajinkya Deo, Abhilasha",K.R. Rangan,7.9,#1a2a1a,156
2066,Who Am I,2023,Drama,"Based on the critically acclaimed novel KO aham By AshokJamnani, The story is set in a small town based on the banks of the river Narmada. Bhavitavya, a philosophy student who is currently ...                See full summary »","Gaurav Kamble, Rishika Chandani, Mayank Jadhav, Subeer Kasali",Shireesh Khemariya,8.3,#1a1a2e,131
2067,Kachche Dhaage,1999,"Action, Drama, Thriller",Two stepbrothers who loathe each other have to work together to avoid being framed for terrorist activities.,"Ajay Devgn, Saif Ali Khan, Manisha Koirala, Namrata Shirodkar",Milan Luthria,8.1,#1a3a4a,164
2068,Pitaah,2002,"Action, Drama",Thakur Avadh Narayan Singh rules Shekhapur village.Due to his fear villagers don't dare to go against him for his wrong doings.His son Bhola and Bacchu are also to follow his part who spend...                See full summary »,"Sanjay Dutt, Nandita Das, Sachin Khedekar, Tanvi Hegde",Mahesh Manjrekar,8.7,#1a3a4a,139
2069,Guest iin London,2017,Comedy,"A young couple in London struggle to live with their estranged aunt and uncle, who overstay their welcome.","Kartik Aaryan, Kriti Kharbanda, Paresh Rawal, Tanvi Azmi",Ashwani Dhir,8.5,#e94560,127
2070,Policegiri,2013,"Action, Comedy, Crime",DCP Rudra faces a bunch of challenges after he locks horns with a notorious criminal Nagori Subramanium.,"Sanjay Dutt, Prachi Desai, Prakash Raj, Om Puri",K.S. Ravikumar,6.3,#4a1a1a,137
2071,Shaakuntalam,2023,"Drama, Fantasy, Romance","The love story of King Dushyantha and Shakuntala, daughter of sage Vishwamitra and nymph Menaka. Due to a sage's curse, Dushyant forgets all about Shakuntala, until destiny brings them together again.","Samantha Ruth Prabhu, Dev Mohan, Mohan Babu, Aditi Balan",Gunasekhar,8.3,#e94560,152
2072,Hasee Toh Phasee,2014,"Comedy, Romance","Nikhil is re-introduced to Meeta nearly ten years after their first meeting. Now, as Nikhil has one week to prove himself worth enough to marry Meeta's sister Karishma, the old acquaintances become quite close to each other.","Sidharth Malhotra, Parineeti Chopra, Adah Sharma, Manoj Joshi",Vinil Mathew,8.3,#0f3460,123
2073,Tiger Nageswara Rao,2023,"Action, Biography, Crime","A legendary real-life robber of Stuartpuram, Andhra Pradesh called Tiger Nageswara Rao in the 1970s, who was noted for his ingenious ways of evading the police and prison.","Anupam Kher, John Abraham, Karthi, Ravi Teja",Vamsee,7.4,#2a2a1a,162
2074,Baar Baar Dekho,2016,"Action, Comedy, Drama",The highs and lows of a romantic relationship are examined through flashbacks and flash-forwards.,"Sidharth Malhotra, Katrina Kaif, Sayani Gupta, Kirti Adarkar",Nitya Mehra,8.7,#1a3a4a,146
2075,Baaghi 4,2000,"Action, Drama, Thriller",Fourth installment of Baaghi film series.,"Tiger Shroff, Jimmy Shergill, Sunny Hinduja, Jisshu Sengupta","Jahid D'cruz, Ahmed Khan",8.0,#0f3460,159
2076,Hotel,1981,"Horror, Mystery","Suraj is separated from his love Seema and wants to build a hotel at the location where he met her, he tells his secretary Lalwani to check out the location. Lalwani finds the scenic ...                See full summary »","Navin Nischol, Rakesh Roshan, Bindiya Goswami, Neelam Mehra","Shyam Ramsay, Tulsi Ramsay",7.0,#1a1a3a,125
2077,Doodhwali,2007,Drama,Add a Plot,"Tanveer, Kanchan, Abu Khan, Shiri Khan",Suresh Jain,7.2,#1a3a4a,165
2078,Loha,1987,"Action, Drama, Thriller","Honest and diligent Police Inspector Amar lives a middle-classed lifestyle in Bombay. In his attempt to arrest bandit Sher Singh, he and Inspector Dayal are attacked, Amar survives, but ...                See full summary »","Dharmendra, Shatrughan Sinha, Karan Kapoor, Jugal Hansraj",Raj N. Sippy,7.4,#1a1a1a,112
2079,Socha Na Tha,2005,"Comedy, Drama, Romance","A boy is forced meet a girl for an arranged marriage but even though he refuses the match, they secretly become friends. As things get complicated and both get engaged to different people they realize they've fallen in love with each other.","Abhay Deol, Ayesha Takia, Ayesha Jhulka, Apoorva Jha",Imtiaz Ali,6.4,#1a1a2e,140
2080,Veera Simha Reddy,2023,"Action, Drama","Veera Simha Reddy is a revered man in a village and his son Jai Simha Reddy settles in the USA. When his father gets killed in the village politics, Jai Simha returns to India and takes revenge on who killed his father.","Nandamuri Balakrishna, Shruti Haasan, Honey Rose, Duniya Vijay",Gopichand Malineni,8.0,#1a1a3a,118
2081,Tadap,2021,"Action, Drama, Romance",Unforeseen circumstances threaten the passionate relationship between star-crossed lovers.,"Ahan Shetty, Tara Sutaria, Saurabh Shukla, Kumud Mishra",Milan Luthria,6.4,#533483,136
2082,Khichdi: The Movie,2010,"Comedy, Family","In order to immortalize his love, a groom decides to create conflict between his and his to-be bride's families.","Anang Desai, Supriya Pathak, Rajeev Mehta, Nimisha Vakharia",Aatish Kapadia,8.3,#4a1a1a,113
2083,Bandh Darwaza,1990,"Action, Drama, Horror","A wealthy male banishes a demon, but years later his very own daughter resurrects it.","Hashmat Khan, Manjeet Kular, Kunika Sadanand, Satish Kaul","Shyam Ramsay, Tulsi Ramsay",8.6,#1a1a1a,120
2084,Laal Rang,2016,"Comedy, Crime, Drama",The friendship of two men is tested when things go wrong in their blood theft business.,"Randeep Hooda, Akshay Oberoi, Rajneesh Duggal, Piaa Bajpai",Syed Ahmad Afzal,6.2,#1a1a1a,161
2085,Once Again,2018,"Drama, Romance","After a chance phone call leads to daily conversations, a widowed restaurant owner and a lonely film actor plan to finally meet in person.","Shefali Shah, Neeraj Kabi, Bidita Bag, Priyanshu Painyuli",Kanwal Sethi,8.1,#3a2a1a,121
2086,Samay: When Time Strikes,2003,"Crime, Mystery, Thriller",Assistant Commissioner of Police (ACP) Malvika Chauhan battles time to obtain & solve the clues to solve the various murders occurring in the city.,"Sushmita Sen, Lucy Bartholomew, Tushar Dalvi, Deepak Dobriyal",Robbie Grewal,8.7,#2a2a1a,121
2087,Mere Jeevan Saathi,1972,"Drama, Adventure, Action","A talented artist (Rajesh Khanna) falls in love with a London-returned doctor, but his past creates problems for him. When that part of his past is resolved and he is to marry the girl he ...                See full summary »","Rajesh Khanna, Tanuja Samarth, Sujit Kumar, Bindu Desai",Ravikant Nagaich,7.7,#1a3a4a,130
2088,Khaidi No. 150,2017,"Action, Drama, Romance",A convict who plans to escape the country unexpectedly switches his place with a good Samaritan who fights for the rights of poor farmers.,"Chiranjeevi, Kajal Aggarwal, Tarun Arora, Mohammad Ali",V.V. Vinayak,6.9,#1a1a3a,117
2089,Darna Zaroori Hai,2006,Horror,"Five children take shelter from the rain, inside a spooky bungalow. Encountering an old woman, they follow her upstairs where she proceeds to tell them six scary stories.","Amitabh Bachchan, Riteish Deshmukh, Arjun Rampal, Bipasha Basu","J.D. Chakravarthi, Manish Gupta, Sajid Khan, Jijy Philip, Prawaal Raman, Vivek Shah, Ram Gopal Varma",6.6,#4a3a1a,163
2090,Raja Ki Ayegi Baraat,1997,"Drama, Romance","A pretty schoolteacher named Mala (Rani Mukherjee) becomes the victim of the unwanted advances of an evil man named Raja (Shadab Khan). When she rejects him, he rapes her. The teacher then ...                See full summary »","Shadaab Khan, Rani Mukerji, Gulshan Grover, Divya Dutta",Ashok Gaekwad,6.6,#3a4a1a,145
2091,Darna Mana Hai,2003,Horror,"After their car breaks down in the middle of the night, seven friends find shelter and tell one another stories to kill time till dawn.","Saif Ali Khan, Boman Irani, Nana Patekar, Vivek Oberoi",Prawaal Raman,6.8,#1a2a1a,155
2092,Dono,2023,Drama,Modern relationships set against the backdrop of a lavish destination wedding.,"Rajveer Deol, Paloma Dhillon, Garima Agarwal, Rohan Khurana",Avnish Barjatya,8.6,#2d4a22,119
2093,Shaurya: It Takes Courage to Make Right... Right,2008,"Crime, Drama, Thriller","Maj. Siddhant Chaudhary, an Indian Army lawyer, attempts to defend Capt. Javed Khan who is accused of killing a decorated officer. The problem is that Khan does not wish to be defended and freely admits to his crime.","Rahul Bose, Jaaved Jaaferi, Minissha Lamba, Seema Biswas",Samar Khan,8.1,#1a1a1a,158
2094,Satyameva Jayate,2018,"Action, Crime, Drama",An honest cop attempts to hunt down a vigilante who kills corrupt cops by setting them on fire.,"John Abraham, Manoj Bajpayee, Aisha Sharma, Amruta Khanvilkar",Milap Zaveri,6.5,#4a1a1a,146
2095,The Conversion,2022,Drama,"A Movie that explores the sensitive topic of religious conversion, this movie is a captivating drama depicting girl's dilemma of what happens in an inter-faith marriage that results in religious conversion.","Vindhya Tiwari, Prateek Shukla, Ravi Bhatia, Vibha Chhibber",Vinod Tiwari,6.6,#4a3a1a,117
2096,Kismat Konnection,2008,"Comedy, Drama, Romance","A luckless architect discovers a social activist to be his lucky charm. Unfortunately, she's protecting the community center he's aiming to win a contract to tear down.","Shahid Kapoor, Vidya Balan, Vishal Malhotra, Om Puri",Aziz Mirza,6.6,#1a1a3a,149
2097,Kabul Express,2006,"Adventure, Comedy, Drama",A thrilling story spanning 48 hours of five individuals linked by hate and fear but brought together by fate to finally recognize each other.,"John Abraham, Arshad Warsi, Salman Shahid, Hanif Hum Ghum",Kabir Khan,7.5,#1a1a3a,117
2098,China Gate,1998,"Action, Adventure, Drama",10 old exiled army men decide to free a village from an evil bandit,"Om Puri, Amrish Puri, Naseeruddin Shah, Danny Denzongpa",Rajkumar Santoshi,6.2,#1a1a3a,112
2099,Ghayal Once Again,2016,"Action, Crime, Drama","When a video of his mentor's murder surfaces, an investigative journalist takes action to find those responsible.","Sunny Deol, Soha Ali Khan, Om Puri, Aanchal Munjal",Sunny Deol,5.9,#1a3a1a,128
2100,Sherdil,2022,"Comedy, Drama","Inspired by the real events that took place in the Pilibhit Tiger Reserve where people used to leave their elderly family members for tigers to prey on, and then claim compensation from the administration.","Pankaj Tripathi, Sayani Gupta, Neeraj Kabi, Akshay Kapoor",Srijit Mukherji,8.4,#2d4a22,112
2101,Kaala Barbarian Chapter 1,2023,Thriller,A surgeon who single-handedly tries to save his patient's life against all odds. Will he be able to protect an innocent family from the twisted plans of an organ trafficking mafia? What hidden truths will he unfold in the process?,"Jijoy Rajagopalan, Varun Singh Rajput, Chayanika Chaudhuri, Stuti Trivedi",Jinto Chacko Samuel,7.0,#2a2a1a,113
2102,Dance Dance,1987,"Action, Drama, Musical","Orphaned as kids, Radha and her brother Ramu make their living by dancing and singing in small functions. Ramu makes it big in the music world.","Mithun Chakraborty, Smita Patil, Mandakini, Shakti Kapoor",Babbar Subhash,8.6,#2a2a1a,158
2103,Mr. & Mrs. Khiladi,1997,"Comedy, Drama, Romance",A slacker (Akshay Kumar) must impress a wealthy man to marry her daughter (Juhi Chawla).,"Akshay Kumar, Juhi Chawla, Paresh Rawal, Anil Dhawan",David Dhawan,6.4,#1a3a1a,150
2104,Deewaar,1975,"Action, Crime, Drama","Vijay struggles as a dockworker and eventually becomes a leading figure of the underworld, while his younger brother Ravi is an educated, upright policeman. This divide causes problems in their relationship.","Amitabh Bachchan, Shashi Kapoor, Nirupa Roy, Parveen Babi",Yash Chopra,5.8,#4a4a1a,142
2105,Manjhi: The Mountain Man,2015,"Biography, Drama","Using only a hammer and a chisel, a man spends twenty-two years carving a road through a treacherous mountain.","Nawazuddin Siddiqui, Radhika Apte, Ashutosh Acharya, Shahzad Ahmed",Ketan Mehta,7.1,#1a1a1a,122
2106,Dhadak,2018,"Drama, Romance","Set in Rajasthan, this love story explores how the protagonists deal with issues like differences between castes and honor killings.","Janhvi Kapoor, Ishaan Khattar, Ashutosh Rana, Aditya Kumar",Shashank Khaitan,7.6,#4a4a1a,143
2107,Kites,2010,"Action, Drama, Romance","A wounded man searches for his sweetheart in the Mexican desert while on the run from the police, bounty hunters, and others.","Hrithik Roshan, Bárbara Mori, Nicholas Brown, Kangana Ranaut",Anurag Basu,8.2,#3a4a1a,134
2108,State of Siege: Temple Attack,2021,"Action, Thriller","Inspired by true events, the film narrates the heroic tale of NSG commandos, who step in to save innocent people when terrorists attack a temple in Gujarat.","Akshaye Khanna, Gautam Rode, Vivek Dahiya, Abhimanyu Singh",Ken Ghosh,8.2,#4a4a1a,138
2109,Dulha Mil Gaya,2010,"Comedy, Drama, Romance",A man marries so he can inherit his father's wealth.,"Sushmita Sen, Fardeen Khan, Ishita Sharma, Shah Rukh Khan",Mudassar Aziz,6.4,#16213e,149
2110,Dil Aashna Hai (...The Heart Knows),1992,"Drama, Romance","Laila, brought up in a brothel, is a cabaret dancer in Digvijay Singh's five star hotel. One day, her dying mother informs her that she is adopted. Laila is aided by Karan in her search for the mother.","Jeetendra, Mithun Chakraborty, Dimple Kapadia, Amrita Singh",Hema Malini,6.7,#1a2a1a,110
2111,Pizza,2014,Horror,A Pizza delivery boy's mundane life takes a horrifying turn when he is sent to make a delivery to the home of a family who have a dark secret. Will he be able to overcome the evil that lurks in the shadows and live to tell his tale?,"Akshay Oberoi, Parvathy Omanakuttan, Arunoday Singh, Dipannita Sharma",Akshay Akkineni,8.4,#533483,133
2112,Yuvvraaj,2008,"Comedy, Drama, Musical",Two estranged brothers must learn to work together to claim their rightful share of an inheritance left solely to their eldest sibling.,"Salman Khan, Anil Kapoor, Zayed Khan, Mithun Chakraborty",Subhash Ghai,7.9,#1a3a1a,121
2113,VD 12,2000,"Action, Drama",Add a Plot,"Vijay Deverakonda, Rashmika Mandanna, Keshav Deepak, Manikanta Varanasi",Gowtam Tinnanuri,7.7,#1a1a3a,161
2114,Happy Bhag Jayegi,2016,"Comedy, Romance","After fleeing an arranged marriage, a feisty Indian woman finds herself stranded in Pakistan where the ex-governor's son helps reunite her with her boyfriend.","Diana Penty, Abhay Deol, Jimmy Shergill, Ali Fazal",Mudassar Aziz,7.1,#4a3a1a,142
2115,PM Narendra Modi,2019,"Biography, Drama",Biography of India's Prime Minister Shri Narendra Modi.,"Boman Irani, Barkha Bisht, Vivek Oberoi, Prashant Narayanan",Omung Kumar,7.4,#2a2a1a,145
2116,Bole Chudiyan,2000,"Comedy, Drama, Romance",Inspired by true life events of the lead actor Nawazuddin Siddiqui.,"Tamannaah Bhatia, Nawazuddin Siddiqui, Rajpal Naurang Yadav, Aditya Srivastav",Shamas Nawab Siddiqui,8.5,#1a1a2e,158
2117,Mohabbat,1997,"Drama, Romance","Two men from different backgrounds fall in love with the same woman, but one has a deadly secret after a traumatic accident.","Madhuri Dixit, Sanjay Kapoor, Akshaye Khanna, Farooq Shaikh",Reema Rakesh Nath,8.3,#1a4a1a,122
2118,Arjun Pandit,1999,"Action, Crime, Romance",An unexpected betrayal transforms a meek college professor into a cold-blooded gangster who wants to marry a woman against her wishes.,"Sunny Deol, Juhi Chawla, Saurabh Shukla, Mukesh Rishi",Rahul Rawail,6.3,#3a2a1a,149
2119,Beta,1992,"Drama, Romance","Raju, the only heir of a millionaire, is brainwashed by his stepmother for her greed of his entire property.","Anil Kapoor, Madhuri Dixit, Aruna Irani, Laxmikant Berde",Indra Kumar,7.6,#0f3460,140
2120,'D',2005,"Crime, Drama, Thriller","Deshu, a mechanic from Dubai, comes home to Mumbai, and gets embroiled in a crime by accident. The film shows his meteoric rise from common, law-abiding man to underworld kingpin.","Randeep Hooda, Chunky Pandey, Rukhsar Rehman, Isha Koppikar",Vishram Sawant,8.3,#1a3a4a,127
2121,Saugandh,1991,"Action, Drama, Romance","A woman whose entire family was murdered by a cruel landowner, vows that she will get her son and his daughter married someday.","Rakhee Gulzar, Akshay Kumar, Shanti Priya, Aryeman Ramsay",Raj N. Sippy,7.9,#4a1a4a,115
2122,Aap Mujhe Achche Lagne Lage,2002,"Action, Drama, Romance","The daughter of a rich criminal industrial tycoon falls in love with a college boy. The tycoon, what a surprise, objects...","Hrithik Roshan, Ameesha Patel, Kiran Kumar, Mukesh Tiwari",Vikram Bhatt,8.3,#1a3a4a,146
2123,Thackeray,2019,"Biography, Drama","From controversial cartoonist to powerful Mumbai politician, this biopic maps the meteoric rise of far-right Shiv Sena party founder, Bal Thackeray.","Nawazuddin Siddiqui, Amrita Rao, Prakash Belawadi, Nilesh Divekar","Abhijit Panse, Amol Bhor",6.2,#1a1a2e,151
2124,Julie,1975,"Family, Musical, Romance","Julie is an anglo-Indian girl with a loving, but alcoholic father and a domineering mother, a younger brother and sister. She falls in love with her best friend's brother Shashi ...                See full summary »","Lakshmi, Vikram Makandar, Nadira, Utpal Dutt",K.S. Sethumadhavan,8.6,#1a3a4a,152
2125,Shimla Mirchi,2020,"Comedy, Romance","While on holiday, Avi meets Naina and falls in love with her. Smitten, he decides to stay and work in her cafe. He confesses his love in a letter, however it's Naina's mother who mistakenly reads it.","Hema Malini, Rajkummar Rao, Rakul Preet Singh, Shakti Kapoor",Ramesh Sippy,8.3,#1a3a1a,110
2126,Golmaal Again,2017,"Action, Comedy, Fantasy",The gang encounters with some spiritual bodies and finds out the truth about the Jamnadas Orphanage where they were brought up.,"Ajay Devgn, Arshad Warsi, Tabu, Shreyas Talpade",Rohit Shetty,7.5,#1a1a2e,135
2127,Madhumati,1958,"Fantasy, Musical, Mystery","A young man takes shelter in a mansion when a landslide blocks his route to the railway station. Then, he finds the mansion familiar and soon learns about the story of his previous birth.","Dilip Kumar, Vyjayanthimala, Johnny Walker, Pran Sikand",Bimal Roy,8.3,#e94560,150
2128,Kick 2,2000,Drama,Add a Plot,"Salman Khan, Jacqueline Fernandez, Randeep Hooda, Akshaye Khanna",Jai Basantu Singh,8.1,#2d4a22,133
2129,Soni,2018,"Crime, Drama","While fighting crimes against women in Delhi, a short-fused policewoman and her level-headed female boss grapple with gender issues in their own lives.","Geetika Vidya Ohlyan, Saloni Batra, Vikas Shukla, Mohit Chauhan",Ivan Ayr,8.2,#4a4a1a,160
2130,Saagar,1985,"Drama, Romance","Raja, a fisherman is secretly in love with Mona. When wealthy Ravi comes to live with his grandmother, Kamladevi, he sees Mona and falls in love with her. Mona also reciprocates his love. ...                See full summary »","Rishi Kapoor, Kamal Haasan, Dimple Kapadia, Nadira",Ramesh Sippy,5.8,#e94560,112
2131,Paap,2003,"Action, Crime, Drama",Kaya lives in a Buddhist village of Monks with her father who wants Kaya to devote her self to god and not live a normal like other females.The village head monk Lamha asks Kaya to travel ...                See full summary »,"John Abraham, Udita Goswami, Mohan Agashe, Gulshan Grover",Pooja Bhatt,7.5,#1a2a1a,140
2132,Jackpot,2013,"Comedy, Thriller",There are places in Goa where the rich can easily be fooled out of their money. A group of swindlers take advantage of this and risk everything just to get caught in a web of their own making.,"Naseeruddin Shah, Sunny Leone, Sachiin Joshi, Bharath Niwas",Kaizad Gustad,8.3,#1a3a4a,129
2133,Roadside Romeo,2008,"Animation, Adventure, Comedy","This is the story of Romeo. A dude who was living the life. He had the works - the mansion to live in, the chicks to party with and the cars to be driven around in. Until one day, the ...                See full summary »","Saif Ali Khan, Kareena Kapoor, Jaaved Jaaferi, Vrajesh Hirjee",Jugal Hansraj,5.9,#4a1a4a,124
2134,Maarrich,2022,"Crime, Mystery, Thriller",A police official starts a wild goose chase to find a murderer. The journey unfolds deep dark secrets from the past which leads to a spine chilling face off in the finale,"Tusshar Kapoor, Chelsha Gosai, Aakash Dahiya, Rahul Dev",Dhruv Lather,7.4,#0f3460,128
2135,Punjab '95,2000,"Biography, Crime, Drama",Based on the life of prominent human rights activist jaswant singh kalra.,"Arjun Rampal, Suvinder Vicky, Diljit Dosanjh, Varun Badola",Honey Trehan,8.6,#1a1a2e,136
2136,Dosti: Friends Forever,2005,"Drama, Romance","Karan Thapar, a wealthy young man, is saved by Raj Malhotra, a poor guy, from a near-death accident, which gives rise to their unending tale of friendship and brotherhood.","Akshay Kumar, Bobby Deol, Kareena Kapoor, Lara Dutta",Suneel Darshan,8.2,#1a1a2e,149
2137,Ziddi,1997,"Action, Drama","It is the story of a hot-tempered and stubborn man Deva, who is feared because of his ruthless ways and severe punishment to the local hoodlums. Later, Deva avenges the death of his brother and sister.","Sunny Deol, Raveena Tandon, Anupam Kher, Ashish Vidyarthi",Guddu Dhanoa,8.8,#0f3460,138
2138,Dushmun,1971,Drama,"A truck-driver accused of killing a man is sentenced to providing for the family of his victim. His interactions with the victim's village, as well as that person's widow and orphan, is the story.","Meena Kumari, Mumtaz Askari, Rajesh Khanna, Kumari Naaz",Dulal Guha,7.8,#3a2a1a,114
2139,The Accidental Prime Minister,2019,"Biography, Drama",Explores Manmohan Singh's tenure as the Prime Minister of India and the kind of control he had over the cabinet and the country.,"Anupam Kher, Akshaye Khanna, Suzanne Bernert, Vipin Sharma",Vijay Ratnakar Gutte,6.6,#0f3460,131
2140,Preetam,1971,"Comedy, Romance","Rukmani gets married to Rana and faces endless abuse and beatings which do not end even when she gets pregnant. The Police arrest Rana for Robbery, try him in Court and sentence him to ...                See full summary »","Shammi Kapoor, Leena Chandavarkar, Helen, Vinod Khanna",Bhappi Sonie,6.2,#3a4a1a,141
2141,Ajmer 92,2023,"Crime, Drama, History",The true events of the gang rape and blackmailing of over one hundred school and college-age girls in Ajmer.,"Karan Verma, Sumit Singh, Rajesh Sharma, Ishan Mishra",Pushpendra Singh,8.5,#2a2a1a,124
2142,Hindutva,2022,Drama,"The depths of Hinduism is seen through its principal characters.Friendship, love and student politics are put in place.","Agast Anand, Shiven Basnet, Surmeet Basra, Sonarika Bhadoria",Karan Razdan,6.8,#533483,122
2143,Shakuntala Devi,2020,"Biography, Drama","Shakuntala Devi, a mathematician's journey to become 'The Human Computer' and her relationship with her daughter.","Vidya Balan, Adi Chugh, Sanya Malhotra, Jisshu Sengupta",Anu Menon,7.9,#0f3460,130
2144,Anwar,2007,"Drama, Romance, Thriller","Anwar, a middle-class Muslim, falls in love with Mehru, a Hindu girl. Post her death, he is caught by the police and a misunderstanding leads them to believe that he is a terrorist.","Siddharth Koirala, Nauheed Cyrusi, Manisha Koirala, Rajpal Naurang Yadav",Manish Jha,6.3,#4a4a1a,158
2145,Garv: Pride and Honour,2004,"Action, Crime, Drama",An honest and decorated police officer is arrested on charges of mass murder and trapped in a corrupt political system which sends him sinking into deeper and deeper trouble.,"Salman Khan, Shilpa Shetty Kundra, Arbaaz Khan, Akanksha Malhotra",Puneet Issar,8.6,#533483,125
2146,The Storyteller,2022,Drama,"Based on Satyajit Ray's short story ""Golpo Boliye Tarini Khuro"" about originality versus plagiarism.","Paresh Rawal, Adil Hussain, Revathi, Tannishtha Chatterjee",Anant Mahadevan,5.9,#2d4a22,114
2147,Kochadaiiyaan,2014,"Animation, Action, Adventure","A noble warrior seeks revenge against the ruler of his kingdom, who killed his father, and also ends up upsetting the neighboring enemy kingdom's ruler.","Rajinikanth, Deepika Padukone, R. Sarathkumar, Jackie Shroff",Soundarya Rajinikanth Vishagan,7.6,#e94560,152
2148,Tahkhana,1986,"Action, Drama, Horror","A dying Thakur Surjeet Singh bequeaths the entire estate to his son, Raghuvir, disowning the other, Dhurjan, the family's black sheep, who also indulges in black magic. The latter swears to...                See full summary »","Hemant Birje, Kamran Rizvi, Arti Gupta, Preeti Sapru","Shyam Ramsay, Tulsi Ramsay",8.3,#3a2a1a,130
2149,Bombay,2023,Action,"Ulas Mhatre, an underworld don operates activities with his trusted members Nana, Tatya, and Sherry. Things changes when Tatya goes missing with no evidence.","Gavie Chahal, Deepshikha Nagpal, Danish Bhatt, Ganesh Pai",Sanjay Niranjan,7.0,#1a3a4a,131
2150,King Uncle,1993,"Comedy, Drama, Family","When a runaway orphan ends up at the house of a cruel millionaire, she decides to alter his perception of the world.","Jackie Shroff, Shah Rukh Khan, Nagma, Sushmita Mukherjee",Rakesh Roshan,7.9,#1a2a1a,113
2151,Chhota Bheem aur Krishna: Mayanagari,2011,"Animation, Action, Fantasy","After Krishna stops Maayandri from releasing her brother, Kirmada, Maayandri decides to exact revenge on him. Later, Bheem and his friends set out to rescue Krishna and defeat Maayandri.",Vatsal Dubey,Rajiv Chilaka,8.7,#4a1a4a,121
2152,Bedhadak,2000,Drama,"Romantic triangular LoveStory of 3 characters Karan, Angad and Nimrit,, which gives amazing drama and emotions..!.","Lakshya, Vikram Bhatt, Shanaya Kapoor, Gurfateh Pirzada",Shashank Khaitan,6.6,#16213e,115
2153,Yaara,2020,"Action, Crime, Drama",Former criminals reunite after years to rescue a friend arrested by the police.,"Vidyut Jammwal, Amit Sadh, Mohommed Ali Shah, Kenny Basumatary","Manish Soni, Tigmanshu Dhulia",8.8,#0f3460,131
2154,De De Pyaar De,2019,"Comedy, Drama, Romance",A 50-year-old single father faces disapproval from his family and his ex-wife when he falls in love with a 26-year-old woman.,"Ajay Devgn, Tabu, Rakul Preet Singh, Jimmy Shergill",Akiv Ali,6.4,#1a1a2e,158
2155,Malaal,2019,"Action, Drama, Romance","Malaal is the story of Shiva and Astha, two very different people from contrasting backgrounds who experience the innocence of love. Does their love find its destination or do they part ways? Stay on this journey to find out.","Meezaan Jafri, Sharmin Segal, Chinmayee Surve, Anil Gawas",Mangesh Hadawale,7.2,#1a3a4a,112
2156,Match Of Life,2022,Comedy,"Match of Life"" is based on a cricketer's life who looks like Virat Kohli and what circumstances he faces in day-to-day life being a normal person with a celebrity face.","Rajpal Naurang Yadav, Sudha Chandran, Pankaj Berry, Supriya Karnik",Aman Sagar,7.7,#1a3a4a,140
2157,Ek Betuke Aadmi Ki Afrah Raatein,2023,Drama,Add a Plot,"Pawan Chakravarti, Archanna Guptaa, Adil Hussain, Raghav Jhingran",Sharad Raj,7.8,#1a3a4a,117
2158,Do Dooni Chaar,2010,"Comedy, Crime, Drama",A middle class family in India tries to buy a new car.,"Rishi Kapoor, Neetu Singh, Aditi Vasudev, Archit Krishna",Habib Faisal,7.4,#1a4a1a,119
2159,Bhabhi,1991,"Comedy, Drama, Family","Sita lives a middle-class lifestyle with her retired and widowed schoolmaster dad, Ramdas. One day she is molested by Prakash and slaps him. A few days later, wealthy Ghanshyamdas, a former...                See full summary »","Bhanupriya, Govinda, Juhi Chawla, Gulshan Grover",Kishore Vyas,7.4,#0f3460,115
2160,Badal,2000,"Action, Crime, Drama","Badal (Bobby Deol) is a victim of the 1984 riots, brought up by a terrorist (Ashish Vidyarthi). Badal lives with the sole aim of exterminating a police cop Rana (Ashutosh Rana) now the DGP....                See full summary »","Bobby Deol, Rani Mukerji, Mayuri Kango, Ashutosh Rana",Raj Kanwar,6.7,#1a4a1a,155
2161,Badla Sherni Ka,2001,Action,"Jungle woman Sherni objects when greedy hunters invade the forest, killing the animals for their tusks and hides.","Sapna Sappu, Amit Pachori, Junior Johnny Lever, Anil Nagrath",Kanti Shah,6.1,#3a2a1a,154
2162,Awara Pagal Deewana 2,2000,Drama,"After faking his death, former killer-for-hire Guru Gulab Khatri retires to Maldives with his new wife, Tina, while his ex-wife, Preeti, settles down in California with Anmol. The peaceful lives of both couples are interrupted by a mafia.","Akshay Kumar, Sanjay Dutt, Disha Patani, Dalip Singh",Ahmed Khan,7.4,#1a1a2e,112
2163,Badnaam Gali,2019,Comedy,"It encompasses the journey of a surrogate mother, played by Patralekhaa, and her dynamic relationship with people around her.","Patralekhaa Paul, Divyendu Sharma, Dolly Ahluwalia, Paritosh Sand",Ashwin Shetty,6.5,#3a4a1a,153
2164,Vishwaroopam,2013,"Action, Thriller","When a classical dancer's suspecting wife sets an investigator behind him, a series of violent events are triggered, revealing his real identity and connection to a darker world.","Pooja Kumar, Miles Anderson, Kamal Haasan, Rahul Bose",Kamal Haasan,6.6,#1a1a1a,120
2165,Unpaused,2020,"Drama, Romance","An anthology that brings together 5 unique creators of Hindi cinema featuring stories of love, new beginnings, second chances, and a glimmer of hope. Set and filmed in the times of the Covid-19 lockdown.","Gulshan Devaiah, Saiyami Kher, Richa Chadha, Ishwak Singh","Nikkhil Advani, Avinash Arun, Tannishtha Chatterjee, Krishna D.K., Nitya Mehra, Raj Nidimoru",7.5,#1a4a1a,138
2166,Vedaat Maratha Veer Daudale Saat,2000,History,Seven valiant warriors who had the sole aim of bringing Shivaji Maharaj's dream of Swarajya to reality.,"Akshay Kumar, Pravin Tarde, Satya Manjrekar, Utkarsh Shinde",Mahesh Manjrekar,7.2,#0f3460,122
2167,Victoria: Ek Rahasya,2023,"Horror, Thriller",A couple arrives at Hotel Victoria and are greeted by the creepy owner who is the only occupant of the sprawling property. The hotel seems to house a sinister presence that harasses the couple till the secrets of the hotel are unearthed.,"Pushkar Jog, Sonalee Kulkarni, Aashay Kulkarni, Heera Sohal","Jeet Ashok, Virajas Kulkarni",7.8,#1a4a1a,144
2168,Tum Mere Ho,1990,"Fantasy, Horror, Romance",Shiva is blessed with magical powers of charming snakes. He falls head-over-heels in love with Paro.,"Aamir Khan, Juhi Chawla, Ajit Vachani, Sudhir Pandey",Tahir Hussain,7.6,#1a3a1a,139
2169,Jaani Dushman: Ek Anokhi Kahani,2002,"Action, Fantasy, Horror",A shape-shifting snake exacts vengeance on a group of friends for a crime they did not even commit.,"Sunny Deol, Arman Kohli, Manisha Koirala, Akshay Kumar",Rajkumar Kohli,7.0,#0f3460,127
2170,Amar Akbar Anthony,1977,"Action, Comedy, Drama","Three brothers are separated and united after many years - one is brought up a Hindu, another a Muslim and the last (and most memorable) a Christian. Hilarity and adventure ensues.","Vinod Khanna, Rishi Kapoor, Amitabh Bachchan, Shabana Azmi",Manmohan Desai,8.5,#533483,117
2171,Spirit,2000,Drama,A gang leader tries to keep a promise made to his dying friend and takes on the other criminal gangs.,"Shahid Kapoor, Prabhas, Olivia Morris, Trisha Krishnan",Sandeep Reddy Vanga,8.1,#1a4a1a,160
2172,Khamoshi: The Musical,1996,"Drama, Musical, Romance",The daughter of deaf-mute parents seeks their understanding when she discovers a love for music.,"Manisha Koirala, Nana Patekar, Salman Khan, Seema Biswas",Sanjay Leela Bhansali,8.7,#4a4a1a,118
2173,Teesri Kasam,1966,"Comedy, Drama, Romance",A naive bullock-cart driver falls for a traveling courtesan.,"Raj Kapoor, Waheeda Rehman, Dulari, Iftekhar",Basu Bhattacharya,6.3,#4a1a1a,141
2174,Pati Patni Aur Woh,2019,"Comedy, Romance","Chintu Tyagi is an ordinary, middle class man who finds himself torn between his wife and another woman.","Kartik Aaryan, Bhumi Pednekar, Ananya Panday, Aparshakti Khurana",Mudassar Aziz,6.9,#16213e,137
2175,Chhatriwali,2023,"Comedy, Drama","Sanya is an unemployed chemistry genius looking for a job. However, she also wants to use her knowledge of chemistry to help young minds move beyond the taboos of sex with the right education.","Rakul Preet Singh, Sumeet Vyas, Satish Kaushik, Dolly Ahluwalia",Tejas Prabha Vijay Deoskar,6.8,#4a4a1a,154
2176,Lootcase,2020,"Comedy, Crime","Nandan Kumar comes across a suitcase and discovers it is full of cash. He takes the suitcase and soon finds himself being chased by a notorious gangster, an honest cop and a minister, who want the suitcase at any cost.","Kunal Kemmu, Rasika Dugal, Vijay Raaz, Ranvir Shorey",Rajesh Krishnan,6.4,#e94560,127
2177,Murder Mubarak,2000,"Comedy, Horror, Mystery",Add a Plot,"Vijay Varma, Sara Ali Khan, Pankaj Tripathi, Dimple Kapadia",Homi Adajania,6.6,#3a2a1a,145
2178,Sarzameen,2000,"Drama, Mystery, Thriller","A family, in the middle of a rising insurgency in Kashmir, and a terrible secret linking the two..","Kajol, Prithviraj Sukumaran, Tota Roy Chowdhury, Rajesh Sharma",Kayoze Irani,8.0,#2d4a22,151
2179,Ruslaan,2000,"Action, Thriller",Plot under wraps.,"Jagapathi Babu, Aayush Sharma, Vidya Malvade, Richard Bhakti Klein",Katyayan Shivpuri,6.9,#1a3a1a,134
2180,Earth,1998,"Drama, Romance, War",It's 1947 and the borderlines between India and Pakistan are being drawn. A young girl witnesses tragedy as her ayah (nanny) is caught between the love of two men and the rising tide of political and religious violence.,"Aamir Khan, Nandita Das, Rahul Khanna, Maia Sethna",Deepa Mehta,6.1,#1a3a4a,149
2181,Mister Mummy,2022,"Comedy, Drama",A couple with opposing choices when it comes to children but destiny has something else planned for the childhood sweethearts.,"Riteish Deshmukh, Genelia Deshmukh, Mahesh Manjrekar, Atul Sharma",Shaad Ali,7.3,#1a1a1a,153
2182,Pailwaan,2019,"Action, Drama, Sport","Krishna, a fierce wrestler, faces challenges in his personal life as he tries to fulfill the dream of his father, an ex-wrestler.","Suniel Shetty, Sushant Singh, Aakanksha Singh, Sudeep",S Krishna,6.7,#1a2a1a,143
2183,Rajnigandha,2021,"Crime, Drama",Rajnigandha is a heart-wrenching story of a father and daughter.,"Monika Agnihotrie, Parul Agrawal, Zoie Aggarwal Ahmed, Veebha Anand","Pritesh Srivastava, Pritesh Kumar Srivastava",6.7,#e94560,117
2184,Haré Rama Haré Krishna,1971,"Drama, Musical","In the background of the rise of the International Hare Krishna movement in the 1970s, is a Montreal-based family of the Jaiswals, consisting of mom, dad, son, Prashant, and daughter, ...                See full summary »","Zeenat Aman, Dev Anand, Mumtaz Askari, Baby Guddi",Dev Anand,6.8,#2d4a22,115
2185,Sold,2014,Drama,A girl risks everything for freedom after being trafficked from her mountain village in Nepal to a brothel in India.,"Gillian Anderson, David Arquette, Tillotama Shome, Priyanka Bose",Jeffrey D. Brown,7.4,#1a3a4a,123
2186,Bhoot,2003,"Horror, Mystery, Thriller","When a married couple moves into a flat that is haunted by a spirit, a series of inexplicable experiences drive the wife to near madness. Now, the husband must protect his wife to save their marriage.","Ajay Devgn, Urmila Matondkar, Nana Patekar, Rekha",Ram Gopal Varma,6.0,#0f3460,149
2187,Martin,2023,"Action, Drama, Thriller","A journey of a man discovering himself, finding love and fighting for his motherland. Can he hold the fort on all three gates?","Dhruva Sarja, Vaibhavi Shandilya, Sriram Reddy Polasane, Nawab Shah",A.P. Arjun,8.0,#1a3a1a,139
2188,Pyar Ke Do Pal,1986,"Action, Drama","Twins separated by a court order meet at camp and decide to reunite their parents, unaware of the dark secret that drove them apart years before.","Mithun Chakraborty, Bindu Desai, Krishan Dhawan, Jagdeep",Rajiv Mehra,7.3,#1a4a1a,133
2189,Tumko Na Bhool Paayenge,2002,"Action, Romance, Thriller",An amnesiac Hindu man remembers his past as a Muslim sharpshooter and an assassin.,"Pankaj Dheer, Arbaaz Khan, Salman Khan, Sushmita Sen",Pankaj Parashar,7.1,#1a3a1a,116
2190,Fugly,2014,"Drama, Thriller",Four friends fight against a corrupt police officer who extorts money from them for not framing them in a murder which the officer committed himself.,"Jimmy Shergill, Mohit Marwah, Kiara Advani, Vijender Singh",Kabir Sadanand,6.1,#4a1a4a,125
2191,Anokha Bandhan,1982,Drama,"Shyamlal has a happy family with his wife Anu, and step-brother Ram. Anu take care of Ram as her own son. Anu's mother came to her house, who wants that Anu should hate Ram. This creates rift between Anu and Ram.","Shabana Azmi, Seema Deo, Vishal Desai, Aruna Irani",Mehul Kumar,8.7,#533483,135
2192,Phas Gaye Re Obama,2010,"Comedy, Crime, Drama","Om Shastri, a recession victim comes to India to sell his ancestors property to clear is debt. On reaching he comes to know that selling the property will make his family homeless in India. Later he is kidnapped by goons thinking a rich NRI.","Rajat Kapoor, Neha Dhupia, Sanjay Mishra, Manu Rishi Chadha",Subhash Kapoor,7.8,#4a4a1a,146
2193,Tauba Tauba,2004,"Comedy, Drama","15-year-old Sunny (Amin Gazi), the motherless child of business tycoon Mohan Shanbagh (Ayub Khan), is obsessed with sex, partially because of his environment. His sex-crazed principal Mr. ...                See full summary »","Laxmikant Berde, Bobby Darling, Amin Gazi, Vikaas Kalantari",T.L.V. Prasad,6.8,#1a3a1a,141
2194,Heropanti,2014,"Action, Romance",Two young people find love despite the violent landscape in which they live.,"Tiger Shroff, Kriti Sanon, Parthaa Akerkar, Sunil Grover",Sabir Khan,6.3,#e94560,126
2195,Pihu,2016,"Drama, Thriller","A two year old must fend for herself when her mother suddenly passes by away while her father is gone for a conference, leaving her prone to danger.","Rahul Bagga, Pihu Myra Vishwakarma, Prerna Vishwakarma",Vinod Kapri,6.3,#4a1a1a,134
2196,Oh My Ghost,2022,"Comedy, Horror","When a single women and her two friends reaches in a small town, they begin to discover their connection to the original Ghost and the secret legacy their grandfather left behind","Sunny Leone, Yogi Babu, Motta Rajendran, Sathish",R. Yuvan,8.2,#0f3460,140
2197,Chamatkar,1992,"Comedy, Drama, Fantasy","When Sunder loses everything, he seeks refuge in a graveyard, where he befriends a ghost.","Naseeruddin Shah, Shah Rukh Khan, Urmila Matondkar, Malvika Tiwari",Rajiv Mehra,8.2,#4a1a4a,119
2198,Dasvidaniya,2008,"Comedy, Drama","A man who loves to make ""to-do lists"" makes one last bucket list when he realizes he is about to die.","Vinay Pathak, Sarita Joshi, Rajat Kapoor, Saurabh Shukla",Shashant Shah,6.5,#4a1a4a,157
2199,MP3: Mera Pehla Pehla Pyaar,2007,"Comedy, Drama, Musical","Delhi-based Rohan Sood lives a wealthy lifestyle along with his businessman dad, Shekhar, and mom, Renu. He attends St. Lawrence High School and is friendly with Vasu, Sudhir and Javed, and...                See full summary »","Menekka Arora, Sarthak Bhasin, Sagar Chawla, Hazel Croney",Robbie Grewal,7.5,#4a3a1a,138
2200,Andaaz,2003,"Drama, Musical, Romance","Loyalty, Respect, commitment and love. What is Love? Loyalty, respect, commitment and friendship. Friendship and Love... Love and Friendship... So much in common, yet so different in emotion!","Akshay Kumar, Lara Dutta, Priyanka Chopra Jonas, Rajeev Verma",Raj Kanwar,8.1,#1a2a1a,140
2201,Shanakht,1989,Drama,A military officer plane crashes in a lake his life is saved but looses his memory an dis nursed by a college student.,"Amitabh Bachchan, Madhuri Dixit, Madhavi",Tinnu Anand,6.5,#1a3a4a,160
2202,Daag: A Poem of Love,1973,"Drama, Music, Romance",Sunil is convicted of murder and is on the run. But the long arm of the law and his past finally catch up with him. Can he outrun his destiny for long?,"Rajesh Khanna, Sharmila Tagore, Rakhee Gulzar, Prem Chopra",Yash Chopra,6.2,#2d4a22,138
2203,Dostana 2,2021,Comedy,Add a Plot,"Janhvi Kapoor, Abhishek Banerjee, Lakshya, Kirron Kher",Collin D'Cunha,8.5,#16213e,156
2204,Nache Nagin Gali Gali,1989,Horror,"While trying to save themselves from an evil black magician, two shape-shifting snakes who are in love with each other get separated in a crowd. As young adults, they both try to find each other.","Meenakshi Sheshadri, Nitish Bharadwaj, Sadashiv Amrapurkar, Sahila Chaddha",Mohanji Prasad,7.0,#1a1a1a,142
2205,Auron Mein Kahan DumTha,2000,"Drama, Romance",Showcases a love story that unfolds from 2002 to 2023.,"Ajay Devgn, Tabu, Jimmy Shergill, Shantanu Maheshwari",Neeraj Pandey,7.3,#4a1a1a,137
2206,What's Your Raashee?,2009,"Comedy, Drama, Romance","A young man has only ten days to locate his soulmate as dictated by the stars, otherwise he could lose a fortune. He thus embarks on a journey through love, looking through twelve girls to find the one who fits his horoscope.","Harman Baweja, Priyanka Chopra Jonas, Anjan Srivastav, Manju Singh",Ashutosh Gowariker,7.9,#1a1a2e,141
2207,Tutak Tutak Tutiya,2016,"Comedy, Horror",The Hindi version of the trilingual horror-comedy wherein a husband finds out his wife is possessed. The Telugu version is Abhinetri (2016) and the Tamil version is Devi (2016),"Sonu Sood, Rajiv Thakur, Rj Ajay, RJ Balaji",A.L. Vijay,6.3,#1a3a4a,117
2208,Jaal: The Trap,2003,"Action, Crime, Drama","When his girlfriend is kidnapped by Kashmiri terrorists, a commando is tasked with kidnapping the Home Minister's daughter in order to secure his lady love's release.","Sunny Deol, Tabu, Reema Sen, Anupam Kher",Guddu Dhanoa,6.2,#4a1a4a,126
2209,Sharaabi,1984,"Comedy, Drama, Romance",A workaholic businessman neglects his only son after his wife's death. The son grows up to be a rebellious alcoholic.,"Amitabh Bachchan, Ranjeet Bedi, Bharat Bhushan, C.S. Dubey",Prakash Mehra,7.3,#1a1a2e,154
2210,Badmaa$h Company,2010,"Comedy, Crime, Drama",Four youngsters grow rich together with a big idea in 90's middle-class Bombay. All is hunky dory till they are forced to shut shop until a plan comes up.,"Shahid Kapoor, Anushka Sharma, Meiyang Chang, Vir Das",Parmeet Sethi,5.8,#0f3460,161
2211,Hamari Adhuri Kahani,2015,"Drama, Romance","A single mother finds solace with a wealthy, but lonely hotel magnate, together they find love until her past comes back to confront her.","Emraan Hashmi, Vidya Balan, Rajkummar Rao, Sara Khan",Mohit Suri,8.4,#16213e,128
2212,Bad Boy,2023,"Comedy, Drama, Romance",A light comedy about a good-for-nothing boy who falls in love with a studious girl from a conservative family. Thus the funny conflict and situations that pop up.,"Namashi Chakraborthy, Amrin Qureshi, Darshan Jariwala, Johny Lever",Rajkumar Santoshi,6.5,#1a4a1a,140
2213,Doordarshan,2020,"Comedy, Drama","When the family's grandmother wakes up, the parents who have been bickering over their divorce are compelled to revive their marriage and keep the peace at home.","Manu Rishi Chadha, Mahie Gill, Dolly Ahluwalia, Shardul Rana",Gagan Puri,7.3,#1a1a3a,126
2214,Haasil,2003,"Crime, Drama, Romance","Aniruddh, a law-abiding college student, in love with Niharika, gets caught up in college politics and crime and must fight it out for himself when his friend becomes his foe.","Jimmy Shergill, Hrishitaa Bhatt, Irrfan Khan, Ashutosh Rana",Tigmanshu Dhulia,7.7,#4a3a1a,113
2215,Neal 'N' Nikki,2005,"Comedy, Musical, Romance",Take a joyride with Neal and Nikki as they travel all across Canada to find what they want most. And it's going to be quite a trip.,"Uday Chopra, Tanishaa Mukerji, Abhishek Bachchan, Richa Pallod",Arjun Sablok,7.5,#1a1a1a,142
2216,Bandhan,1998,"Action, Drama, Romance",A united household is shaken to the core when Raju's (Salman Khan's) brother-in-law marries a prostitute.,"Jackie Shroff, Salman Khan, Rambha, Ashwini Bhave","K. Muralimohana Rao, Rajesh Malik",8.4,#e94560,145
2217,Hijack,2008,"Action, Thriller","After the passing away of his wife, Pooja, Delhi-based Vikram Madan, enrolls his daughter, Priya, in a boarding school in Amritsar, and re-locates to work as a Mechanic at Chandigarh ...                See full summary »","Shiney Ahuja, Mona Ambegaonkar, Ananya Chadha, Gananay Chadha",Kunal Shivdasani,7.9,#2a2a1a,121
2218,Fida,2004,"Action, Crime, Drama","A young man is hellbent to destroy his arch enemy and his lover, who destroyed his life.","Kareena Kapoor, Fardeen Khan, Shahid Kapoor, Kim Sharma",Ken Ghosh,5.9,#1a3a1a,158
2219,Cold Case,2021,"Horror, Mystery, Thriller","The film tells the riveting story of a complex murder case, parallelly investigated by a police officer and an investigative journalist in their own way, who eventually cross paths to unravel secrets they never imagined.","Prithviraj Sukumaran, Aditi Balan, Lakshmi Priyaa Chandramouli, Anil Nedumangad",Tanu Balak,6.1,#e94560,137
2220,Mastizaade,2016,Comedy,Sunny Kele and Aditya Chothia are two spoiled bachelors who are sex addicts. Their life takes an unexpected turn after they meet twin sisters Lily and Laila who treat sex addicts at their clinic.,"Tusshar Kapoor, Vir Das, Sunny Leone, Govardhan Asrani",Milap Zaveri,6.0,#1a2a1a,144
2221,Ab Tak Chhappan,2004,"Crime, Drama",An honest encounter specialist's life begins to change with the arrival of a new police commissioner who has ties with a local don.,"Nana Patekar, Revathi, Yashpal Sharma, Mohan Agashe",Shimit Amin,7.4,#16213e,125
2222,Akele Hum Akele Tum,1995,"Drama, Romance",An estranged couple battle for the custody of their only son.,"Aamir Khan, Manisha Koirala, Master Adil, Deven Verma",Mansoor Khan,7.5,#4a3a1a,127
2223,Jab Pyaar Kisise Hota Hai,1998,"Comedy, Drama, Romance","A Playboy's past catches up with him, when he wants to get married","Salman Khan, Twinkle Khanna, Johny Lever, Farida Jalal",Deepak Sareen,8.5,#1a1a3a,157
2224,Allah-Rakha,1986,"Action, Drama","Karim Khan is employed as driver for a gangster named Don, who has an accident with his car, and asks Karim to take the blame for it for a hefty sum of cash, which Karim does so, and is ...                See full summary »","Jackie Shroff, Shammi Kapoor, Waheeda Rehman, Biswajeet Chatterjee",Ketan Desai,8.3,#1a1a3a,147
2225,Bhaagamathie Full Hindi Dubbed Movie,2018,Horror,Add a Plot,"Jayaram, Asha Sharath, Murli Sharma, Anushka Shetty",Ashok G.,7.2,#3a2a1a,164
2226,Saathiya,2002,"Drama, Family, Romance",A couple elopes to get married and set up home hoping that just love will do the trick - but that's just the beginning of their story.,"Vivek Oberoi, Rani Mukerji, Shah Rukh Khan, Tabu",Shaad Ali,6.1,#4a1a4a,113
2227,Ankahi Kahaniya,2021,"Drama, Romance","As big city life buzzes around them, lonely souls discover surprising sources of connection and companionship in three tales of love, loss and longing.","Abhishek Banerjee, T.J. Bhanu, Nikhil Dwivedi, Palomi Ghosh","Abhishek Chaubey, Saket Chaudhary, Ashwiny Iyer Tiwari",6.7,#1a4a1a,113
2228,Pudhu Pettai,2006,"Action, Crime, Drama","After running away from his home, Kumar falls in with a gang and slowly rises through the ranks of the criminal underworld.","Dhanush, Sneha, Sonia Agarwal, Azhagam Perumal",K. Selvaraghavan,6.3,#1a1a3a,117
2229,Tejas,2023,"Action, Drama, Thriller","Revolves around the extraordinary journey of Tejas Gill, an Air Force pilot, and aims to inspire and instill a deep sense of pride in the valiant soldiers who tirelessly defend our nation, confronting numerous challenges along the way.","Kangana Ranaut, Anshul Chauhan, Varun Mitra, Veenah Naair",Sarvesh Mewara,6.9,#4a3a1a,125
2230,Shubh Mangal Saavdhan,2017,"Comedy, Romance","In this remake of Kalyana Samayal Saadham (2013), a couple fall in love but then the groom discovers that he suffers from erectile dysfunction.","Ayushmann Khurrana, Bhumi Pednekar, Seema Pahwa, Anshul Chauhan",R.S. Prasanna,7.6,#1a1a1a,114
2231,Phantom,2015,"Action, Drama, Thriller",A disgraced Indian soldier carries out a series of assassinations in the hope of restoring his honour.,"Saif Ali Khan, Katrina Kaif, Sabyasachi Chakrabarty, Rajesh Tailang",Kabir Khan,6.7,#3a2a1a,118
2232,Aisha,2010,"Comedy, Drama, Romance",Chaos results after a wealthy woman decides to turn matchmaker for a naive village belle.,"Sonam Kapoor, Abhay Deol, Karamjeet Madonna, Amrita Puri",Rajshree Ojha,6.7,#533483,114
2233,Gumnaam,1965,"Drama, Mystery, Thriller","Eight people are stranded on an island. They reach a mansion where a butler is awaiting them. Then an unknown, vengeful person starts killing them, one by one.","Nanda Karnataki, Manoj Kumar, Pran Sikand, Helen",Raja Nawathe,7.6,#0f3460,114
2234,Fire in the Mountains,2021,Drama,"A mother toils to save money to build a road in a Himalayan village to take her wheelchair-bound son for physiotherapy but her husband who believes that a shamanic ritual 'Jaagar' is the remedy, steals her savings.","Vinamrata Rai, Chandan Bisht, Harshita Tiwari, Mayank Singh Jaira",Ajitpal Singh,8.6,#2d4a22,147
2235,Yaar Gaddar,1994,"Action, Drama, Mystery","When his brother becomes involved in a deadly bank robbery, a heartbroken cop vows to track down and retrieve his wayward sibling -- dead or alive.","Saif Ali Khan, Sweta, Somy Ali, Deven Bhojani",Umesh Mehra,5.9,#0f3460,132
2236,Barsaat,1995,"Action, Romance","A naive young man and a rich city girl fall in love. Her stepfather, however, doesn't approve of the match and will stop at nothing to split the pair.","Bobby Deol, Twinkle Khanna, Raj Babbar, Mukesh Khanna",Rajkumar Santoshi,8.1,#16213e,156
2237,Heyy Babyy,2007,"Comedy, Drama",Three bachelors who are compulsive womanizers find their lives turned upside down when a baby is left at their doorstep. The trio suspect each other of being the father.,"Akshay Kumar, Fardeen Khan, Riteish Deshmukh, Vidya Balan",Sajid Khan,6.4,#1a1a1a,160
2238,Dhol,2007,"Comedy, Crime, Mystery","Four lazy friends try to woo a rich girl, in order to live a wealthy lifestyle. Their plan, however goes horribly wrong after they get embroiled with a notorious criminal.","Sharman Joshi, Tusshar Kapoor, Kunal Kemmu, Rajpal Naurang Yadav","Priyadarshan, Aman Ullah",8.5,#2a2a1a,163
2239,Bahut Hua Sammaan,2020,"Comedy, Crime, Drama","With their planned heist gone wrong, Bony and Fundoo get inextricably involved in the pursuit of 'Kohinoor' - quite possibly the biggest scandal the country will ever witness.","Sanjay Mishra, Ram Kapoor, Raghav Juyal, Dibyendu Bhattacharya",Ashish R. Shukla,6.8,#4a1a1a,112
2240,Lajja,2001,"Action, Crime, Drama",The lives of four women from different places are the victims of male chauvinism and marital abuse. They decide to fight for their rights and dignity against the social norms and injustice.,"Manisha Koirala, Jackie Shroff, Madhuri Dixit, Ajay Devgn",Rajkumar Santoshi,7.9,#1a4a1a,145
2241,Krishna Cottage,2004,"Horror, Mystery, Romance",A group of collegians are forced to take shelter in a mysterious Krishna Cottage for the night. Little do they know that the cottage is haunted by a spirit.,"Sohail Khan, Isha Koppikar, Anita Hassanandani Reddy, Rati Agnihotri",Santram Varma,7.0,#1a1a1a,127
2242,Jung,1996,"Action, Crime, Drama","Jung tells the story of Arjun (Mithun Chakraborty), an honest and passionate police officer who finds himself clashing with his younger brother Ajay (Ajay Devgan), an equally passionate ...                See full summary »","Mithun Chakraborty, Ajay Devgn, Rambha, Vani Viswanath",Rama Rao Tatineni,7.0,#e94560,111
2243,Nela Ticket,2018,"Action, Comedy, Crime",A carefree young man is forced to grow up fast after he incurs the wrath of a corrupt politician.,"Ravi Teja, Malvika Sharma, Jagapathi Babu, Sampath Raj",Kalyan Krishna,8.3,#3a4a1a,130
2244,Pyasi Nigahen,1990,Thriller,"The city quails as a masked murderer stalks nubile women. The law helpless, only the local tantrik (shaman) Dumroo Baba seems to hold the key to catching the murderer...or does he?","Birbal, Sahila Chaddha, Ajinkya Deo, Annu Kapoor",Kesar Matharu,7.7,#16213e,151
2245,Veere Di Wedding,2018,Comedy,Four girls on their way to find true love discover that their friendship must remain strong until the wedding of a friend named Veer.,"Kareena Kapoor, Sonam Kapoor, Swara Bhasker, Shikha Talsania",Shashanka Ghosh,6.1,#1a1a1a,111
2246,Fire,1996,"Drama, Romance",Two women who are abandoned by their husbands find love and solace in each other.,"Shabana Azmi, Nandita Das, Karishma Jhalani, Ramanjeet Kaur",Deepa Mehta,7.1,#1a1a1a,116
2247,NH10,2015,"Action, Crime, Drama","On their way to a weekend retreat, a married couple find their dream vacation turn into a nightmare when they cross paths with a dangerous gang.","Anushka Sharma, Neil Bhoopalam, Darshan Kumaar, Deepti Naval",Navdeep Singh,6.3,#1a1a2e,123
2248,Gunjan Saxena: The Kargil Girl,2020,"Action, Biography, Drama",Inspired by the life of a fearless young officer who made history by becoming the first Indian female Air Force officer to fly in a combat zone during the 1999 Kargil War,"Janhvi Kapoor, Pankaj Tripathi, Angad Bedi, Manav Vij","ALi Khan AK, Sharan Sharma",8.7,#3a2a1a,118
2249,Silence... Can You Hear It?,2021,"Crime, Thriller","When everyone is hiding the truth, justice will thrive despite the silence. Prepare for a murder mystery that will keep you guessing till the end.","Sahil Vaid, Saurrabh Kushwaha, Pankaj Anand, Manoj Bajpayee","Aban Bharucha Deohans, Tania Deohans",6.4,#1a3a1a,142
2250,Badass Ravikumar,2024,"Action, Musical","The Xpose franchise now goes to the next level with Himesh Reshammiya doing a spin-off from his iconic character Ravi Kumar from his hit film 'The Xpose' as an action musical entertainer, in which he is up against 10 sensational villains.","Prabhu Deva, Himesh Reshammiya, Sonia Kapoor",Himesh Reshammiya,5.8,#1a2a1a,158
2251,Baap,2000,Action,Add a Plot,"Lankesh Bhardwaj, Sanjay Dutt, Sunny Deol, Jackie Shroff",Vivek Chauhan,7.1,#3a4a1a,143
2252,Khoj,2017,"Crime, Mystery, Thriller","When a doctor claims that his wife has gone missing, but can only produce a single photo of her, a police inspector begins unearthing secrets that shock the surrounding misty hill town of India.","Vikram Chatterjee, Shataf Figar, Poonam Gurung, Arnab Bhattacharya",Arka Ganguly,7.8,#4a1a4a,123
2253,Jhoom Barabar Jhoom,2007,"Comedy, Drama, Musical","A crazy love story full of lies, deceits and a complicated quadrangle where each one has to think quickly and dance around each other's emotions.","Abhishek Bachchan, Preity G Zinta, Bobby Deol, Lara Dutta",Shaad Ali,6.0,#533483,116
2254,Humshakals,2014,"Comedy, Drama, Romance","A comedy centered around three people who each have a lookalike of a lookalike, all with the same name.","Saif Ali Khan, Riteish Deshmukh, Ram Kapoor, Bipasha Basu",Sajid Khan,8.5,#1a1a3a,114
2255,Prahaar: The Final Attack,1991,"Drama, Thriller, Action","Prahaar is the story of Major Chauhan, a tough and stern soldier, trained to destroy the enemy. He can see the enemy on our borders but is unaware of the invisible enemy within ourselves. ...                See full summary »","Nana Patekar, Dimple Kapadia, Gautam Joglekar, Madhuri Dixit","Subhankar Ghosh, Nana Patekar",8.0,#4a1a4a,145
2256,Maine Dil Tujhko Diya,2002,"Action, Romance","In order to win his love back, a rebellious youth accepts a deadly challenge from her father with several hurdles.","Sohail Khan, Sameera Reddy, Sanjay Dutt, Kabir Bedi","Sohail Khan, Azim Shaikh",6.6,#1a1a2e,136
2257,Raja Natwarlal,2014,"Crime, Thriller",A small-time con man seeks assistance from his mentor with the intention of settling scores with a gangster.,"Emraan Hashmi, Humaima Malik, Paresh Rawal, Kay Kay Menon",Kunal Deshmukh,8.4,#2d4a22,142
2258,Chhorii,2021,"Drama, Horror, Thriller",Eight-month pregnant Sakshi must save herself and her unborn child from the evil within society and from the fear that lies in the paranormal world.,"Nushrratt Bharuccha, Mita Vashisht, Gracy Goswami, Rajesh Jais",Vishal Furia,8.4,#1a4a1a,113
2259,Andhaa Kaanoon,1983,"Action, Drama",Two siblings attempt to avenge the death of their parents. But the sister believes in the law while the brother believes in administering justice himself.,"Rajinikanth, Hema Malini, Reena Roy, Amitabh Bachchan",Rama Rao Tatineni,8.3,#4a1a4a,144
2260,The Song of Scorpions,2017,Drama,"Aadam, a camel trader fell in love with Nooran, a tribal woman. But even before they can get to know each other better, Nooran is poisoned by a treachery that sets her on a perilous journey to avenge herself and find her song.","Golshifteh Farahani, Irrfan Khan, Waheeda Rehman, Shashank Arora",Anup Singh,6.3,#16213e,116
2261,Ram Jaane,1995,"Action, Crime, Drama","A social worker tries diligently to steer a group of wayward street urchins on the right path. But his childhood friend, now a fearless gangster, plans to bring the children into his fold.","Shah Rukh Khan, Juhi Chawla, Vivek Mushran, Pankaj Kapur",Rajiv Mehra,6.4,#1a1a2e,127
2262,Machine,2017,"Action, Mystery, Romance","Machine depicts the story of racing enthusiasts , who meet each other under mysterious circumstances. As their bond becomes stronger, they eventually fall in love. However, new things begin to unfold, which change their lives forever","Kiara Advani, Rishabh Arora, Mustafa Burmawala, Shabbir Burmawala","Abbas Alibhai Burmawalla, Mastan Alibhai Burmawalla, Abinash Rout",7.8,#1a1a3a,155
2263,Acting Ka Bhoot,2023,"Comedy, Crime","Two Con Artists with shattered lives and dreams who end up falling in love, while trying to scam each other.","Aham Sharma, Rajni Katiyar, Saanand Verma, Ishtiyak Khan",Shashank Kumar,6.7,#4a4a1a,152
2264,Hamara Dil Aapke Paas Hai,2000,"Action, Drama, Romance","Inspired by the Telugu film, ""Pelli Chuskundam,"" the plot follows the life of a rape victim (Aishwarya Rai). Now, a disgrace to her family, she is turned away from her house after the ...                See full summary »","Anil Kapoor, Aishwarya Rai Bachchan, Sonali Bendre, Puru Rajkumar",Satish Kaushik,6.5,#4a3a1a,146
2265,Pyaar Ishq Aur Mohabbat,2001,"Drama, Musical, Romance","Young and beautiful Isha Nair has three admirers - Yash Sabharwal, Gaurav Saxena and Taj Bharadwaj; all of them comes from affluent backgrounds and are willing to go to any length in order ...                See full summary »","Arjun Rampal, Kirti Reddy, Suniel Shetty, Aftab Shivdasani",Rajiv Rai,7.3,#3a2a1a,123
2266,Pantham,2018,Action,Vikranth is a vigilante who has targeted 'Nayak Bhai' and his money. Who is Vikranth and what is his beef with Nayak forms the crux of the story.,"Gopichand, Mehreen Pirzada, Ajay, Joy Badlani",K. Chakravarthy Reddy,7.6,#1a1a1a,149
2267,Kyaa Kool Hai Hum,2005,"Comedy, Mystery",Karan and Rahul are fashion designers and surives on food of others functions. But some twists and confusion changes their life.,"Tusshar Kapoor, Riteish Deshmukh, Isha Koppikar, Neha Dhupia",Sangeeth Sivan,6.4,#1a4a1a,151
2268,Hamid,2018,Drama,"Eight year-old Hamid learns that 786 is God's number and decides to try and reach out to God, by dialing this number. He wants to talk to his father, who his mother tells him has gone to Allah. One fine day the phone call is answered.","Talha Arshad Reshi, Vikas Kumar, Rasika Dugal, Sumit Kaul",Aijaz Khan,6.4,#1a2a1a,122
2269,Apna Sapna Money Money,2006,"Comedy, Musical, Romance","Kishan is a young man from Goa whose brain is full of every conceivable trick to make a quick buck. He cons people by slipping into different outfits and by assuming many guises. Julie, is ...                See full summary »","Riteish Deshmukh, Shreyas Talpade, Riya Sen, Koena Mitra",Sangeeth Sivan,8.6,#2d4a22,117
2270,Daag: The Fire,1999,"Action, Drama, Thriller","Karan, a former soldier tries to extract revenge from a corrupted lawyer. In the process, the lawyer loses his mental balance and Karan needs to treat him to get him killed.","Sanjay Dutt, Chandrachur Singh, Mahima Chaudhry, Shakti Kapoor",Raj Kanwar,7.5,#1a4a1a,131
2271,The Killer,2006,"Action, Crime, Drama",A cab driver finds himself held hostage by a hitman who forces him to drive through the roads of Dubai and help him kill his targets.,"Irrfan Khan, Emraan Hashmi, Priyanka Kothari, Bharti Achrekar","Hasnain Hyderabadwala, Raksha Mistry",6.8,#3a2a1a,143
2272,Mission Lion,2000,Thriller,Add a Plot,"Tiger Shroff, Sara Ali Khan, Hiten Patel, Atul Sharma",Jagan Shakti,7.7,#16213e,120
2273,Siren,2023,"Crime, Thriller","Samarth, a young IPS officer, is given his first assignment to solve a murder case. As he investigates, a pandora's box opens. Can he solve it?","Praveer Shetty, Lasya Ponnu Ash, Achyuth Kumar, Pavitra Lokesh",Raja Venkiya,8.3,#1a3a1a,154
2274,Laila Aur Satt Geet,2020,Drama,"Laila Aur Satt Geet is part allegory, part ethnographic study, and part feminist fairy tale, using the narrative device of local folk songs - seven, to be exact - to describe the protagonist - Laila's inner and outer worlds.","Navjot Randhawa, Sadakkit Bijran, Shahnawaz Bhat, Ranjit Khajuria",Pushpendra Singh,8.0,#4a4a1a,113
2275,Oye Lucky! Lucky Oye!,2008,"Comedy, Crime, Drama","Lovinder Singh, a thief now in custody and facing trial, reflects on his life of crime while the press reflect on how he managed to get away with so much before being arrested.","Abhay Deol, Paresh Rawal, Nitu Chandra, Archana Puran Singh",Dibakar Banerjee,8.6,#3a4a1a,163
2276,Bhoot: Part One - The Haunted Ship,2020,"Horror, Mystery, Thriller",A bereaved shipping officer investigates the mystery behind a ghost ship that washes ashore in Mumbai.,"Vicky Kaushal, Ashutosh Rana, Meher Vij, Akash Dhar",Bhanu Pratap Singh,8.4,#e94560,147
2277,Shabaash Mithu,2022,"Biography, Drama, Sport","A biopic based on the life and struggles of Mithali Raj, Indian Cricketer, and captain of the Indian National Cricket team.","Taapsee Pannu, Vijay Raaz, Geeta Agrawal Sharma, Sameer Dharmadhikari",Srijit Mukherji,8.6,#4a4a1a,148
2278,Hulchul,2004,"Action, Comedy, Drama","A man and woman from feuding families each pretend to fall in love, as part of a revenge plot. Chaos ensues when their fake romance becomes a reality.","Akshaye Khanna, Kareena Kapoor, Amrish Puri, Lakshmi",Priyadarshan,7.3,#4a4a1a,130
2279,Saand Ki Aankh,2019,"Biography, Drama","Both over the age of 60, Chandro Tomar and Prakashi Tomar inspire other women in India when they demonstrate their expert sharpshooting skills.","Taapsee Pannu, Bhumi Pednekar, Prakash Jha, Vineet Kumar Singh",Tushar Hiranandani,7.8,#533483,111
2280,Vijaypath,1994,"Action, Drama, Romance","When a notorious criminal is apprehended by an industrious inspector and subsequently convicted by the officer's brother, he seeks the ultimate revenge against the family.","Ajay Devgn, Tabu, Suresh Oberoi, Reema Lagoo",Farogh Siddique,7.8,#1a1a1a,139
2281,Kodiyil Oruvan,2021,"Action, Drama",Situations push a common man to oppose an influential guy in his area and how he develops himself stronger to fight back his enemies forms the crux of the story.,"Vijay Antony, Aathmika, Divya Prabha, Ramachandra Raju",Ananda Krishnan,8.2,#4a4a1a,125
2282,Paltan,2018,"Action, Drama, History",An action-war drama based on the 1967 Nathu La and Cho La clashes along the Sikkim border after 1962 Sino-Indian War.,"Jackie Shroff, Arjun Rampal, Sonu Sood, Gurmeet Choudhary",J.P. Dutta,8.8,#4a1a4a,130
2283,Rehnaa Hai Terre Dil Mein,2001,"Comedy, Drama, Musical","Maddy impersonates Rajeev, the person his love interest, Reena, is about to marry and attempts to woo her. However, he is unprepared for the moment when the truth will be revealed.","Madhavan, Saif Ali Khan, Dia Mirza, Vrajesh Hirjee",Gautham Vasudev Menon,7.0,#1a2a1a,129
2284,Ta Ra Rum Pum,2007,"Comedy, Drama, Family",Ace car racer RV and his wife have the world at their feet. But he has an accident and his world is turned upside down. Can he reclaim his lost glory?,"Saif Ali Khan, Rani Mukerji, Jaaved Jaaferi, Ali Haji",Siddharth Anand,8.3,#4a1a1a,116
2285,Indoo Ki Jawani,2020,"Comedy, Drama",A coming-of-age story of a girl who experience life through misadventures & dating apps.,"Kiara Advani, Aditya Seal, Mallika Dua, Kimsa Sok",Abir Sengupta,6.4,#16213e,156
2286,The Dirty Picture,2011,"Biography, Comedy, Drama","The love story between an actress and a director, inspired by the life of the late south Indian actress Silk Smitha.","Vidya Balan, Emraan Hashmi, Tusshar Kapoor, Naseeruddin Shah",Milan Luthria,7.5,#4a4a1a,158
2287,Pagalpanti,2019,"Action, Comedy","3 men, considered as losers in their lives by the people, plan to get rich along with their girlfriends by fooling 2 gangsters and robbing their money.","Anil Kapoor, John Abraham, Ileana D'Cruz, Arshad Warsi",Anees Bazmee,8.6,#3a2a1a,149
2288,Dil Ka Rishta,2003,"Drama, Musical, Romance","A man faces a dilemma after he accidentally kills his lover's fiancee and hides this secret from her, not knowing that it may create a rift in their lives.","Arjun Rampal, Aishwarya Rai Bachchan, Priyanshu Chatterjee, Rakhee Gulzar",Naresh Malhotra,6.2,#e94560,131
2289,Khaali Peeli,2020,"Action, Comedy, Romance",Follows a taxi driver who picks up a girl while he is on the run and ends up in a crazy roller-coaster of events.,"Ishaan Khattar, Ananya Panday, Sayeem Afran, Jaideep Ahlawat",Maqbool Khan,6.8,#1a1a3a,160
2290,Aandhi,1975,"Drama, Romance","Hotel manager J.K. (Sanjeev Kumar) works there. One day, he bravely steps in to save Aarti, the drunken daughter of a politician (Suchitra Sen). Aarti and J.K. have a small ceremony to ...                See full summary »","Suchitra Sen, Sanjeev Kumar, Om Shivpuri, Manmohan",Gulzar,6.1,#1a2a1a,124
2291,Shamitabh,2015,Drama,"An aspiring actor with the inability to speak, joins forces with a man who has a powerful voice. Together they take the film industry by storm, but will their egos get in the way?","Amitabh Bachchan, Dhanush, Akshara Haasan, Abhinaya",R. Balki,7.7,#2a2a1a,146
2292,Miss Lovely,2012,"Crime, Drama, Romance","A Hindi feature film set in the lower depths of Bombay's ""C"" grade film industry. Miss Lovely follows the devastating story of two brothers who produce sleazy horror films in the mid-1980s.","Nawazuddin Siddiqui, Niharika Singh, Anil George, Zeena Bhatia",Ashim Ahluwalia,7.4,#1a2a1a,138
2293,Vidhaata,1982,"Action, Drama","When Kunal decides to avenge Abu Baba's death, he discovers his grandfather's true identity and the reason behind his father's death.","Tom Alter, Harbans Darshan M. Arora, Birbal, Krishan Dhawan",Subhash Ghai,6.6,#1a1a2e,145
2294,Pran Jaye Par Vachan Na Jaye,1974,"Action, Drama, Musical",Raja Thakur (Sunil Dutt) is an outlaw who fights oppression and corruption in his own unique way. This Robin Hood like figure is a feared and respected figure among the villagers and when ...                See full summary »,"Sunil Dutt, Rekha, Bindu Desai, Ranjeet Bedi",S. Ali Raza,8.4,#533483,112
2295,Dil Ka Kya Kasoor,1992,"Musical, Romance","Shalini Saxena lives a wealthy life-style with her brother Rajesh. She attends college and writes a few poems under the name Seema as part time activity, she meets her fellow collegian an ...                See full summary »","Prithvi Vazir, Divya Bharti, Sanam, Laxmikant Berde",Lawrence D'Souza,6.9,#533483,143
2296,Suhaag,1994,"Action, Comedy, Drama","Collegian Ajay Sharma was born on 2 April 1968 and lives in Bombay with his widowed mom Asha. He is friendly with fellow-collegian Raj Sinha, from a wealthy family. Ajay often gets beaten ...                See full summary »","Ajay Devgn, Akshay Kumar, Karisma Kapoor, Nagma",Kuku Kohli,6.1,#1a1a2e,120
2297,Raja Babu,1994,"Action, Comedy, Drama",A man tries to become a better son after his intended bride rejects him and he learns he was adopted from a poor family.,"Govinda, Karisma Kapoor, Shakti Kapoor, Kader Khan",David Dhawan,7.7,#2d4a22,125
2298,Parivartan,2022,Family,"Parivartan is a Hindi web film based on family drama concept, starring by Simran Sharma, Vineet Singh Chandel and Girish Thapar while written and directed by Pranav Vatsa.","Vineet Singh Chandel, Geeta Gopal Govekar, Ziya Seikh, Simmran Sharma",Pranav Vatsa,7.5,#4a1a4a,116
2299,Tigers,2014,Drama,"Ayan, a pharmaceutical salesman in Pakistan, takes on the multinational health care corporation he works for after he realizes they knowingly marketed a baby formula that's responsible for the death of hundreds of babies everyday.","Emraan Hashmi, Geetanjali Thapa, Danny Huston, Khalid Abdalla",Danis Tanovic,6.4,#4a3a1a,156
2300,Aa Ab Laut Chalen,1999,"Musical, Romance, Drama",Rohan Khanna leaves India hoping for a better life in America.,"Rajesh Khanna, Akshaye Khanna, Aishwarya Rai Bachchan, Suman Ranganath",Rishi Kapoor,6.8,#1a1a1a,152
2301,Khubsoorat,1980,"Comedy, Drama, Family",A strict matriarch's regimented household is upended by the arrival of a spunky relative who challenges the rules.,"Ashok Kumar, Rekha, Rakesh Roshan, Shashikala Jawalkar",Hrishikesh Mukherjee,7.4,#0f3460,137
2302,Untitled SRK-Suhana-Marflix movie,2000,Action,A Father-Daughter action thriller that delves into the intense and complex relationship between a father and daughter.,"Amitabh Bachchan, Vidya Balan, Riteish Deshmukh, Sanjay Dutt",Sujoy Ghosh,5.9,#3a2a1a,139
2303,Rishtey,2002,"Action, Drama, Romance",Suraj Singh (Anil Kapoor) is in love with the beautiful and wealthy Komal (Karisma Kapoor). They dream of their perfect family together but her arrogant father Yashpal Chaudhary (Amrish ...                See full summary »,"Anil Kapoor, Karisma Kapoor, Shilpa Shetty Kundra, Kaivalya Chheda",Indra Kumar,8.3,#4a3a1a,146
2304,Chaahat,1996,"Drama, Romance","Roop and his father come to the city for medical treatment and Reshma falls in love with Roop. Roop loves Pooja, but when Reshma threatens to kill herself, Roop agrees to marry her.","Naseeruddin Shah, Shah Rukh Khan, Pooja Bhatt, Anupam Kher",Mahesh Bhatt,7.7,#1a3a4a,117
2305,Aalavandhan,2001,"Action, Crime, Thriller","Nandu and Vijay are brothers, who were abused by their stepmother during their younger days. Nandhu, who is mentally ill, decides to kill Vijay's fiancee as he visualizes her as his stepmother.","Kamal Haasan, Raveena Tandon, Manisha Koirala, Kitu Gidwani",Suresh Krishna,6.2,#3a2a1a,163
2306,Shubh Mangal Zyada Saavdhan,2020,"Comedy, Crime, Romance","The road to achieving a happy ending is a little too rough for two guys Kartik and Aman. While Aman's family tries hard to battle his love for Kartik, Kartik isn't prepared to step back until he marries Aman.","Ayushmann Khurrana, Jitendra Kumar, Gajraj Rao, Neena Gupta",Hitesh Kewalya,8.6,#2a2a1a,138
2307,One Night Stand,2016,"Drama, Romance",The story is about Urvil Raisingh and Celina who meet at an event and a memorable night later. Returning back home they continue with their lives. The memories of Celina haunt Urvil. What happens next forms the crux of the unfolding drama. One Night Stand explores the hypocritical world we live in. What is it that Urvil wants?,"Tanuj Virwani, Sunny Leone, Narendra Jetley, Aamir Ahmed",Jasmine D'Souza,7.1,#1a2a1a,114
2308,Laawaris,1981,"Drama, Action, Musical","A man, abandoned as a baby and forced to live as an orphan, is unknowingly employed by his biological father.","Amitabh Bachchan, Zeenat Aman, Rakhee Gulzar, Amjad Khan",Prakash Mehra,8.6,#4a1a1a,124
2309,Dacait,1987,"Action, Drama","Arjun Yadav return from the city after completing his studies to get settled in his village with his family consisting of his mother Devi Chaudaran, his older brother Amrit and sister. ...                See full summary »","Rakhee Gulzar, Sunny Deol, Meenakshi Sheshadri, Suresh Oberoi",Rahul Rawail,6.2,#1a2a1a,124
2310,Naam,1986,"Crime, Drama, Thriller","Follows the story of Vicky, who gets entrapped in a criminal plot after he leaves his country for work.","Nutan, Kumar Gaurav, Sanjay Dutt, Poonam Dhillon",Mahesh Bhatt,7.7,#4a1a1a,116
2311,Nishabd,2007,Drama,"A man, who has been married for 27 years, falls in love with his 18-year-old daughter's friend.","Amitabh Bachchan, Jiah Khan, Revathi, Nassar",Ram Gopal Varma,6.2,#1a1a1a,146
2312,Kadhalar Dinam,1999,"Drama, Musical, Romance","Two college students, the slum child Raja and the dean's daughter Roja, chat with each other over the Internet and fall in love. However, Roja is engaged and Raja cannot bear to disrespect her father, to whom he owes his livelihood.","Kunal, Sonali Bendre, Nassar, Goundamani",Kathir,8.7,#0f3460,144
2313,Sixteen,2013,"Drama, Romance, Thriller","Welcome to sixteen's world. A world where growing up has speeded up multifold times. Once upon a time, it was the age of innocence, the age of sweetness, the age when one had the first ...                See full summary »","Wamiqa Gabbi, Izabelle Leite, Mehak Manwani, Highphill Mathew","Raj Purohit, LAl Mohan",8.5,#4a4a1a,145
2314,Lohardaga,2023,Drama,"A twenty year old boy Manu, who dreams of joining the Indian Army, ends up joining Maoists because of a dubious job agent, who manipulates Manu that the government is awarding jobs to the Maoists who surrender.","Priya Ambust, Raquib Arshad, Sanjay Barman, Amit Kumar Bhagat",Lal Vijay Shahdeo,7.6,#0f3460,122
2315,Sathyam,2008,"Action, Crime, Drama","Sathyam, an assistant police commissioner, fights crime in his own way.","Vishal, Nayanthara, Brahmanandam, Kota Srinivasa Rao",Rajsekhar,8.4,#1a1a2e,121
2316,Salmon 3D,2023,"Romance, Thriller","Sarfarosh, wife Sameera and daughter Shaza are living their life in Dubai. While his wife and daughter go to their native town, his college mates arrange a surprise party for him. As they arrive in Dubai, a mysterious murder takes place.","Vijay Yesudas, Jonita Doda, Rajeev Pillai, Dhruvanth",Shalil Kallur,6.9,#4a3a1a,134
2317,Gumrah,1993,"Action, Crime, Drama","Roshni Chadha is the only child of Sharda Chhadha, and has no knowledge of the whereabouts of her absconding dad, Prakash Chhadha. Roshni is introduced to Rahul Malhotra and both are ...                See full summary »","Sanjay Dutt, Sridevi, Anupam Kher, Rahul Roy",Mahesh Bhatt,7.3,#533483,165
2318,Ijaazat,1987,"Drama, Musical, Romance","Meeting accidentally five years after their divorce, a couple reflects on how their marriage collapsed despite transparency.","Rekha, Naseeruddin Shah, Anuradha Patel, Rammohan Sharma",Gulzar,7.4,#4a1a1a,156
2319,Chimanee Pakhre,2000,Drama,"Nandini is on last stage of cancer during this time tragedy strikes as her husband is killed by a village rival,Nandini now is forced to put all her four children for adoption to give them a better life.","Anand Abhyankar, Laxmikant Berde, Priya Arun Berde, Nagesh Bhonsle",Mahesh Kothare,7.2,#4a1a4a,163
2320,Ek Vivaah... Aisa Bhi,2008,"Drama, Romance","A middle class girl, who lives with her family, falls in love with a rich boy. On the day of her engagement her father dies. In order to take care of her siblings, she must sacrifice her love.","Isha Koppikar, Sonu Sood, Anand Abhyankar, Daman Baggan",Kaushik Ghatak,6.8,#1a4a1a,154
2321,Break Ke Baad,2010,"Comedy, Drama, Romance","Aaliya is not ready for commitment even after a decade-long friendship with Abhay. She remains indifferent when he follows her to Australia, but is finally shaken when he announces his marriage.","Imran Khan, Deepika Padukone, Namit Shah, Parzaan Dastur",Danish Aslam,8.8,#1a3a1a,142
2322,Rock On 2,2016,"Drama, Music","The band, Magik reunites with some new members.","Farhan Akhtar, Shraddha Kapoor, Arjun Rampal, Purab Kohli",Shujaat Saudagar,8.1,#2d4a22,130
2323,Indrasabha,1932,"Musical, Romance",Big-budget movie with over 69 songs. 'The Hindi Devmala [Hindi Pantheon] with the Islamic Ravaiyat' are crystallized into a plot structure revolving around a benevolent king whose moral ...                See full summary »,"Nissar, Jehanara Kajjan, Abdul Rehman Kabuli, Mukhtar Begum",Jamahedji Jehangirji Madan,6.5,#533483,114
2324,Maharaj,2000,"Biography, Crime, Drama",Storyline is being kept under wraps.,"Jaideep Ahlawat, Sharvari Wagh, Shalini Pandey, Mark Bennington",Malhotra P. Siddharth,5.9,#0f3460,152
2325,21: Battle of Saragarhi,2000,War,"The film is based on the battle from the 19th century when 12,000 Afghans attacked a British Indian Contingent, which also comprised of 21 Sikhs who went on to become the heroes of the mission.","Randeep Hooda, Vikramjeet Virk, Apinderdeep Singh, Nitin Chauhan",Rajkumar Santoshi,6.8,#2d4a22,145
2326,Bumm Bumm Bole,2010,"Drama, Family, Thriller",Pinu loses his sister Rimzim's shoes so they both decide to share a pair of shoes until their father has saved enough money to buy a new pair.,"Atul Kulkarni, Rituparna Sengupta, Darsheel Safary, Ziyah Vastani",Priyadarshan,7.7,#4a1a1a,146
2327,Anjaam,1994,"Crime, Drama, Thriller",Vijay falls in love Shivani and proposes her only to be rejected every time. However his love turns into an obsession and turns her life into a hell.,"Madhuri Dixit, Shah Rukh Khan, Tinnu Anand, Johny Lever",Rahul Rawail,8.3,#4a3a1a,113
2328,Hacked,2020,Thriller,A young woman finds her life turned upside down when she rejects the advances of a teenage hacker.,"Hina Khan, Komal Chhabria, Sougata Ghosh, Rohan Shah",Vikram Bhatt,6.1,#533483,129
2329,Dybbuk: The Curse Is Real,2021,"Drama, Horror","Mahi, a newly married woman, brings an antique Jewish box into her home. When Mahi and her husband Sam begin to have paranormal experiences, they soon learn that the box is a dybbuk ...                See full summary »","Emraan Hashmi, Nikita Dutta, Manav Kaul, Imaaduddin Shah",Jay.k,7.8,#1a4a1a,158
2330,Haathi Mere Saathi,1971,"Drama, Family, Musical","Orphaned Raju, in the company of four elephants, has to perform with them at street corners, in order to keep alive. Slowly he amasses a fortune, and is able to build his own private zoo, ...                See full summary »","Rajesh Khanna, Tanuja Samarth, David Abraham, Sujit Kumar",M.A. Thirumugham,6.4,#2a2a1a,117
2331,Sardaar Gabbar Singh,2016,"Action, Comedy, Crime",A kingdom called Rathanpur was taken ruthlessly by a feudal lord named Bhairav Singh. The princess of that empire was in a hopeless situation until a maverick cop named Sardaar Gabbar Singh came along.,"Pawan Kalyan, Kajal Aggarwal, Sharad Kelkar, Sanjjanaa Galrani",K.S. Ravindra,7.3,#4a4a1a,130
2332,Vardi,1989,"Action, Crime, Drama",Inspector Verma and Havaldar Bhagwan Singh arrests Lalchand; with Bhagwan Singh loses his life in the process leaving an only son Ajay to be brought up by Verma and his wife. Years later ...                See full summary »,"Sunny Deol, Jackie Shroff, Kimi Katkar, Madhuri Dixit",Umesh Mehra,7.3,#1a3a4a,123
2333,Aag Ke Sholay,1988,"Action, Thriller",Add a Plot,"Sumeet Saigal, Vijayata Pandit, Hemant Birje, Sripradha","S.R. Pratap, S.R. Pratap",6.2,#3a2a1a,124
2334,Kacchey Limbu,2022,"Drama, Family",A wilful young girl who is in the race of fulfilling dreams imposed on her by everyone and being at the receiving end each time.,"Sukhita Aiyar, Rajat Barmecha, Radhika Madan, Ayush Mehra",Shubham Yogi,6.8,#2a2a1a,148
2335,Yeh Hai Jalwa,2002,"Comedy, Drama, Romance","Raj Saxena (Salman Khan) goes to London, expecting his long-lost dad (Rishi Kapoor) to warmly greet him, but things do not go as planned.","Rishi Kapoor, Salman Khan, Ameesha Patel, Rati Agnihotri",David Dhawan,7.1,#16213e,112
2336,Saawariya,2007,"Drama, Musical, Romance","Two souls arrive in a small town, one on vacation, the other to meet a lover. They spend the most magical dream-like days of their lives in that town... with each other.","Ranbir Kapoor, Sonam Kapoor, Salman Khan, Rani Mukerji",Sanjay Leela Bhansali,6.6,#1a2a1a,164
2337,Emergency,2023,"Drama, History","Based on true events that unfolded in 1975. The chronicles incidents that took place under the leadership of Mrs Indira Gandhi, one of the most Powerful Women in Indian History.","Anupam Kher, Kangana Ranaut, Satish Kaushik, Mahima Chaudhry",Kangana Ranaut,8.3,#4a1a4a,127
2338,Makdee,2002,"Comedy, Family, Fantasy","In a small North Indian village, Legend has it that a 100 years-old witch lives in an abandoned mansion on the village outskirts, and any person who goes inside is turned into an animal. In...                See full summary »","Shabana Azmi, Shweta Basu Prasad, Makrand Deshpande, Aalaap Majgavkar",Vishal Bhardwaj,6.4,#1a2a1a,161
2339,Black Rose,2021,Thriller,Titli dies in a car accident but Inspector Tara doubts it as a planned murder... The Complete movie is about the investigation.,"Samiksha Bhatnagar, Abhilash Narain, Sanjana Shukla, Jai Shanker Tripathi","Hemant N Mishra, Sandeep Rampher Kumar",7.8,#1a1a2e,165
2340,Kaalia,1981,"Action, Drama","Jailed for robbing his brother's unscrupulous employer, a simpleton has a transformation while in prison, emerging with a violent mission for revenge.","Amitabh Bachchan, Asha Parekh, Parveen Babi, Amjad Khan",Tinnu Anand,8.5,#2a2a1a,132
2341,Prem Rog,1982,"Drama, Musical, Romance","Manorama, the daughter of a rich, orthodox family is married off, leaving her childhood friend Deodhar and his secret love for her, in despair. When tragedy befalls her, and traditions seem unfair, Deodhar must fight for what's right.","Shammi Kapoor, Nanda Karnataki, Tanuja Samarth, Vijayendra Ghatge",Raj Kapoor,7.7,#4a3a1a,115
2342,Sarkar Raj,2008,"Action, Crime, Drama",An even more powerful gang emerges to wipe out Sarkar from the playground. A power plant proposal becomes a cause for greater political turmoil around him. What happens to the Family?,"Amitabh Bachchan, Abhishek Bachchan, Aishwarya Rai Bachchan, Ravi Kale",Ram Gopal Varma,6.9,#1a3a4a,134
2343,Phoonk,2008,"Drama, Horror, Mystery",An atheist is forced to consult an exorcist after his daughter shows signs of being possessed.,"Sudeep, Amruta Khanvilkar, Ahsaas Channa, Ashwini Kalsekar",Ram Gopal Varma,6.1,#3a2a1a,127
2344,Gehrayee,1980,"Drama, Horror","When a successful manager decides to sell his plantation in his ancestral village to another company, his young daughter begins acting very strangely.","Shreeram Lagoo, Anant Nag, Indrani Mukherjee, Padmini Kolhapure","Vikas Desai, Aruna Raje",7.4,#1a2a1a,145
2345,Yamla Pagla Deewana,2011,"Action, Comedy, Drama",A married Canadian travels to India to re-unite with his estranged father and brother but faces obstacles and challenges.,"Nafisa Ali, Yugesh Anil, Madhuri Bhattacharya, Bhupindder Bhoopii","Samir Karnik, Jeet Rataul",8.0,#1a3a4a,148
2346,Saajan Ka Ghar,1994,Drama,"The Dhanrajs are blessed with a daughter. However, during childbirth, Dhanraj's wife dies and he blames his daughter for his wife's fate. He refuses to see her face and remarries. His ...                See full summary »","Rishi Kapoor, Juhi Chawla, Deepak Tijori, Farheen",Surendra Kumar Bohra,7.5,#1a1a1a,153
2347,Love Story 2050,2008,"Action, Adventure, Drama","With the help of his uncle, a man travels to the future to try and bring his girlfriend back to life.","Harman Baweja, Priyanka Chopra Jonas, Boman Irani, Archana Puran Singh",Harry Baweja,8.1,#1a3a1a,148
2348,Commando 2,2017,"Action, Adventure, Thriller","Commando Karan uses his combat skills to eradicate black money, which has been siphoned to banks abroad.","Vidyut Jammwal, Adah Sharma, Esha Gupta, Freddy Daruwala",Deven Bhojani,7.2,#16213e,143
2349,Mehsampur,2018,Drama,A desperate filmmaker drives a neurotic actress and an aging musician to a village of trauma.,"Lal Chand, Navjot Randhawa, Devrath Joshi, Jagjeet Sandhu",Kabir Singh Chowdhry,7.0,#4a4a1a,156
2350,Mere Brother Ki Dulhan,2011,"Comedy, Drama, Family",A quirky rom-com where Kush finds the ideal Indian bride Dimple for his brother Luv and a series of comical and unpredictable events follow.,"Imran Khan, Katrina Kaif, Ali Zafar, Tara D'Souza",Ali Abbas Zafar,7.1,#3a4a1a,152
2351,12th Fail,2023,Drama,The real-life story of IPS Officer Manoj Kumar Sharma and IRS Officer Shraddha Joshi.,"Perry Chhabra, Sam Mohan, Vikrant Massey, Priyanshu Chatterjee",Vidhu Vinod Chopra,7.7,#533483,143
2352,Jaan-E-Mann: Let's Fall in Love... Again,2006,"Comedy, Drama, Musical","Follows a love triangle between Agastya, Suhaan and Piya.","Salman Khan, Akshay Kumar, Preity G Zinta, Anupam Kher",Shirish Kunder,7.2,#0f3460,164
2353,Umrao Jaan,2006,"Drama, Romance","J.P. Dutta's adaption of the Urdu novel ""Umrao Jan Ada"" by Mirza Haadi Ruswa (1905).","Aishwarya Rai Bachchan, Shabana Azmi, Suniel Shetty, Abhishek Bachchan",J.P. Dutta,6.1,#1a3a4a,165
2354,Dum Maaro Dum,2011,"Action, Crime, Drama",A corrupt police officer is entrusted the task of apprehending drug-dealers.,"Abhishek Bachchan, Deepika Padukone, Bipasha Basu, Rana Daggubati",Rohan Sippy,7.4,#4a1a4a,156
2355,Farz,1967,"Action, Crime, Thriller","When Criminal Investigating Officer, Amarnath is murdered during the line of duty; Intelligence suspect it is the handiwork of foreign criminals who wants to destroy India with the help of ...                See full summary »","Jeetendra, Babita Kapoor, Aruna Irani, Kanchana",Ravikant Nagaich,8.3,#1a1a3a,153
2356,Sui Dhaaga: Made in India,2018,"Comedy, Drama",It's a heart-warming story of pride and self-reliance capturing the journey of Mauji and his wife Mamta who pursue their passion by overcoming all odds.,"Anushka Sharma, Varun Dhawan, Siddharth Bhardwaj, Namit Das",Sharat Katariya,6.7,#1a4a1a,130
2357,Om - The Battle Within,2022,"Action, Thriller","After losing his memory while fighting enemies, Om has to battle terrorists and amnesia in order to restore his father's honour after his old man was arrested for betraying his country.","Vicky Arora, Amit Ghosh, Armen Greyg, Abudhar Al Hassan",Kapil Verma,7.6,#0f3460,146
2358,Iftikhar,2022,Drama,Based on the life of real life hero Major Mohit Sharma. He was awarded with the Sena Medal for his action in a counter insurgency operation. During the operation his code name was Iftikhar ...                See full summary »,"Vicky Arora, Amit Ghosh, Armen Greyg, Abudhar Al Hassan",Kapil Verma,8.5,#3a4a1a,136
2359,Sohni Mahiwal,1984,"Action, Drama, Romance","After being violently separated from the woman he loves, a young man must disguise himself in order to keep meeting her.","Sunny Deol, Poonam Dhillon, Pran Sikand, Tanuja Samarth","Kanwal Biala, Latif Faiziyev, Umesh Mehra",6.0,#533483,162
2360,Cash,2021,"Comedy, Drama","Amidst the chaos of demonetization, down-on-luck Armaan finds a business opportunity in money laundering. Where will this shortcut take him?","Amol Parashar, Smriti Kalra, Gulshan Grover, Kavin Dave",Rishab Seth,6.7,#4a1a4a,161
2361,Drona,2008,"Action, Adventure, Fantasy","A young man learns he is the latest in line of a dynasty of ancestral warriors dedicated to guarding a mystic source of cosmic energy, and the time has come for him to take the role.","Jayshree Arora, Veer Arya, Abhishek Bachchan, Jaya Bachchan",Goldie Behl,8.3,#1a2a1a,162
2362,Bewafaa,2005,"Drama, Romance","Anjali sacrifices her love for Raja after her sister's death and marries her brother-in-law. Years later, she meets Raja and is torn between him and her loyalties.","Anil Kapoor, Akshay Kumar, Kareena Kapoor, Sushmita Sen",Dharmesh Darshan,6.1,#533483,131
2363,Bazaar,1982,"Drama, Family","A young man challenges traditional customs by standing up to the father of the woman he loves, who has promised her to a wealthy expatriate.","Farooq Shaikh, Smita Patil, Naseeruddin Shah, Supriya Pathak",Sagar Sarhadi,7.5,#4a1a1a,159
2364,Why Cheat India,2019,"Comedy, Crime, Drama","The movie focuses on existing malpractices in country's education system, the whole concept of buying your way through education, jobs and earnings. Even with an evolving education system, ...                See full summary »","Emraan Hashmi, Shreya Dhanwanthary, Snighdadeep Chatterji, Shubham Somu Srivastava",Soumik Sen,7.3,#1a1a3a,161
2365,Ek Phool Do Mali,1969,"Drama, Family, Musical","Somna lives a poor lifestyle with her widowed mom Leela, in the mountainous region of India and Nepal. She makes a living working on the apple farm of wealthy widower Kailash Nath Kaushal, ...                See full summary »","Sanjay Khan, Balraj Sahni, Sadhana Shivdasani, Durga Khote",Devendra Goel,6.2,#3a4a1a,151
2366,Salaam Namaste,2005,"Comedy, Drama, Romance",A quirky take on life and relationships that looks at a fairy tale with a bit of a squint and an endearing look at what being in love really means.,"Saif Ali Khan, Preity G Zinta, Arshad Warsi, Jaaved Jaaferi",Siddharth Anand,7.1,#3a4a1a,135
2367,B.A. Pass 3,2021,"Drama, Romance",BA Pass 3 narrates the story of a jobless Anshul and how his life changes upside down when he meets a married woman and gets into a relationship with her.,"Sunny Sachdeva, Armaan Sandhu, Ankita Sahu, Ankita Chouhan",Narendra Singh,5.8,#1a1a2e,116
2368,Kasoor,2001,"Drama, Mystery, Thriller","Shekhar appoints Simran, a lawyer with an impeccable record, to represent him as he was accused of murdering his wife and soon she starts falling in love with him. Little she knows that Shekhar has some darker intentions.","Divya Dutta, Lisa Ray, Apurva Agnihotri, Aftab Shivdasani",Vikram Bhatt,6.2,#16213e,158
2369,Players,2012,"Action, Crime, Thriller","Learning of a fortune in gold being secretly shipped to Romania, master thieves Charlie and Riya assemble a crack team to steal it.","Vinod Khanna, Abhishek Bachchan, Bobby Deol, Bipasha Basu","Abbas Alibhai Burmawalla, Mastan Alibhai Burmawalla",7.9,#1a1a1a,154
2370,Purana Mandir,1984,"Drama, Horror","After a rich young girl learns about a demon and it's terrible curse brought by her family for generations, she decides to go to her paternal village with her lover, and his friend, to find out the truth.","Mohnish Behl, Arti Gupta, Puneet Issar, Sadashiv Amrapurkar","Shyam Ramsay, Tulsi Ramsay",6.7,#1a1a3a,111
2371,Dushman,1998,"Crime, Drama, Thriller",A woman goes on a hunt to find her twin sister's rapist and murderer.,"Kajol, Sanjay Dutt, Ashutosh Rana, Jas Arora",Tanuja Chandra,8.2,#1a2a1a,150
2372,Phillauri,2017,"Comedy, Drama, Fantasy","A man must marry a tree to ward off threats to his love-life, but the tree turns out to have more spirit than the man bargained for.","Anushka Sharma, Diljit Dosanjh, Suraj Sharma, Mehreen Pirzada","Anshai Lal, Feroz Khan Bollybrothers",6.1,#1a1a1a,138
2373,Aurangzeb,2013,"Action, Drama, Thriller","Kingship knows no Kinship and there can be only one Emperor in Aurangzeb's world. In Gurgaon, to bring down a criminal the law has to think like one.","Arjun Kapoor, Zara Khan, Prithviraj Sukumaran, Rishi Kapoor",Atul Sabharwal,7.6,#3a4a1a,111
2374,Right Yaaa Wrong,2010,"Action, Crime, Drama",A decorated and disabled Police Officer becomes suspect in a double homicide.,"Sunny Deol, Irrfan Khan, Isha Koppikar, Konkona Sen Sharma",Neeraj Pathak,7.8,#1a4a1a,141
2375,Bhagwaan Dada,1986,"Drama, Thriller","Naive village-born Swaroop comes to Bombay city with a only Rs.80/-, which he loses to a thief. A man named Bhagwaan helps Swaroop recover this amount, and asks him to return back to his ...                See full summary »","Rajinikanth, Rakesh Roshan, Sridevi, Danny Denzongpa",J. Om Prakash,7.6,#1a2a1a,160
2376,Raktneeti,2023,Thriller,"Nakul, Rishi and Montu are 3 regular Delhi boys who set out on a journeyto sell their car to a buyer in J&K. An accident on the way involving local MLA Abhimanyu Thakur's only.","Rajeev Rana, Satish Bhat, Vishwash Chauhan, Upasna Haldar",Saki Shah,6.0,#2a2a1a,119
2377,Vishwaroopam 2,2018,"Action, Thriller",RAW agent Wisam Ahmad Kashmiri prevents an al-Qaida terrorist from executing a massive attack on New York. He must now wade through further traps and conspiracies to thwart a new plot against three democratic nations.,"Kamal Haasan, Rahul Bose, Shekhar Kapur, Pooja Kumar",Kamal Haasan,6.3,#e94560,133
2378,Love in a Taxi,2023,"Crime, Thriller","Two cab drivers, a female driver on an airport taxi and a male driver on a 'black and yellow' taxi for the poor confronts two strange passengers on their nutty shifts. The promiscuous male ...                See full summary »","Raknil Avro, Tanima Bhattacharya, Erixnil, Karan Maan",Rupesh Paul,7.2,#3a4a1a,129
2379,Action Jackson,2014,"Action, Crime, Thriller","In order to escape crime and clutches of a ruthless mafia, a Bangkok based hit man seeks the help of his lookalike, a Mumbai based goon.","Prabhas, Ajay Devgn, Yami Gautam, Shahid Kapoor",Prabhu Deva,6.1,#1a4a1a,162
2380,Atithi Tum Kab Jaoge?,2010,Comedy,A couple's married life is turned upside down when a distant relative overstays in their home.,"Ajay Devgn, Konkona Sen Sharma, Paresh Rawal, Satish Kaushik",Ashwani Dhir,7.6,#e94560,129
2381,Purab Aur Pachhim,1970,"Drama, Romance","Circa British rule in India, Harnam betrays a freedom fighter, and as a result is rewarded, but the freedom fighter is killed, leaving his wife, and family devastated and destitute. Years ...                See full summary »","Ashok Kumar, Saira Banu, Manoj Kumar, Pran Sikand",Manoj Kumar,7.5,#1a1a1a,116
2382,Sparsh,1980,"Drama, Romance","Anirudh Parmar is blind, but he does not let this impairment bind him down. He runs a school for the blind as a Principal. He meets with social worker, Kavita. Kavita is attracted to him, ...                See full summary »","Shabana Azmi, Naseeruddin Shah, Sudha Chopra, Mohan Gokhale",Sai Paranjape,6.5,#3a2a1a,110
2383,Kya Kehna,2000,"Drama, Romance",A young college girl faces hardships and challenges after she becomes a mother without marriage,"Preity G Zinta, Saif Ali Khan, Chandrachur Singh, Anupam Kher",Kundan Shah,6.1,#1a2a1a,139
2384,Navra Mazha Navsacha,2004,Comedy,Journey of a husband and wife from Mumbai to Ganpatipule to fulfill a vow.,"Sachin Pilgaonkar, Supriya Pilgaonkar, Ashok Saraf, Anand Abhyankar",Sachin Pilgaonkar,7.8,#1a3a4a,146
2385,Welcome to New York,2018,"Comedy, Drama","Welcome to New York is a comedy film, in which Hero (Diljit Dosanjh), a sloppy recovery agent, and Jeenal Patel (Sonakshi Sinha), a fashion designer, become part of a big Bollywood event in New York - and chaos ensues.","Sonakshi Sinha, Diljit Dosanjh, Karan Johar, Lara Dutta","Chakri Toleti, Richard Harris, Jasmine Kaur",8.4,#1a4a1a,134
2386,Chann Pardesee,1981,Drama,"Nek gets married to the girl of his dreams, Kammo, and has a son. Later, he finds out that the child isn't his but Joginder's, who had raped Kammo.","Raj Babbar, Rama Vij, Kulbhushan Kharbanda, Amrish Puri",Chitraarth,7.0,#533483,144
2387,Annamalai,1992,"Action, Drama",A class-divided friendship goes through highs and lows through several decades.,"Rajinikanth, Sarath Babu, Kushboo, Radha Ravi",Suresh Krishna,6.1,#e94560,116
2388,Saaransh,1984,Drama,"An old couple lend a room on rent after recent death of the bread earner of the family, their only son. A budding actress starts living with them, who is in love with a local politician's only son. The movie shows what later ensues.","Anupam Kher, Rohini Hattangadi, Soni Razdan, Madan Jain",Mahesh Bhatt,6.2,#4a1a1a,136
2389,All India Rank,2023,Comedy,"Set in the late 1990s, ALL INDIA RANK is a slice-of-life dramedy about 17-year old Vivek who is sent away from home to a prep school to prepare for the highly competitive IIT (""the MIT of India"") entrance examination.","Shashi Bhushan, Sheeba Chaddha, Bodhisattva Sharma, Geeta Agrawal Sharma",Varun Grover,6.6,#e94560,135
2390,Silsila,1981,"Drama, Family, Romance","SILSILA is a love story, thwarted by society's demands, which reappears as adultery but can it survive in the face of society?","Amitabh Bachchan, Rekha, Jaya Bachchan, Shashi Kapoor",Yash Chopra,7.2,#533483,133
2391,Great Grand Masti,2016,"Comedy, Drama, Fantasy","Amar, Meet and Prem go into a small town where they encounter a 'femme fatale' in the form of Ragini. Ragini is everything they had dreamed of, but she slowly turns into their worst nightmare!","Urvashi Rautela, Riteish Deshmukh, Vivek Oberoi, Aftab Shivdasani",Indra Kumar,6.0,#1a3a4a,127
2392,100 Days,1991,"Horror, Romance, Thriller","A young, clairvoyant woman has a vision of a murder and sets out to uncover the truth before the killer finds her.","Jackie Shroff, Madhuri Dixit, Jaaved Jaaferi, Laxmikant Berde",Partho Ghosh,8.7,#1a4a1a,117
2393,Sheela I Love You,2001,Thriller,Add a Plot,"Jackie Shroff, Madhuri Dixit, Jaaved Jaaferi, Laxmikant Berde",Partho Ghosh,7.5,#4a1a1a,122
2394,Mr. & Mrs. Mahi,2024,Drama,Life story of cricketer and former team India captain Mahendra Singh Dhoni.,"Rajkummar Rao, Janhvi Kapoor, Abhishek Banerjee, Kumud Mishra",Sharan Sharma,6.6,#4a3a1a,147
2395,Road to Sangam,2009,"Drama, Thriller","Amidst bomb explosions, fake arrests, police brutality, and protests, a determined mechanic attempts to repair an antique truck to transport the last remains of Mahatma Gandhi in modern-day India.","Paresh Rawal, Om Puri, Pawan Malhotra, Jawed Sheikh",Amit Rai,7.1,#533483,156
2396,Suraj,1966,"Romance, Musical, Action","Maharaja Vikram decides to marry his daughter Anuradha to his commander's son, Pratap. However, years later, Anuradha is abducted by bandit Suraj while on her way to Pratap's coronation.","Vyjayanthimala, Rajendra Kumar Tuli, Ajit Khan, Gajanan Jagirdar",T. Prakash Rao,8.6,#4a4a1a,142
2397,Honeymoon Travels Pvt. Ltd.,2007,"Comedy, Drama, Romance","Six newly-married, diverse, honeymooning couples face marital bliss and discord, finding out more about themselves, their significant others and life in this happy-go-lucky, quirky drama.","Abhay Deol, Minissha Lamba, Boman Irani, Shabana Azmi",Reema Kagti,8.5,#1a3a1a,161
2398,Raavan,2010,"Action, Adventure, Drama","A bandit leader kidnaps the wife of the policeman who killed his sister, but later falls in love with her.","Abhishek Bachchan, Aishwarya Rai Bachchan, Govinda, Vikram",Mani Ratnam,8.0,#3a2a1a,157
2399,City Lights,2014,"Drama, Thriller","Deepak Singh is a farmer in Rajasthan. After a tragedy, he migrates to Mumbai with his wife and child to lead a better life. However, upon arriving, he soon discovers the challenges of life in a big city.","Rajkummar Rao, Patralekhaa Paul, Manav Kaul, Khushboo Upadhyay",Hansal Mehta,8.8,#1a3a1a,119
2400,Kaala Patthar,1979,"Action, Drama, History",Inspired by a true mining tragedy the film is about people from all walks of life showing courage and character to fight the forces of nature.,"Amitabh Bachchan, Shashi Kapoor, Shatrughan Sinha, Rakhee Gulzar",Yash Chopra,5.9,#3a4a1a,146
2401,Blank,2019,"Action, Thriller",A suicide bomber loses his memory and has a bomb attached to his heart. It is up to the police officers to prevent this bomb from taking innocent lives.,"Sunny Deol, Karan Kapadia, Karanvir Sharma, Ishita Dutta",Behzad Khambata,7.0,#1a1a2e,138
2402,Mitron,2018,Comedy,"In order to bring stability in Jai's life, his father decides to get him married. However, fate has other plans.","Jackky Bhagnani, Kritika Kamra, Prateik Patil Babbar, Perlene Bhersaina",Nitin Kakkar,8.3,#4a4a1a,138
2403,Mahakaal,1994,"Comedy, Horror","A demon torments the family and friends of Anita in order to take revenge on his death, which was caused by her police-officer father. The rest of the movie is how Anita tackles the demon with the help of her boyfriend.","Karan Shah, Archana Puran Singh, Johny Lever, Mayur Verma","Shyam Ramsay, Tulsi Ramsay",6.1,#4a4a1a,133
2404,Daku Ramkali,2000,"Adventure, Drama, Musical",Sher Singh and Arjun Singh are identical twin brothers. Arjun is an honest police officer but Sher Singh becomes a dacoit under the influence of Bajrang and his gang. Sher Singh's daughter ...                See full summary »,"Sapna Sappu, Jay Thakur, Rajesh Vivek, Joginder Shelly",Kanti Shah,8.3,#3a2a1a,149
2405,Ajji,2017,"Crime, Drama",Little Manda is found raped and dumped in a trash heap near her slum. Her parents are more concerned with survival than dignity. The cops are powerless to help as the rapist is a local ...                See full summary »,"Sushama Deshpande, Smita Tambe, Sharvani Suryavanshi, Abhishek Banerjee",Devashish Makhija,8.5,#1a3a4a,113
2406,Mudrank: The Stamp,2009,Mystery,Add a Plot,"Kaluram Dhobale, Milind Gunaji, Ali Khan, Shahbaaz Khan",Shakir Shah,6.7,#1a1a3a,155
2407,Aarzoo,1999,"Action, Drama, Romance","After her fiance, Vijay, is killed in a crash, a pregnant Pooja agrees to marry Amar, her childhood friend who has always loved her. But her life takes yet another turn when Vijay returns to her life.","Madhuri Dixit, Akshay Kumar, Saif Ali Khan, Paresh Rawal",Lawrence D'Souza,8.4,#4a1a4a,110
2408,Bluffmaster!,2005,"Comedy, Crime, Drama","A conman Roy, gets dumped by his girl-friend. Then he finds out he has a fatal disease. On the verge of death, he resolves to do some good, by helping his apprentice Dittu hoodwink the mobster who hurt his (Dittu's) family.","Abhishek Bachchan, Priyanka Chopra Jonas, Riteish Deshmukh, Nana Patekar",Rohan Sippy,8.0,#2d4a22,130
2409,Oh Darling Yeh Hai India,1995,Comedy,Miss India and an aspiring actor spend a night together roaming the streets of Mumbai and unwittingly clash paths with a megalomaniacal gangster planning to take over India.,"Shah Rukh Khan, Deepa Sahi, Jaaved Jaaferi, Anupam Kher",Ketan Mehta,7.0,#1a3a4a,137
2410,Ramayana: The Epic,2010,"Animation, Action, Adventure","Lord Rama, son of King Dashrath is sent for exile for 14 years. His wife Sita and brother Laxman accompanies him. But she is deceitfully kidnapped by Ravana, The King of Lanka. Thus a might...                See full summary »","Manoj Bajpayee, Juhi Chawla, Ashutosh Rana, Mukesh Rishi",Chetan Desai,6.6,#1a3a4a,148
2411,Mangal Pandey: The Rising,2005,"Biography, Drama, History",This is a film about the leader of the 1857 mutiny and his fight against the British rule.,"Aamir Khan, Rani Mukerji, Toby Stephens, Coral Beed",Ketan Mehta,6.3,#1a1a2e,119
2412,The Journey of Karma,2018,Drama,"Its a story of a slum girl who is brilliant in studies and tries to chase her dreams to work in America. She travels through her journey full of twist n turns, surprises, lust with a mysterious old man.","Raknil Avro, Shakti Kapoor, Poonam Pandey, Gauri Shankar",Jagbir Dahiya,8.3,#1a4a1a,159
2413,Raaz Reboot,2016,"Horror, Mystery, Romance","The fourth installment of a horror series that explores secrets, mysteries and human frailties.","Emraan Hashmi, Kriti Kharbanda, Suzanna Mukherjee, Gaurav Arora",Vikram Bhatt,7.8,#e94560,159
2414,Dhanak,2015,"Comedy, Drama","Believing actor and goodwill ambassador Shah Rukh Khan can help her brother get an operation to restore his sight, a 10-year old girl takes her blind 8-year old brother on a trek across Rajasthan in search of the superstar.","Hetal Gada, Krrish Chhabria, Vipin Sharma, Gulfam Khan",Nagesh Kukunoor,8.0,#4a3a1a,159
2415,Bhoot and Friends,2010,"Animation, Action, Adventure","Four holidaying children go missing, then encounter a ghost and hoodlums in a dense forest.","Jackie Shroff, Markand Soni, Akash Nair, Ishita Panchal",Karanjeet Saluja,7.9,#4a3a1a,112
2416,Saajan Chale Sasural,1996,"Comedy, Drama",A village-based singer attempts to find love and fame in the big city.,"Govinda, Karisma Kapoor, Tabu, Shakti Kapoor",David Dhawan,8.6,#1a2a1a,141
2417,Sssshhh...,2003,"Horror, Mystery",A serial killer is around which is responsible for taking many lives including that of Malini and her boyfriend. The police are unable to comprehend especially when this killer leaves no evidence at every crime scene.,"Tanishaa Mukerji, Dino Morea, Karann Nathh, Gaurav Kapoor",Pavan Kaul,6.8,#1a1a3a,158
2418,The Shaukeens,2014,Comedy,Three friends in their 60s try to do everything that they couldn't do in their younger days - before death arrives.,"Akshay Kumar, Lisa Haydon, Anupam Kher, Rajni Basumatary",Abhishek Sharma,8.0,#533483,143
2419,Kati Patang,1970,"Drama, Family, Musical",A runaway bride promises her dying widowed friend that she will assume her identity and look after her infant child.,"Rajesh Khanna, Asha Parekh, Prem Chopra, Bindu Desai",Shakti Samanta,6.2,#1a1a2e,134
2420,Ulajh,2000,Thriller,"The journey of a young IFS officer, belonging to a prominent family of patriots, who gets embroiled in a dangerous personal conspiracy while far from her home turf, at a career-defining post.","Janhvi Kapoor, Gulshan Devaiah, Rajesh Tailang, Roshan Mathew",Sudhanshu Saria,7.8,#1a3a4a,117
2421,I Am Kalam,2010,"Comedy, Drama, Family",An impoverished boy forms an unlikely and unstable friendship with the lonely son of a nobleman.,"Gulshan Grover, Harsh Mayar, Pitobash, Hussan Saad",Nila Madhab Panda,6.9,#1a3a1a,120
2422,Hum Dono,1961,"Drama, Musical, Romance","When an army officer is presumed dead in battle, his lookalike is tasked with breaking the news to his family. However, circumstances force him to impersonate the dead man.","Dev Anand, Nanda Karnataki, Sadhana Shivdasani, Lalita Pawar",Amarjeet,5.9,#4a4a1a,151
2423,Jannat: In Search of Heaven...,2008,"Crime, Drama, Romance","Arjun is a reckless young man with an obsession for making money at card games. A chance meeting with a girl in a mall, Zoya, gives him the reasons he was looking for the move out of his ...                See full summary »","Emraan Hashmi, Sonal Chauhan, Swatantra Bharat, Armen Greyg",Kunal Deshmukh,8.0,#1a3a4a,159
2424,Jeet,1996,"Action, Romance","A hitman working for a crime boss falls for a woman but she is married off to her childhood friend. Later, when the woman's and her husband's life comes under threat from the crime boss, the hitman becomes their protector.","Sunny Deol, Karisma Kapoor, Salman Khan, Tabu",Raj Kanwar,6.6,#1a3a4a,132
2425,Mard,1985,"Action, Comedy, Drama","King Azad gets locked in a dungeon by the British general Dyer who wants to take over his kingdom. Years later, Azad's son decides to put an end to Dyer's tyranny and comes to his father's rescue.","Amitabh Bachchan, Amrita Singh, Nirupa Roy, Dara Singh Randhawa",Manmohan Desai,5.9,#e94560,130
2426,Half Girlfriend,2017,"Drama, Romance","Madhav meets a girl named Riya and falls in love. After stuggling to convince her to be his girlfriend, she half heartedly agrees to be his ""Half Girlfriend""","Shraddha Kapoor, Vikrant Massey, Arjun Kapoor, Shriidhar Dubey",Mohit Suri,7.6,#e94560,132
2427,Jalebi,2018,"Drama, Romance",A woman boards an overnight train and gets placed in a compartment with her former lover and his wife.,"Rhea Chakraborty, Varun Mitra, Digangana Suryavanshi, Poorti Arya","Pushpdeep Bhardwaj, Lal Mohan",8.3,#4a1a4a,141
2428,Thupparivaalan,2017,"Action, Crime, Thriller",A detective is hungry for a challenging case to investigate and the mystery of a murdered dog leads to a rival who could be the match for him.,"Vishal, Simran, Prasanna, Vinay Rai",Mysskin,7.9,#533483,143
2429,Pyar Ka Karz,1990,Drama,"Bombay-based Dr. Naina meets with musician and singer, Ravi Shankar, and both fall in love with each other. When Ravi returns from a concert in Delhi, he finds Naina getting married to ...                See full summary »","Dharmendra, Meenakshi Sheshadri, Mithun Chakraborty, Neelam Kothari",K. Bapaiah,6.5,#1a4a1a,161
2430,Saina,2021,"Biography, Drama, Sport","The story of Saina Nehwal, a professional badminton player who ranked number 1 in the sport.","Mukesh Agrohari, Olga Anand, Rohan Apte, Amit Ashar",Amole Gupte,7.5,#2a2a1a,128
2431,Virgin Bhanupriya,2020,"Comedy, Drama","Bhanupriya, a conservative girl decides to lose her virginity but fails in her every attempt. A soothsayer predicts that it is an impossible task and it will not happen to her. She decides to overcome this bad luck.","Urvashi Rautela, Gautam Gulati, Rajiv Gupta, Archana Puran Singh",Ajay Lohan,7.5,#533483,165
2432,Halahal,2020,"Crime, Drama, Mystery",The Murder of a college girl morphed into a suicide takes Dr. Shiv on a journey to dig the truth out of his daughter's murder.,"Barun Sobti, Sachin Khedekar, Purnendu Bhattacharya, Manu Rishi Chadha",Randeep Jha,7.0,#533483,156
2433,Maid for each other,2022,Romance,"Grew up with the words "" Made for each other "" only to realize your soulmate is your ""maid"" ? Shivam a 25 years old falls in love with his maid while dating his current boss (charu). Mess ...                See full summary »","Lavina Khanchandani, Bhupender Singh Rawat, Annu Sharma, Swagger Sharma",Swagger Sharma,8.0,#e94560,111
2434,Stalin,2006,"Action, Drama",The story is about how an ex-army officer brings change in society by making people to help each other.,"Chiranjeevi, Trisha Krishnan, Prakash Raj, Sharada",A.R. Murugadoss,7.7,#0f3460,123
2435,Dus,2005,"Action, Crime, Drama",A team of specialists must catch a terrorist before he carries out an attack.,"Sanjay Dutt, Suniel Shetty, Abhishek Bachchan, Zayed Khan",Anubhav Sinha,6.3,#4a1a1a,165
2436,Om Dar-B-Dar,1988,Drama,A carefully constructed nonsense about a teenage boy named Om in a small Indian village.,"Anita Kanwar, Gopi Desai, Lalit Tiwari, Lakshminarayan Shastri",Kamal Swaroop,8.3,#4a4a1a,164
2437,Mann,1999,"Drama, Romance","A young woman falls in love with a handsome playboy, while aboard a Singapore to India cruise. They make plans to meet again, but fate may have other plans...","Aamir Khan, Manisha Koirala, Sharmila Tagore, Deepti Bhatnagar",Indra Kumar,8.3,#4a4a1a,120
2438,3rd October,2023,Drama,"Revolves around two lawyers with contrasting perspectives, each justified in their own right. The film sheds light on the role of the justice system and the media within our society.","Moin Khan, Hiten Tejwani, Sneha Ullal, Kanchi Singh",Vineet Jha,5.8,#533483,149
2439,Baabul,2006,"Drama, Family, Romance","When his only son dies in an accident, Balraaj urges his depressed daughter-in-law to marry a man who has long loved her in silence.","Amitabh Bachchan, Salman Khan, Hema Malini, John Abraham",Ravi Chopra,8.0,#2d4a22,125
2440,Roti Kapada Aur Makaan,1974,"Action, Drama, Musical",Bharat faces challenges in leading his family after taking the responsibilities following his father's death.,"Manoj Kumar, Shashi Kapoor, Zeenat Aman, Moushumi Chatterjee",Manoj Kumar,8.5,#4a3a1a,112
2441,Dobaara: See Your Evil,2017,"Horror, Mystery",Siblings Natasha and Kabir Merchant investigate an allegedly haunted mirror in their parents' home in this official adaption of 'Oculus'.,"Adil Hussain, Huma Qureshi, Madalina Bellariu Ion, Lisa Ray",Prawaal Raman,6.6,#2a2a1a,110
2442,Hawas,2004,"Drama, Romance, Thriller","Complications arise when a bored young wife embarks on an extra-marital affair with a stranger, leading to emotional turmoil and eventually, murder.","Shawar Ali, Meghna Naidu, Tarun Arora, Mukesh Tiwari",Karan Razdan,8.1,#2a2a1a,162
2443,Fateh,2000,"Action, Crime","Follows a former gangster who is hired to guard a young woman named Jacqueline. In order to keep her safe, Fateh must employ all of his abilities while simultaneously attempting to learn the truth about the threats made against her.","Sonu Sood, Jacqueline Fernandez, Vijay Raaz, Dibyendu Bhattacharya",Vaibhav Misra,8.6,#1a4a1a,122
2444,Zakhmi Sipahi,1995,Action,"Shakti is an honest police officer out to avenge the death of his father, Gautam Gorakhnath, and the trials and obstacles he faces while he goes through corruption, love, and usual Hindi film masala.","Vikas Anand, Mithun Chakraborty, Puneet Issar, Goga Kapoor",T.L.V. Prasad,8.6,#1a3a4a,150
2445,Happy Ending,2014,"Comedy, Romance",A confused writer goes on the search of inspiration for his next story and falls in love with a best seller author who doesn't believe in love.,"Saif Ali Khan, Ileana D'Cruz, Kalki Koechlin, Ranvir Shorey","Krishna D.K., Raj Nidimoru",6.4,#2a2a1a,115
2446,Japan,2023,"Action, Drama, Thriller",Plot under wraps.,"Sunil, Karthi, Anu Emmanuel, Rajesh Aggarwal",Raju Murugan,6.5,#1a3a4a,126
2447,Gunda,1998,"Action, Comedy, Crime","When a coolie's family is murdered by a group of gangsters and politicians, he swears revenge on them.","Mithun Chakraborty, Mukesh Rishi, Mohan Joshi, Shakti Kapoor",Kanti Shah,6.4,#16213e,153
2448,Nishant,1975,"Crime, Drama","A man whose wife is abducted seeks to have the culprits prosecuted for their crime, but no one will help him. Meanwhile, the wife-abused and berated by her abductors-cannot bring herself to face her husband.","Girish Karnad, Shabana Azmi, Anant Nag, Amrish Puri",Shyam Benegal,8.1,#533483,143
2449,The Past,2018,"Drama, Horror","Two sisters Simran and Alia go on a vacation to Lonavala, where they experience paranormal activity at the bungalow that they're put up in, as an evil spirit takes over the place.","Sonia Albizuri, Samiksha Bhatt, Navid Mirzaaghazadeh, Yuvraaj Parashar",Gagan Puri,8.6,#533483,143
2450,Army,1996,"Action, Drama","Arjun, a newlywed Army man, is brutally killed by a gangster, Nagraj. His young widow, determined to avenge her husband's death, raises an army of dedicated young men to kill the gangster.","Sridevi, Shah Rukh Khan, Harish, Mohnish Behl",Raam Shetty,6.4,#4a1a4a,122
2451,Dvand: The Internal Conflict,2023,Drama,Add a Plot,"Ishtiyak Khan, Istiyak Khan, Vikram Kochhar, Sanjay Mishra",Ishtiyak Khan,6.7,#1a4a1a,160
2452,Dulhe Raja,1998,Comedy,"Poor Raja opens a fast food restaurant right opposite a five star hotel run by it's owner Singhania, earning his wrath. The wealthy hotel owner uses all his influence to remove Raja, but in...                See full summary »","Govinda, Raveena Tandon, Kader Khan, Prem Chopra",Harmesh Malhotra,7.5,#2d4a22,149
2453,Irada,2017,"Drama, Mystery, Thriller",An NIA officer tries to unravel the conspiracy that led to the bombing of a business tycoon's factory.,"Naseeruddin Shah, Arshad Warsi, Divya Dutta, Sharad Kelkar",Aparnaa Singh,6.2,#0f3460,140
2454,Jaggu Ki Lalten,2022,Drama,"""Jaggu ki Lalten"" is a comedy-drama musical film that explores the life of a scrap dealer cum businessman, Hari lal bhoot. A man with shrewd business tactics yet elated with generous and ...                See full summary »","Rambir Aryam, Aakriti Bharti, Rajendra Bhatia, Biren Dang",Vipin Kapoor,7.3,#2d4a22,117
2455,Coolie,1983,"Action, Comedy, Drama","When Iqbal gets separated from his mother and brother by a flood, he becomes a coolie at Mumbai railway station. He then fights for the coolies rights and faces challenges from a businessman.","Amitabh Bachchan, Waheeda Rehman, Rishi Kapoor, Rati Agnihotri","Manmohan Desai, Prayag Raj",8.6,#4a4a1a,159
2456,Dedh Ishqiya,2014,"Comedy, Drama, Romance",Two lousy crooks find paradise in the seven stages of love.,"Huma Qureshi, Madhuri Dixit, Naseeruddin Shah, Arshad Warsi",Abhishek Chaubey,8.5,#3a4a1a,149
2457,VD18,2024,"Action, Drama",Revolve around a DCP who transforms and travels to different place in order to safeguard his family.,"Wamiqa Gabbi, Keerthy Suresh, Varun Dhawan",Kalees,8.0,#533483,124
2458,Ek Doctor Ki Maut,1990,"Biography, Drama","After years of painstaking research at the cost of his domestic pleasure, Dr. Dipankar Roy discovers a vaccine for leprosy. The news is flashed over television and overnight, an ...                See full summary »","Shabana Azmi, Pankaj Kapur, Irrfan Khan, Deepa Sahi",Tapan Sinha,8.2,#3a2a1a,134
2459,Ram Gopal Varma Ki Aag,2007,"Action, Adventure, Comedy","A pair of bodyguards for a politician find their positions under threat when their employer is implicated in a scandal. Fleeing to Mumbai they find work with a gangster, but also find that the police are onto them.","Amitabh Bachchan, Mohanlal, Ajay Devgn, Vinod Jaywant",Ram Gopal Varma,8.7,#3a4a1a,157
2460,Yeh Ballet,2020,"Drama, Musical","Discovered by an eccentric ballet master, two gifted but underprivileged Mumbai teens face bigotry and disapproval as they pursue their dancing dreams.","Julian Sands, Sarah Jane Dias, Jim Sarbh, Mihir Ahuja",Sooni Taraporevala,6.6,#e94560,152
2461,Namak Haraam,1973,Drama,"Somnath (Somu) lives in a shanty house in a Delhi slum with his widowed mom, and unmarried sister, Sarla. He is friendly with Calcutta-based wealthy Vikram (Vicky) Maharaj. When Vicky's dad...                See full summary »","Rajesh Khanna, Amitabh Bachchan, Simi Garewal, Rekha",Hrishikesh Mukherjee,8.7,#e94560,133
2462,Woh Lamhe ...,2006,"Biography, Drama, Romance","Based upon the life of actress Parveen Babi, this film describes the life of schizophrenic actress Sana Azim and the love of her life: Aditya Garewal.","Kangana Ranaut, Shiney Ahuja, Shaad Randhawa, Purab Kohli",Mohit Suri,6.3,#4a3a1a,119
2463,Mandi,1983,"Comedy, Drama","Forbidden love, fraying loyalties and flagrant hypocrisy emerge when sanctimonious politicians drive a madam's brothel from the heart of Hyderabad.","Shabana Azmi, Smita Patil, Naseeruddin Shah, Amrish Puri",Shyam Benegal,8.8,#1a3a4a,132
2464,Naya Daur,1957,"Action, Drama, Musical","When the son of a landlord decides to modernize his business by replacing the horse carts with buses, a horse cart rider decides to challenge him.","Dilip Kumar, Vyjayanthimala, Ajit Khan, Chand Usmani",B.R. Chopra,7.8,#1a2a1a,165
2465,Welcome to Karachi,2015,"Action, Comedy, War","Two men from India land in Karachi, Pakistan, without their passports. They get trapped by the Taliban and desperately try to find a way to get back to India.","Arshad Warsi, Jackky Bhagnani, Lauren Gottlieb, Dalip Tahil",Ashish R. Mohan,8.5,#4a3a1a,154
2466,No Land's Man,2021,Drama,The predominantly English-language film will chronicle a tragic and strange funny journey of a South Asian man whose journey takes a layered and complicated shape when he meets an Australian girl in the US.,"Nawazuddin Siddiqui, Eisha Chopra, Vikram Kochhar, Tahsan",Mostofa Sarwar Farooki,7.9,#1a3a4a,138
2467,1971,2007,"Action, Drama, War","Based on true facts, the film revolves around 6 brave soldiers who escape from the clutches of the Pakistan Army and risk death with honour and courage with sacrifice towards their journey home.","Manoj Bajpayee, Ravi Kishan, Deepak Dobriyal, Kumud Mishra",Amrit Sagar,6.0,#4a1a4a,142
2468,Saheb Biwi Aur Gangster 3,2018,"Action, Crime, Drama","The royal saga of deceit, conspiracy, greed and lust continues in the third installment of the series, as the Saheb and Biwi are pitted against an enemy and everyone involved is scheming ruthlessly for their own personal gain.","Sanjay Dutt, Jimmy Shergill, Mahie Gill, Chitrangda Singh",Tigmanshu Dhulia,8.6,#1a3a4a,161
2469,Hawaizaada,2015,"Biography, Drama","The film which is based on the life on an Indian scientist Shivkar Bapuji Talpade, who is credited to have constructed India's first unmanned plane is the tale of the hardships that he went...                See full summary »","Naman Jain, Mithun Chakraborty, Samir Chandra, Kanishka Singh Deo",Vibhu Puri,7.4,#4a1a4a,127
2470,Tumhari Sulu,2017,"Comedy, Drama",Sulu is an ambitious housewife with a loving husband and a happy family. Things start changing for her when she accidentally lands a job as a radio jockey and her show becomes an instant hit.,"Vidya Balan, Manav Kaul, Neha Dhupia, Vijay Maurya",Suresh Triveni,8.2,#16213e,120
2471,Prem,1995,"Action, Drama, Romance","Sanjay Verma is an eligible young man, who has been having hallucinations of a past life as Shantanu. He travels to a small community and meets with Sonia Verma, and recognizes her as the ...                See full summary »","Sanjay Kapoor, Tabu, Deepak Tijori, Dalip Tahil",Satish Kaushik,7.0,#4a1a4a,110
2472,Dangerous Ishhq,2012,"Fantasy, Mystery, Romance",Three doppelgangers(one girl+ two boys).Two of them loves each other and get together from many lives .And the third one(who can't be killed easily)also wants the girl and he tries to separate them through many lives.,"Karisma Kapoor, Rajneesh Duggal, Divya Dutta, Jimmy Shergill",Vikram Bhatt,7.6,#1a3a1a,111
2473,Ajay,1996,"Action, Drama, Romance","Raja Brijraj Singh and his younger brother Raja Ranbir Singh lives in a spacious bungalow and are wealthy landlords of a small Indian village name Kishengard. They would like there only, ...                See full summary »","Sunny Deol, Karisma Kapoor, Reena Roy, Kiran Kumar",Suneel Darshan,7.7,#4a4a1a,139
2474,Shuddh Desi Romance,2013,"Comedy, Drama, Romance",A romantic comedy which tells the journey of three restless young people who junk society's syllabus for finding love and decide to follow their heart.,"Sushant Singh Rajput, Parineeti Chopra, Rishi Kapoor, Vaani Kapoor",Maneesh Sharma,7.6,#1a1a3a,132
2475,Aakhree Raasta,1986,"Action, Crime, Drama",An ex-convict is bent on revenge against the people responsible for his wrongful imprisonment but is pit against his estranged son who is now a police officer.,"Amitabh Bachchan, Sridevi, Jaya Prada, Om Shivpuri",Bhagyaraj,6.8,#3a4a1a,159
2476,Mubarakan,2017,"Comedy, Romance","Singleton Kartar Singh is left with the responsibility of raising his 2 orphaned nephews. He asks his brother to raise Charan and his sister in London to raise Karan. When the twins cross continents, they leave behind a trail of confusion.","Anil Kapoor, Arjun Kapoor, Ileana D'Cruz, Athiya Shetty",Anees Bazmee,7.0,#0f3460,165
2477,Police Aur Mujrim,1992,"Action, Musical, Romance","Bombay's Police Commissioner Veer Bahadur Singh, lives with his wife, Sharda, and daughter, Jyoti. When DSP Vishal Khanna arrests two notorious robbers and pimps, Shera and Jaaga, and holds...                See full summary »","Raaj Kumar, Vinod Khanna, Meenakshi Sheshadri, Avinash Wadhawan",K.C. Bokadia,5.9,#4a1a1a,127
2478,Jazbaa,2015,"Action, Crime, Drama","Tensions arise when the daughter of nation's best lawyer is kidnapped. Now she'll have to save a rapist from death sentence, as ransom, within 4 days.","Aishwarya Rai Bachchan, Irrfan Khan, Shabana Azmi, Jackie Shroff",Sanjay Gupta,8.5,#2a2a1a,162
2479,Lucky: No Time for Love,2005,"Musical, Drama, Romance","In a chain of unfortunate events, a 17-year-old schoolgirl narrowly escapes a possible rapist, is caught up in a terror attack, and drinks contaminated water that poisons her.","Salman Khan, Sneha Ullal, Mithun Chakraborty, Kader Khan","Radhika Rao, Vinay Sapru",8.7,#1a1a1a,110
2480,Ankhen,1968,"Action, Adventure, Drama","Shortly after independence India faces terrorists attacks in Assam, resulting in many deaths and casualties. A group of concerned citizens then decide to do something to stop this carnage.","Mala Sinha, Dharmendra, Kumkum, Sujit Kumar",Ramanand Sagar,7.4,#e94560,119
2481,Mashaal,1984,"Action, Drama, Family",A chain of events changes Vinod's life - from honest journalist to black marketer to an underworld Don and a Racketeer in order to combat Vardhan.,"Anil Kapoor, Dilip Kumar, Waheeda Rehman, Rati Agnihotri",Yash Chopra,7.7,#4a3a1a,159
2482,Super Nani,2014,"Comedy, Drama, Family","The movie revolves around how an Indian woman, Bharti, who sacrifices her life for her children and husband, and yet they do not value her or her sacrifices, and they all maltreat her. Then...                See full summary »","Rekha, Sharman Joshi, Randhir Kapoor, Anupam Kher",Indra Kumar,6.2,#1a3a4a,147
2483,Dhoondte Reh Jaoge,2009,"Comedy, Drama",A failed film producer and an unemployed Chartered Accountant decide to make a 'sure flop' movie,"Paresh Rawal, Kunal Kemmu, Sonu Sood, Soha Ali Khan",Umesh Shukla,8.6,#533483,117
2484,Tahalka,1992,"Action, Adventure, Thriller","While on a yacht trip along with this daughter, Dolly, Indian army Major Krishna Rao, observes a girl in distress and goes to rescue her. He ends up rescuing dozens of girls, who have been ...                See full summary »","Dharmendra, Naseeruddin Shah, Mukesh Khanna, Aditya Pancholi",Anil Sharma,8.5,#3a4a1a,153
2485,Googly,2013,"Comedy, Romance","Sharath and Swath, who fall in love but get separated due to some misunderstandings. They reunite a few years later at a friend's wedding","Yash, Kriti Kharbanda, Anant Nag, Sadhu Kokila",Pawan Wadeyar,6.1,#0f3460,162
2486,Swarg,1990,Drama,"Krishna is very loyal to his master and treats him like God. Unfortunately, he gets thrown out of the house and the master becomes a pauper. But loyal Krishna returns to change things for the master.","Rajesh Khanna, Govinda, Madhavi, Juhi Chawla",David Dhawan,8.0,#3a2a1a,149
2487,Hadh Kar Di Aapne,2000,"Comedy, Romance","Raj, a detective, goes on a Europe trip for his friend's case. During the trip, he falls in love with Anjali, who is impersonating her best friend. Their journey together ensues romance and comic confusion.","Govinda, Rani Mukerji, Johny Lever, Paresh Rawal",Manoj Agrawal,8.4,#4a1a4a,148
2488,Mere Baap Pehle Aap,2008,"Comedy, Drama, Romance",A son reunites his widowed father to the long lost lover of the latter and urges him to marry.,"Akshaye Khanna, Paresh Rawal, Genelia Deshmukh, Om Puri",Priyadarshan,8.3,#e94560,163
2489,Amir Garib,1974,"Action, Thriller","Manmohan alias Moni lives a dual life. One as a magician, and the other as a thief with the name of Bhagula Bhagat, whose prime agenda is to rob the rich, and spread the wealth with the ...                See full summary »","Dev Anand, Hema Malini, Premnath Malhotra, Ranjeet Bedi",Mohan Kumar,8.3,#0f3460,136
2490,Long Live Brij Mohan,2017,"Comedy, Crime, Drama","A man fakes his own death. Unfortunately for him, starting a new life with a new identity will only bring him more problems.","Arjun Mathur, Nidhi Singh, Sheetal Thakur, Manav Vij",Nikhil Nagesh Bhat,8.5,#2d4a22,145
2491,Meel patthar,2020,Drama,"Recently marking 500,000 kilometers on the road, a newly bereaved trucker faces the threat of losing the job that has come to define him to a new intern.","Mohinder Gujral, Pavitra Mattoo, Lakshvir Saran, Suvinder Vicky",Ivan Ayr,8.6,#1a2a1a,162
2492,Hatya,1988,"Action, Crime, Drama","After the deaths of his wife Sheila and child Raja, Sagar takes to drinking as well as singing and dancing at weddings and special occasions. Intoxicated heavily after one such event, he ...                See full summary »","Govinda, Neelam Kothari, Raj Kiran, Anupam Kher",Kirti Kumar,7.4,#2a2a1a,124
2493,NTR: Kathanayakudu,2019,"Biography, Drama","Based on the journey of the legendary Telugu actor, filmmaker and ex-Chief Minister Late Taraka Rama Rao Nandamuri.","Nandamuri Balakrishna, Vidya Balan, Kaikala Satyanarayana, Nandamuri Kalyan Ram",Radha Krishna Jagarlamudi,6.1,#4a1a4a,122
2494,Apne,2007,"Action, Drama, Sport","A disgraced ex-boxer attempts to make his two sons champion boxers in order to clear his name. One son agrees with this goal, but the other does not, causing family conflicts.","Dharmendra, Sunny Deol, Bobby Deol, Shilpa Shetty Kundra",Anil Sharma,8.4,#1a3a1a,145
2495,Yeh Lamhe Judaai Ke,2004,"Drama, Mystery, Romance","Dushyant and Jaya are childhood friends. In spite of his familys poverty, Dushyant has one great ambition in life: to become a successful singer. Will he achieve his ambition?","Shah Rukh Khan, Raveena Tandon, Navneet Nishan, Avtar Gill","Pavan Kaul, Birendra Nath Tiwari",8.2,#0f3460,143
2496,No Problem,2010,"Action, Comedy, Crime","Bank robbers, diamond thieves, a minister's homicide, and a hyper wife are just some of the challenges faced by a bumbling senior police officer.","Anil Kapoor, Sanjay Dutt, Akshaye Khanna, Suniel Shetty",Anees Bazmee,7.3,#0f3460,163
2497,Yudhra,2000,Action,Action-packed ride with romance and drama involved.,"Siddhant Chaturvedi, Malavika Mohanan, Raghav Juyal, Ram Kapoor",Ravi Udyawar,5.9,#e94560,111
2498,Baghavat,1982,"Action, Romance","The region under Maharaj Singh's control is under-going drought and famine-like conditions, and the Maharaj orders that the treasury be made open so that his public does not suffer. His ...                See full summary »","Dharmendra, Hema Malini, Reena Roy, Amjad Khan",Ramanand Sagar,6.5,#1a4a1a,157
2499,Begum Jaan,2017,"Action, Drama, History",The story of eleven prostitutes who refuse to part ways with their brothel and each other during the partition between India and Pakistan.,"Amitabh Bachchan, Pallavi Sharda, Vidya Balan, Naseeruddin Shah",Srijit Mukherji,7.7,#3a2a1a,113
2500,Taarzan: The Wonder Car,2004,"Action, Adventure, Drama","Raj rebuilds his dead father's car and names it Taarzan, but the car comes to life in a miraculous way. Slowly, the car starts killing the killers of Raj's father.","Ajay Devgn, Vatsal Sheth, Ayesha Takia, Farida Jalal","Abbas Alibhai Burmawalla, Mastan Alibhai Burmawalla",7.9,#16213e,155
2501,Yaariyan,2014,"Drama, Romance",A college student must win an inter college competition to save his college from being demolished by property builders.,"Himansh Kohli, Rakul Preet Singh, Nicole Faria, Shreyas Porus Pardiwalla",Divya Khosla Kumar,8.2,#2d4a22,150
2502,The Legend of Bhagat Singh,2002,"Action, Biography, Drama",The story of a young revolutionary who raised an armed resistance against the British rule in India.,"Ajay Devgn, Sushant Singh, D. Santosh, Akhilendra Mishra",Rajkumar Santoshi,7.5,#1a4a1a,146
2503,Beyond the Clouds,2017,"Drama, Family","A hedonistic teenager in Mumbai is busted for dealing drugs and goes to his estranged sister for help, but complications land her in jail.","Ishaan Khattar, Malavika Mohanan, Goutam Ghose, Sharada",Majid Majidi,5.8,#1a3a4a,152
2504,Oops!,2003,"Comedy, Drama","Dancer Jahaan (Kiran Janjani) has a group that includes his girlfriend Nikki (Adyasha), and bosom pal Akash Rai (Vikas Sethi). While Nikki and Akash are content to wait for their big-time, ...                See full summary »","Kiran Jhangiani, Vikas Sethi, Adyasha, Mink Singh",Deepak Tijori,7.9,#4a4a1a,137
2505,Hawaa Hawaai,2014,"Drama, Family, Sport",Arjun dreams of skating. Can Arjun follow his dream and be a champion?,"Makrand Deshpande, Partho A. Gupte, Devraya Gole, Neha Joshi",Amole Gupte,7.3,#533483,155
2506,Ram Singh Charlie,2020,Drama,A Lovely Little Film About A Family Of Circus Artistes.,"Kumud Mishra, Divya Dutta, Salima Raza, Farrukh Seyer",Nitin Kakkar,7.2,#1a3a4a,144
2507,Main Atal Hoon,2023,"Biography, Drama","The life of Atal Bihari Vajpayee, who served as the Prime Minister of India thrice during his tenure. The Bharat Ratna and Padma Vibhushan recipient was also one of the key senior leaders and co-founders of Bharatiya Janata Party (BJP)","Pankaj Tripathi, Benedict Garrett, Harshad Kumar, Rajesh Dubeay",Ravi Jadhav,7.6,#4a1a4a,112
2508,Taqdeer,1967,"Drama, Family","For the well-being of her children, a destitute widow is forced to marry a man she dislikes.","Bharat Bhushan, Shalini, Farida Jalal, Johnny Walker",A. Salaam,8.7,#1a1a3a,132
2509,Simran,2017,"Crime, Drama, Thriller","A socially-criticized, financially-cornered girl becomes an outlaw to dodge the situation.","Kangana Ranaut, Sohum Shah, Esha Tewari, Jason Louder",Hansal Mehta,8.7,#4a4a1a,118
2510,Dulhan Hum Le Jayenge,2000,"Comedy, Drama, Romance","Sapna has lost her parents at an early age and lives with her three quirky uncles - Bhola Nath is a fitness freak, Prabhu Nath is a deeply religious fellow and Vicky Nath is a disco-savvy ...                See full summary »","Salman Khan, Karisma Kapoor, Om Puri, Paresh Rawal",David Dhawan,6.8,#e94560,112
2511,Indian Never Again Nirbhaya,2018,Drama,Based on the true event of Delhi bus gang rape in December 2012.,"Riecha Sharma, Dinesh Mehta, Gehana Vasisth, Bidisha Adhikari","Bidisha Adhikari, Kanchan Adhikari, Payal Kaashyap",7.0,#4a1a1a,153
2512,The Great Gambler,1979,"Action, Crime, Romance","After unwittingly using his skills to obtain military secrets, a gambler is pursued by a police officer who happens to be his doppelganger.","Amitabh Bachchan, Zeenat Aman, Neetu Singh, Prem Chopra",Shakti Samanta,6.1,#0f3460,150
2513,Chaar Lugaai,2023,Mystery,"Women, who maintain every duty and responsibility of their married life, but while on that, they find themselves yearning for intimacy and affection. With their husbands staying afar, they ...                See full summary »","Nidhi Uttam, Ayush Chaturvedi, Deepti Gautam, Mansi Jain",Prakash Saini,6.8,#1a1a3a,165
2514,Pinjar: Beyond Boundaries...,2003,Drama,"In the days leading up to Partition, a Hindu woman is abducted by a Muslim man. Soon, she finds herself not only forced into marriage, but living in a new country as the borders between India and Pakistan are drawn.","Urmila Matondkar, Manoj Bajpayee, Sanjay Suri, Sandali Sinha",Chandra Prakash Dwivedi,7.9,#1a3a1a,115
2515,200: Halla Ho,2021,"Crime, History, Thriller","Loosely based on a real incident, 200: Halla Ho is the story of women, terrorised by a mobster whose gang raped, robbed, terrorised and murdered 300 families for 15 years until he met his nemesis in a young Dalit girl.","Dipti Avlani, Saloni Batra, Apurva Choudhari, Sushama Deshpande","Sarthak Dasgupta, Alok Batra",6.5,#3a2a1a,143
2516,Ayalaan,2024,"Action, Adventure, Sci-Fi","A lost alien seeks help to go back to his home, but everything gets harder after the alien returns to its home.","Sivakarthikeyan, Rakul Preet Singh, Karunakaran, Bhanupriya",R. Ravikumar,6.6,#533483,111
2517,Total Dhamaal,2019,"Action, Adventure, Comedy",A group of people learn about a hidden treasure and then they race to find it and claim it.,"Ajay Devgn, Anil Kapoor, Madhuri Dixit, Riteish Deshmukh",Indra Kumar,6.1,#4a4a1a,130
2518,Aayirathil Oruvan,2010,"Action, Adventure","Anitha, a government official, embarks on a journey to find Chandramouli, an archaeologist, who went to Vietnam to search for any existence of the prince of the Chola dynasty.","Karthi, Reema Sen, Andrea Jeremiah, Parthiban Radhakrishnan",K. Selvaraghavan,6.2,#1a1a3a,123
2519,Fashion,2008,"Drama, Romance",A small-town girl finally realizes her dream of becoming a famous supermodel but soon finds out that her glamorous new life has a price.,"Priyanka Chopra Jonas, Kangana Ranaut, Mugdha Godse, Arbaaz Khan",Madhur Bhandarkar,8.5,#1a2a1a,110
2520,14 Phere,2021,"Comedy, Romance","Sanjay, a Rajput from Jahanabad, is in love with Aditi, a Jat from Jaipur. They want to get married, but don't want to hurt their families. So they plan to get married by arranging a fake set of parents. Will they succeed?","Kriti Kharbanda, Vikrant Massey, Gauahar Khan, Vineet Kumar",Devanshu Singh,6.1,#2a2a1a,120
2521,Yellow Bus,2023,Drama,"After discovering that her daughter was abandoned to perish in the blistering desert heat on a school bus, an Indian woman residing in the Arabian Gulf sets out on a quest for the truth and justice.","Sam Akel, Mansoor Al-Fili, Kinda Alloush, Francesca Bizzarri",Wendy Bednarz,7.9,#1a1a1a,154
2522,Mere Sajana Saath Nibhana,1992,"Drama, Musical","Kanhaiya lives with his mother in a small rural town in India, and makes a living singing and dancing at wedding, birthdays, and other important ceremonies in the community along with Bhola...                See full summary »","Mithun Chakraborty, Juhi Chawla, Shanti Priya, Prem Chopra",Rajesh Vakil,6.8,#1a2a1a,165
2523,Torbaaz,2020,"Action, Drama, Sport","A man rises from personal tragedy to lead a group of children from a refugee camp to victory, transforming their lives through the game of cricket.","Sanjay Dutt, Nargis Fakhri, Rahul Dev, Kuwaarjeet Chopraa",Girish Malik,5.9,#1a4a1a,128
2524,Ishq Vishk,2003,"Comedy, Romance","A collegian (Shahid Kapoor) woos a beautiful girl, then falls in love with his childhood friend (Amrita Rao).","Shahid Kapoor, Amrita Rao, Shenaz Treasury, Vishal Malhotra",Ken Ghosh,7.8,#1a3a4a,122
2525,Chakravyuh,2012,"Action, Drama, Thriller","On the request of his friend Kabir, SP Adil Sends him to the Naxal group as an informer. When Kabir finds the truth he becomes one of their gang leader.","Manoj Bajpayee, Kabir Bedi, Om Puri, Arjun Rampal",Prakash Jha,6.0,#533483,137
2526,Darwaza,2002,Horror,Add a Plot,"Arun Mathur, Anil Nagrath, Amit Pachori, Sapna Sappu",Kanti Shah,8.6,#1a3a1a,134
2527,Kadakh,2019,"Comedy, Drama, Thriller","Sunil is home alone when the doorbell rings. The stranger at the door is the husband of Chhaya, a woman that Sunil is having an affair with. The man asks many uncomfortable questions about their affair, becoming more and more intrusive.","Ranvir Shorey, Mansi Multani, Palomi Ghosh, Rajat Kapoor",Rajat Kapoor,8.3,#16213e,122
2528,Scorned,2020,Thriller,Romantic weekend of Kajal and Akshay turns into horrific and sadistic when Kajal discovers her boyfriend akshya is having an affair with her best friend Yamini,"Tanveer Hashmi, Pooja Joshi, Paras Randhawa, Shikha Sinha",Tanveer Hashmi,7.8,#1a1a3a,119
2529,Ankush,1986,"Action, Drama","Four unemployed young men befriend their new neighbors, but soon tragedy strikes and everything is shattered.","Nana Patekar, Rabia Amin, Gajanan Bangera, Kamini Bhatia",N. Chandra,6.0,#1a1a3a,155
2530,Shikara,2020,"Drama, History, Romance",Shikara is the story of resilience in the face of insurmountable odds. It's also the story of a love that remains unextinguished through 30 years of exile. A timeless love story in the worst of times.,"Sadia Khateeb, Zain Khan Durrani, Priyanshu Chatterjee, Bhavna Chauhan",Vidhu Vinod Chopra,6.7,#1a1a1a,137
2531,Freaky Ali,2016,"Comedy, Sport",A debt collector becomes a golfing sensation.,"Nawazuddin Siddiqui, Arbaaz Khan, Amy Jackson, Asif Basra",Sohail Khan,6.3,#4a3a1a,111
2532,Ready,2011,"Action, Comedy, Romance","Set in Thailand and India, a case of mistaken identity leads to love, and a man and his family concoct a grand scheme to win over the hearts of a woman and her greedy, conniving uncles.","Salman Khan, Asin Thottumkal, Paresh Rawal, Mahesh Manjrekar",Anees Bazmee,5.9,#1a3a4a,133
2533,Do Patti,2000,"Drama, Mystery, Thriller",Add a Plot,"Kajol, Kriti Sanon, Tanvi Azmi",Shashanka Chaturvedi,8.6,#4a4a1a,127
2534,Iqbal,2005,"Drama, Sport","Iqbal, the deaf and mute son of a farmer, has a passion for the game of cricket and seeks the tutelage of a washed-up, alcoholic ex-player.","Shreyas Talpade, Naseeruddin Shah, Shweta Basu Prasad, Yatin Karyekar",Nagesh Kukunoor,8.2,#1a3a4a,154
2535,Operation Fryday,2023,"Action, Crime, Drama",A Muslim unwittingly gets involved in a terrorist bombing in Mumbai and decides to avenge the act.,"Randeep Hooda, Suniel Shetty, Rukhsar Rehman, Nitu Chandra",Vishram Sawant,5.8,#e94560,132
2536,Dil Hai Gray,2023,Crime,A police inspector investigates a guy who traps innocent women on social media.,"Akshay Oberoi, Rangaraj Pandey, Urvashi Rautela, Vineet Kumar Singh",Susi Ganesan,5.9,#2a2a1a,151
2537,Kahin Pyaar Na Ho Jaaye,2000,"Comedy, Drama, Musical","Musician Prem Kapoor lives with his sister, Neelu, brother-in-law Vinod, his niece and a nephew. He has plans of getting married to his fiancee, Nisha; unfortunately on the wedding day ...                See full summary »","Kashmira Shah, Salman Khan, Jackie Shroff, Rani Mukerji",K. Muralimohana Rao,6.0,#1a3a1a,144
2538,Aankhen 2,2000,Thriller,"Aankhen 2 is based on a disgraced banker who hires three blind men for a heist. Whilst, the basic plot of the movie is same as its prequel, this time the heist is centered on a casino.","Amitabh Bachchan, Sanjay Dutt, Sidharth Malhotra, Azzy Bagria",Abhinay Deo,6.3,#1a2a1a,140
2539,Journey Bombay to Goa: Laughter Unlimited,2007,"Action, Adventure, Comedy","After learning a secret of a treasure from a runaway criminal, a group of tourists embarks on journey to find the hidden treasure from Bombay to Goa.","Sunil Pal, Vijay Raaz, Raju Srivastava, Ehsaan Qureshi",Raj Pendurkar,7.4,#4a1a4a,146
2540,Lekin...,1990,"Drama, Fantasy, Musical","Samir Niyogi lives in India and is assigned by the Government to travel to Rajasthan, evaluate a princely castle that once belonged to Raja Param Singh, take stock of all items, the ...                See full summary »","Vinod Khanna, Dimple Kapadia, Amjad Khan, Alok Nath",Gulzar,6.1,#4a4a1a,116
2541,The Hero: Love Story of a Spy,2003,"Action, Adventure, Drama",Arun is an Indian undercover agent enlisted to stop ISI chief Ishaq Khan. The village girl Reshma helps him but endangers her own life.,"Sunny Deol, Preity G Zinta, Priyanka Chopra Jonas, Amrish Puri",Anil Sharma,6.9,#1a1a1a,129
2542,The Zoya Factor,2019,"Comedy, Drama, Romance","Based on Anuja Chauhan's novel, Zoya Factor is a rom-com about Zoya, an advertising agent, and her relationship with the captain of Team India, Nikhil Khoda.","Sonam Kapoor, Dulquer Salmaan, Sanjay Kapoor, Aasokaa","Abhishek Sharma, Mehmet Tutkun",7.7,#16213e,139
2543,Kucch To Hai,2003,"Horror, Mystery, Romance","Indian film-makers have now come up with their very own ""I Know What You Did Last Summer', a story centering around a College Professor, who kills his wife, and hides her body in the ...                See full summary »","Tusshar Kapoor, Esha Deol, Ramesh Bhatkar, Ashay Chitre","Anurag Basu, Anil v Kumar",6.9,#1a2a1a,143
2544,Ungli,2014,"Crime, Drama, Thriller",A gang of friends decide to take justice into their own hands.,"Sanjay Dutt, Emraan Hashmi, Kangana Ranaut, Randeep Hooda",Renzil D'Silva,8.3,#3a2a1a,119
2545,Parinda,1989,"Action, Crime, Drama","A man's friend, a police officer, is assassinated by gangsters in broad daylight. He discovers that his elder brother works in the same gang and decides to avenge his friend's death by infiltrating the gang.","Jackie Shroff, Anil Kapoor, Nana Patekar, Madhuri Dixit",Vidhu Vinod Chopra,7.2,#4a1a4a,115
2546,Saajan,1991,"Drama, Musical, Romance",A poet (Sanjay Dutt) and his best friend (Salman Khan) fall in love with the same woman (Madhuri Dixit).,"Sanjay Dutt, Madhuri Dixit, Salman Khan, Ekta Sohini",Lawrence D'Souza,8.4,#4a3a1a,165
2547,Prassthanam,2019,"Action, Drama",A rural politician marries a widow with kids and gains a respectable position. He trusts his stepson more than his own in political matters; thus upsetting his son beyond limits.,"Sanjay Dutt, Jackie Shroff, Ali Fazal, Manisha Koirala",Deva Katta,7.0,#1a3a1a,139
2548,Berlin,2000,Thriller,Add a Plot,"Kabir Bedi, Ishwak Singh, Rahul Bose, Aparshakti Khurana",Atul Sabharwal,6.3,#1a4a1a,121
2549,Bhonsle,2018,Drama,"Bhonsle is a retired policeman and is living a non-interfering life in a colony dominated by locals, diagnosed with stage 4 brain tumor. When the migrant resident politics take a nasty turn, he chooses to take a stance and deal with it.","Manoj Bajpayee, Santosh Juvekar, Ipshita Chakraborty Singh, Aditya Agnihotri",Devashish Makhija,7.3,#1a3a1a,152
2550,Chashme Baddoor,2013,"Comedy, Drama","When pretty new neighbor Seema falls for their shy roommate Sid, jealous womanizers Omi and Jai plot to break up the new lovebirds.","Ali Zafar, Siddharth, Divyendu Sharma, Taapsee Pannu",David Dhawan,6.2,#4a1a1a,161
2551,Pukar,2000,"Action, Drama, Romance",A notorious terrorist manipulates an Indian army major's jilted lover into helping him obtain a classified military code.,"Anil Kapoor, Madhuri Dixit, Namrata Shirodkar, Om Puri",Rajkumar Santoshi,7.7,#1a3a1a,147
2552,All Is Well,2015,"Comedy, Drama, Romance",A musician finds himself on the run from a group of thugs with his friend and his estranged parents.,"Rishi Kapoor, Abhishek Bachchan, Asin Thottumkal, Supriya Pathak",Umesh Shukla,8.3,#e94560,116
2553,Gandhi Talks,2000,Comedy,Gandhi Talks is a Silent Feature Film.,"Vijay Sethupathi, Aditi Rao Hydari, Mahesh Manjrekar, Arvind Swami",Kishor Pandurang Belekar,6.6,#4a4a1a,128
2554,Do Ankhen Barah Haath,1957,"Comedy, Crime, Drama","Progressive, reform-minded young warden gets permission to take six surly murderers from prison to dilapidated country farm, to rehabilitate it and themselves through hard work and kindly guidance.","Shantaram Rajaram Vankudre, Sandhya, Ulhas, B.M. Vyas",Shantaram Rajaram Vankudre,6.6,#4a1a4a,141
2555,Ittu Si Baat,2022,Drama,"The film is set in the small town of Chunar, near Varanasi. Ittu Si Baat is a slice-of-life story of an up-and-coming cricketer who falls in love with his childhood friend. ""A modern take ...                See full summary »","Aakash Ahuja, Gayatri Bhardwaj, Ravi Chauhan, Dheerendra Gautam",Adnan Ali,8.8,#1a1a3a,133
2556,Lamhe,1991,"Drama, Musical, Romance","Yash Chopra's most cherished film with soul stirring music is a story of moments - moments of passion, of ecstasy and of life changing love.","Anil Kapoor, Sridevi, Anupam Kher, Waheeda Rehman",Yash Chopra,6.7,#16213e,151
2557,Qayamat Se Qayamat Tak,1988,"Drama, Musical, Romance","Despite knowing that their respective families are bitter enemies, Raj and Rashmi fall in love with each other and decide to elope.","Aamir Khan, Juhi Chawla, Goga Kapoor, Dalip Tahil",Mansoor Khan,6.9,#3a2a1a,126
2558,Bunty Aur Babli 2,2021,"Comedy, Romance",Bunty and Babli are forced out of retirement after a spate of robberies with their trademark sigil start appearing across India.,"Saif Ali Khan, Rani Mukerji, Siddhant Chaturvedi, Sharvari Wagh",Varun V. Sharma,7.8,#1a1a1a,136
2559,Ahsaas,1979,"Drama, Romance","Sudarshan Sahni would like his son, Raju, to marry his Europe-based friend's daughter, Rita, but Raju is in love with Anu, and both plan to marry each other. Anu's dad, Pradeep Rai Choudhry...                See full summary »","Shashi Kapoor, Simi Garewal, Rakesh Bedi, Chand Usmani",Surindara Suri,6.0,#4a4a1a,113
2560,Harami,2020,"Crime, Drama, Romance","An orphan teenage pickpocket working in the trains of Mumbai along with his gang, embarks on a life-altering journey when faced by the daughter of one of his victims who's committed suicide after being robbed.","Emraan Hashmi, Rizwan Shaikh, Dhanshree Patil, Harsh Rajendra Rane",Shyam Madiraju,7.4,#3a4a1a,160
2561,Kudrat,1981,"Drama, Mystery, Romance","Chandramukhi visits Shimla and learns that she is a reincarnation of Paro, a girl who was raped and murdered. Plagued by her dark past, she attempts to bring the culprits to justice.","Rajesh Khanna, Raaj Kumar, Hema Malini, Vinod Khanna",Chetan Anand,6.1,#3a4a1a,118
2562,Kisna: The Warrior Poet,2005,"Drama, Musical, Romance","A man befriends and protects a British girl from a group of nationalists that want England to hand India back to them. They fall for each other, but the man is due to marry.","Vivek Oberoi, Isha Sharvani, Antonia Bernath, Sushmita Sen",Subhash Ghai,8.3,#4a4a1a,161
2563,Jal,2013,Drama,A gifted young man from a drought-stricken village helps a group of ecologists find water for migrating flamingoes.,"Purab Kohli, Tannishtha Chatterjee, Kirti Kulhari, Mukul Dev",Girish Malik,8.0,#1a4a1a,138
2564,Ek Gulelbaaz the Catapult,2019,"Drama, Family",Add a Plot,"Gauri Shankar, Aishwarya Arora, Hemant Pandey, Manoj Kumar",Manoj Kumar,7.3,#533483,161
2565,Jail Yatra,1981,"Action, Romance","Raju comes from a middle-class family, and lives with his mother. He meets with nurse Shobha, and both fall in love. The only problem is that Raju somehow or other always gets mixed up in ...                See full summary »","Ashok Kumar, Vinod Khanna, Reena Roy, Amjad Khan",Bhappi Sonie,6.2,#533483,135
2566,Fraud Saiyyan,2019,"Comedy, Drama",Fraud Saiyyan is the story of a con artist in North India who convinces women to marry him just so he can live off their money.,"Arshad Warsi, Saurabh Shukla, Flora Saini, Sara Loren",Sourabh Shrivastava,8.7,#1a1a2e,148
2567,Barot House,2019,"Mystery, Thriller",A series of inexplicable and gruesome killings tear the Barot family apart and destroy the close relationship between father and son. Who could be behind this mindless slaughter? When the ...                See full summary »,"Amit Sadh, Manjari Fadnnis, Aaryan Menghji, Kishaa Arora",Bugs Bhargava Krishna,5.8,#e94560,134
2568,The Attacks of 26/11,2013,"Action, Crime, Drama","The real story of ten terrorists, who sail to Mumbai and wage war on the populace for the next 72 hours.","Nana Patekar, Atul Kulkarni, Sanjeev Jaiswal, Rahaao",Ram Gopal Varma,6.2,#1a4a1a,124
2569,Son of Sardaar,2012,"Action, Comedy, Romance","A guest tries to stay inside the house of a man who can't kill him unless he's outside, because of believing guest to be equal to God.","Ajay Devgn, Sanjay Dutt, Sonakshi Sinha, Juhi Chawla","Ashwani Dhir, Anil Devgan",8.8,#1a1a2e,159
2570,Rocky,1981,"Action, Romance","Shankar a union leader looses his life in accident at work site while he was fighting with his boss Ratanlal for rights of workers,Ratanlal decides to agree on Shankar's demands after his ...                See full summary »","Sanjay Dutt, Reena Roy, Tina Ambani, Ranjeet Bedi","Sunil Dutt, Raj Khosla",5.8,#1a1a1a,133
2571,Mere Aagosh Mein,2000,Thriller,"A woman who dumps her boyfriend for a rich, older man regrets that choice when her ex takes up with her new stepdaughter.","Rana Jung Bahadur, Kanchan, Kirti Shetty, Balli Grover",B. Prasad,7.5,#533483,154
2572,Narasimha,1991,"Action, Drama","With the help of his strongest henchman; Narasimha, Baapji eliminates his enemies from the city. But what happens when the sleeping morals of your toughest ally awaken, and he not only opposes you, but aligns with your enemy?","Sunny Deol, Dimple Kapadia, Urmila Matondkar, Ravi Behl",N. Chandra,8.3,#533483,137
2573,The Burning Train,1980,"Action, Thriller",A dedicated railway employee's plan to introduce an express train result in sabotage.,"Dharmendra, Vinod Khanna, Jeetendra, Vinod Mehra",Ravi Chopra,6.4,#1a2a1a,159
2574,Bemisal,1982,"Drama, Family","'Bemisal' is the story of noble orphan Sudhir, who sacrifices everything he has, from the love of his life to his profession and reputation, to save his foster family.","Amitabh Bachchan, Rakhee Gulzar, Vinod Mehra, Deven Verma",Hrishikesh Mukherjee,7.4,#2a2a1a,134
2575,Chhota Bheem Himalayan Adventure,2016,Animation,"When Hidimbak attacks manali Bheem has to stop that strong man,","Jigna Bhardwaj, Rupa Bhimani, Sonal Kaushal, Ketan Kava",Rosauro Adorable,7.7,#4a4a1a,113
2576,Vijay,1988,"Action, Drama, Romance",Vijay is a story about people that are bound by relationships of love and friendship and how they become foes and take up weapons against each other.,"Anil Kapoor, Rajesh Khanna, Rishi Kapoor, Hema Malini",Yash Chopra,6.2,#16213e,123
2577,Ghazab,1982,"Action, Comedy, Drama","Ajay alias Munna Babu is a semi-senile, gentle but naive young man who has a wealthy family estate. His employees and alleged well-wishers (Arjun Singh, Jatha Shankar, Munishi Gurbachan, ...                See full summary »","Ranjeet Bedi, Seema Deo, Dharmendra, Krishan Dhawan",C.P. Dixit,7.4,#533483,116
2578,Free Entry,2006,"Drama, Romance","The movie is a story of twin sisters coveting the same man. Bobby is a working girl in Bangkok while her twin sister, Julie, is interested in only having a good time. Bobby meets Rocky at ...                See full synopsis »","Anil Nagrath, Amit Pachori, Sapna Sappu",Kanti Shah,8.2,#4a3a1a,160
2579,Jaal,1986,"Action, Drama, Thriller","Shankar Verma lives a poor lifestyle with his mom, Shanti, in India after His father, Sathpal, leaves the family for a courtesan by the name of Meenabai. Years later, Shankar has now grown ...                See full summary »","Rekha, Mithun Chakraborty, Mandakini, Moon Moon Sen",Umesh Mehra,6.1,#1a4a1a,115
2580,Shaapit: The Cursed,2010,"Adventure, Horror, Romance","In order to wed his sweetheart, a male must reverse a 350-year old curse on her family.","Aditya Narayan, Shweta Agarwal, Rahul Dev, Shubh Joshi",Vikram Bhatt,8.6,#1a2a1a,122
2581,Hello Brother,1999,"Action, Comedy, Fantasy",A police officer receives a heart transplant from a murdered man whose ghost then follows him around insisting that he solve and avenge his murder.,"Salman Khan, Rani Mukerji, Arbaaz Khan, Johny Lever",Sohail Khan,7.3,#1a1a3a,112
2582,Ghatak: Lethal,1996,"Action, Drama","Unable to witness the injustice and brutality inflict on the residents by a tyrannical gangster, Katya, in a small Indian village in India; Kashinath alias Kashi decides to single-handily ...                See full summary »","Sunny Deol, Meenakshi Sheshadri, Danny Denzongpa, Amrish Puri",Rajkumar Santoshi,6.4,#1a4a1a,148
2583,Ramprasad Ki Tehrvi,2019,"Comedy, Drama","Bauji's entire family comes under one roof for 13 days after he passes away. We get a glimpse of their dynamics, politics and insecurities as each one of them is on their journey to discover their own selves and truth.","Supriya Pathak, Konkona Sen Sharma, Parambrata Chattopadhyay, Vikrant Massey",Seema Pahwa,6.8,#4a4a1a,160
2584,Backfire,2022,Mystery,Add a Plot,"Sandeepa Dhar, Karan Singh Grover, Kay Kay Menon, Neil Nitin Mukesh",Ashok K Mishra,6.4,#1a1a3a,164
2585,Main Prem Ki Diwani Hoon,2003,"Comedy, Drama, Musical","This is the story of Sanjana, a girl of today's generation full of life and vibrant ecstasy. She lives life on her own terms and gets very upset when her mother Susheela, arranges for her to see a boy leading to a marriage prospect.","Hrithik Roshan, Kareena Kapoor, Abhishek Bachchan, Johny Lever",Sooraj R. Barjatya,8.4,#16213e,156
2586,Naseeb Apna Apna,1986,"Comedy, Drama","A domineering man marries his son to a simple village girl. But when she arrives at his house in the city, she discovers that he is already married to an attractive city woman.","Rishi Kapoor, Farha Naaz, Radhika Sarathkumar, Rakesh Bedi",Rama Rao Tatineni,8.8,#1a4a1a,125
2587,Parivaar,1987,"Drama, Family",Anita finds shelter with a street perfomer Birju when she is abandoned by her relatives due to dowry issues,"Mithun Chakraborty, Meenakshi Sheshadri, Shakti Kapoor, Baby Guddu",Shashilal K. Nair,6.9,#0f3460,133
2588,Tu Hai Mera Sunday,2016,"Comedy, Drama","When their Sunday soccer game on the beach is canceled, five friends set out to find another place to play in the noisy, crowded city of Mumbai.","Barun Sobti, Shahana Goswami, Avinash Tiwary, Nakul Bhalla",Milind Dhaimade,8.0,#4a3a1a,125
2589,Rakshak,1996,"Action, Thriller",ASP Raj Sinha is assign with the task of bringing to justice the people who are responsible for printing and circulating fake currency notes. Raj is shocked when he learn that the leader ...                See full summary »,"Suniel Shetty, Karisma Kapoor, Sonali Bendre, Raghuvaran",Ashok Honda,6.5,#4a3a1a,114
2590,#Homecoming,2022,"Drama, Musical","A group of ""friends"" and ""misfits"", who had formed a popular yet short-lived youth theatre group, reunite for the first time after seven years on an eventful Durga Pujo night at their old ...                See full summary »","Sayani Gupta, Tushar Pandey, Hussain Dalal, Soham Majumdar",Soumyajit Majumdar,7.8,#1a3a1a,132
2591,Chalk N Duster,2016,Drama,"CHALK N DUSTER is an emotional journey of two teachers Vidya ( Shabana Azmi) & Jyoti ( Juhi Chawla) , serving at a Mumbai - based High School. Their passion and love for teaching, bonds ...                See full summary »","Richa Chadha, Shabana Azmi, Arya Babbar, Gavie Chahal",Jayant Gilatar,8.5,#1a4a1a,142
2592,U Me Aur Hum,2008,"Drama, Romance","Ajay's life turns upside down when he learns that his wife Piya has Alzheimer and he has no option, but to leave his wife in a mental hospital.","Ajay Devgn, Kajol, Sumeet Raghavan, Divya Dutta",Ajay Devgn,7.9,#1a2a1a,161
2593,"Tom, Dick, and Harry",2006,"Action, Comedy, Romance","Three disabled friends - deaf Tom, blind Dick and dumb Harry - get caught up in a whirlwind adventure involving two beautiful girls, a kidnapping and a ton of cash.","Rakesh Bedi, Bobby Darling, Avtar Gill, Ramesh Goyal",Deepak Tijori,7.9,#1a1a2e,138
2594,Tryst with Destiny,2021,Drama,"A billionaire learns there is something money can't buy, a lower-caste couple attempts to build a new life, and a corrupt city cop finds himself far outside of the law in Nair's slyly biting triptych on class in contemporary India.","Suhasini, Vineet Kumar Singh, Jaideep Ahlawat, Kani Kusruti",Prashant Nair,5.9,#4a1a4a,150
2595,Mukti Bhawan,2016,"Comedy, Drama","Faced with his father's untimely and bizarre demand to go and die in the holy city of Varanasi and attain Salvation, a son is left with no choice but to embark on this journey.","Adil Hussain, Lalit Behl, Geetanjali Kulkarni, Palomi Ghosh",Shubhashish Bhutiani,7.9,#1a2a1a,114
2596,Hero No. 1,1997,"Comedy, Drama, Musical","Timid Rajesh Malhotra escapes his tyrant father and meets Meena in a foreign land. The two lovers decide to marry, but when Meena's parents object, Rajesh decides to win them over in the quirkiest way.","Govinda, Karisma Kapoor, Kader Khan, Paresh Rawal",David Dhawan,7.4,#0f3460,145
2597,Ajab Prem Ki Ghazab Kahani,2009,"Action, Comedy, Musical","The wacky adventures of a young man who is willing to sacrifice his own love to insure the happiness of others, even trying to get the girl of his dreams married to the guy of her dreams.","Ranbir Kapoor, Katrina Kaif, Darshan Jariwala, Smita Jaykar",Rajkumar Santoshi,7.8,#e94560,157
2598,Dhadkan,2000,"Drama, Romance","Anjali and Dev are in love and plan to marry, but her family gets her married to Ram. Years later, Dev shows up to reunite with Anjali, who has managed to fall in love with her husband.","Akshay Kumar, Shilpa Shetty Kundra, Suniel Shetty, Mahima Chaudhry",Dharmesh Darshan,8.0,#1a1a2e,127
2599,I Love You,2000,"Drama, Romance, Thriller","Sathya is a highly successful corporate executive who look forward to a bright future with her fiance,Vishal.One night ,when she is about to board a fight to Delhi, Satya finds herself trapped within the office .What danger awaits her?","Rakul Preet Singh, Pavail Gulati, Akshay Oberoi, Kiran Kumar",Nikhil Mahajan,6.7,#1a1a2e,111
2600,The Stoneman Murders,2009,"Crime, Drama, Mystery","In 1980s Bombay, a serial killer starts targeting homeless street dwellers, whilst a suspended police officer attempts to solve the case.","Kay Kay Menon, Arbaaz Khan, Rukhsar Rehman, Veerendra Saxena",Manish Gupta,7.9,#4a1a1a,145
2601,Lomad,2023,"Crime, Drama, Thriller",This SINGLE SHOT film describes that there is a stranger within all of us that comes out at an unknown place and in an unusual time.,"Hemwant Tiwari, Auroshikha Dey, Parimal Aloke, Tirrtha Murbaadkar",Hemwant Tiwari,7.8,#3a2a1a,125
2602,Awaara,1951,"Drama, Musical, Romance","A poor young man named Raj joins a criminal gang to feed his mother. But when he falls in love with Rita, he decides to reform himself for her.","Raj Kapoor, Nargis, Prithviraj Kapoor, K.N. Singh",Raj Kapoor,6.5,#0f3460,159
2603,Bhuj: The Pride of India,2021,"Action, Drama, History","During the Indo-Pakistani War of 1971, the Bhuj airbase is attacked and a race against time begins to rebuild the damaged airstrip.","Ajay Devgn, Sanjay Dutt, Sonakshi Sinha, Sharad Kelkar",Abhishek Dudhaiya,7.6,#1a3a4a,115
2604,Tribhanga,2021,"Drama, Family",The lives of three women spanning the late 1980s to present day and underscores the value of family in everyday life.,"Kajol, Tanvi Azmi, Mithila Palkar, Kunaal Roy Kapur",Renuka Shahane,6.3,#4a1a1a,144
2605,Kuch Pal Pyar Ke,2018,Drama,"Kuch Pal Pyar Ke is a 2018 Indian Hindi film, directed by V.H. Kumar. The film stars Aamir and Zoya in lead roles. The film has musical score by Aniket Trivedi.","Aamir, Tejas Gadhvi, Aamir Ghani, Zoya Rathore",Viral H. Patel,8.3,#1a1a3a,129
2606,Dor,2006,Drama,"Two woman --different backgrounds, miles apart, and strangers to each other-- are linked by tragedy. Their new-found friendship is tested as one holds the fate of the other's husband in her hands.","Ayesha Takia, Shreyas Talpade, Gul Panag, Girish Karnad",Nagesh Kukunoor,6.8,#2d4a22,139
2607,Hero,1983,"Action, Drama, Romance","After his friend is imprisoned, a hitman kidnaps the daughter of the police commissioner by telling her that he is a police officer.","Sanjeev Kumar, Shammi Kapoor, Jackie Shroff, Meenakshi Sheshadri",Subhash Ghai,6.4,#1a2a1a,135
2608,Aaj Ka Arjun,1990,"Action, Crime, Drama","Bhim Singh is an orphan who lives a poor life-style in a small community. He is the guardian to his only sister, Laxmi, who he has educated in the city, she meets Ajit Singh the son of ...                See full summary »","Amitabh Bachchan, Jaya Prada, Radhika Sarathkumar, Suresh Oberoi",K.C. Bokadia,6.6,#1a1a2e,133
2609,Do Knot Disturb,2009,"Comedy, Drama",A man and a woman have to pretend to be a couple in order to salvage a CEO's marriage.,"Govinda, Sushmita Sen, Riteish Deshmukh, Lara Dutta",David Dhawan,8.4,#3a2a1a,154
2610,Lupt,2018,"Horror, Thriller","Haunted by disturbing visions, a workaholic takes a vacation with his family, but a detour leads them to an unsettling stranger and chilling events.","Jaaved Jaaferi, Niki Walia, Vijay Raaz, Rishab Chadha",Prabhuraj,6.7,#1a1a2e,138
2611,Cargo,2019,"Drama, Fantasy, Sci-Fi","A young female astronaut, who joins a reclusive astronaut aboard a spaceship, struggles with her job as she interacts with mysterious Cargos that appear on the ship.","Vikrant Massey, Shweta Tripathi, Nandu Madhav, Konkona Sen Sharma",Arati Kadav,7.3,#1a3a4a,126
2612,Shiva,1989,"Action, Crime, Drama","Shiva is disgusted by the corruption in and around his new college, and along with his friends, he decides to take a stand against the status quo.","Nagarjuna Akkineni, Amala Akkineni, Raghuvaran, J.D. Chakravarthi",Ram Gopal Varma,8.2,#3a2a1a,151
2613,Cheeni Kum,2007,"Comedy, Drama, Romance",An egotistical 64-year-old chef and confirmed bachelor falls for a woman 30 years his junior.,"Amitabh Bachchan, Tabu, Paresh Rawal, Zohra Sehgal",R. Balki,7.2,#1a1a1a,164
2614,Chhota Bheem and the Curse of Damyaan,2012,"Animation, Adventure, Fantasy",Bheem and his friend should destroy damyaan along with (the book of magi) to free them from his prison and to save their city,"Jigna Bhardwaj, Chutki, Kaustav Ghosh, Rajesh Kava",Rajiv Chilaka,8.6,#1a3a1a,163
2615,Veer,2010,"Action, Adventure, Drama",Prithvi seeks revenge on Gyanendra Singh and the British. He sends his son Veer to Britain to study their plans. Veer kills Gyanendra's son but ends up falling in love with his daughter.,"Salman Khan, Jackie Shroff, Mithun Chakraborty, Zareen Khan",Anil Sharma,5.9,#0f3460,139
2616,Damini,1993,"Crime, Drama","After witnessing a rape in her own household, Damini fights for justice for the deceased victim. However, she faces a bunch of challenges until she meets a disgraced lawyer who decides to fight the case and bring the culprits to justice.","Meenakshi Sheshadri, Rishi Kapoor, Sunny Deol, Amrish Puri",Rajkumar Santoshi,6.8,#1a1a3a,129
2617,Khichdi 2,2023,Drama,Add a Plot,"Pratik Gandhi, Kirti Kulhari, Farah Khan, Anant Vidhaat",Aatish Kapadia,8.6,#4a4a1a,164
2618,The Huntress,2000,"Action, Drama, Sci-Fi","Set in the YRF Spy Universe, a RAW agent who becomes a huntress to protect the prime minister from a notorious terrorist group leader who plans to end the world.","Pratik Gandhi, Kirti Kulhari, Farah Khan, Anant Vidhaat",Aatish Kapadia,6.5,#1a4a1a,130
2619,Rang,1993,"Drama, Romance",Although Suchitra has been marry to Madhav Singh for years she has always been conscious about maintaining a slim figure which in her believe will make her look young. She watched ...                See full summary »,"Jeetendra, Amrita Singh, Kamal Sadanah, Ayesha Jhulka",Talat Jani,7.6,#533483,162
2620,Jungle Ki Hasina,1990,"Action, Adventure",Add a Plot,"Babloo, Narendran, Shankar Sugandhi, Disco Shanti",K.S. Gopalakrishnan,6.2,#2a2a1a,149
2621,Sandwich,2006,"Comedy, Thriller","Sher Singh lives with his mother and handicapped sister in Punjab but moves to Mumbai, changes his name to Shekhar, meets Nisha and falls in love. When his mother asks him to return, he ...                See full summary »","Govinda, Raveena Tandon, Mahima Chaudhry, Mohnish Behl",Anees Bazmee,7.9,#1a4a1a,128
2622,Khud-Daar,1982,"Action, Drama","Hari R. Srivastav lives a middle-class life in rural India with two step-brothers, Govind and Rajesh. Circumstances compel him to get married to Seema, who dislikes Govind and Rajesh. When ...                See full summary »","Sanjeev Kumar, Amitabh Bachchan, Vinod Mehra, Tanuja Samarth",Ravi Tandon,5.9,#1a1a3a,122
2623,Sunday,2008,"Action, Comedy, Mystery","An amnesiac woman fears a missing day in her life may connect her to a crime, and tries to retrace her steps between Saturday evening and Monday morning.","Ajay Devgn, Ayesha Takia, Arshad Warsi, Irrfan Khan",Rohit Shetty,8.3,#4a4a1a,110
2624,F.A.L.T.U,2011,"Comedy, Drama","Unable to get accepted, four academically-challenged students decide to open their own college.","Arshad Warsi, Riteish Deshmukh, Jackky Bhagnani, Puja Gupta",Remo D'Souza,7.4,#1a1a3a,153
2625,The Y,2023,"Horror, Mystery, Thriller",The Female Protagonist is a Mute. After her marriage the couple enters a new chapter of their life but face another dilemma which they least expect. They experience paranormal incidents and their daily life turns into a mysterious tale.,"Yuvan Hariharan, Leonilla, Apsara, Chethan A",Girideva Raaj,6.2,#1a2a1a,114
2626,Swayambhu,2000,"Adventure, Drama, Fantasy",Follows the story of an emperor who established a golden age in history.,"Samyuktha Menon, Nikhil Siddharth","Aadhitya Bahudhanam, Bharat Krishnamachari",7.2,#4a1a1a,124
2627,Aunty No. 1,1998,"Action, Comedy, Drama","Sandhya (Raveena Tandon) has always dreamt of meeting her prince charming, a wealthy man, handsome, debonair, and dashing. She meets with Gopi (Govinda), who likes her instantly, and ...                See full summary »","Govinda, Raveena Tandon, Harish, Rohit Kumar Sharma",Kirti Kumar,6.9,#533483,137
2628,Shabd,2005,"Drama, Thriller","When a novelist seeks inspiration by urging his wife to have an affair, the line between his story and reality is blurred.","Sanjay Dutt, Aishwarya Rai Bachchan, Zayed Khan, Aakash Pandey",Leena Yadav,6.3,#e94560,153
2629,Do Raaste,1969,"Drama, Romance","Navendu toils hard to support his joint family and keep it together. However, their familial bond gets threatened when his younger brother marries a woman who insists on living separately.","Rajesh Khanna, Mumtaz Askari, Balraj Sahni, Prem Chopra",Raj Khosla,8.3,#16213e,119
2630,Mela,2000,"Action, Adventure, Comedy","When a village belle's brother is killed by a bandit, she vows revenge and enlists the help of two truckers-come-theatre artists in her mission.","Aamir Khan, Twinkle Khanna, Faisal Khan, Johny Lever",Dharmesh Darshan,7.2,#0f3460,163
2631,Lingaa,2014,"Action, Comedy, Drama",A small-time thief reforms after learning about the role played by his grandfather in building a dam.,"Rajinikanth, Anushka Shetty, Sonakshi Sinha, Jagapathi Babu",K.S. Ravikumar,5.9,#1a4a1a,142
2632,Yeh Vaada Raha,1982,"Romance, Musical, Drama",Sunita is a radio singer while on vacation in Kashmir Vikram deeply falls in love with and proposes her which she eventually accepts.Vikram introduces Sunita to her mother Sharda Rai ...                See full summary »,"Rishi Kapoor, Tina Ambani, Poonam Dhillon, Rakhee Gulzar",Kapil Kapoor,7.5,#4a4a1a,134
2633,Firaaq,2008,"Drama, History, Thriller",Chronicles the devastating impact on vulnerable Muslims in Gujarat after riots.,"Inaamulhaq, Nassar, Shahana Goswami, Nawazuddin Siddiqui",Nandita Das,8.0,#1a1a1a,111
2634,Ek Rishtaa: The Bond of Love,2001,Drama,"Vijay Kapoor, a wealthy businessman and his family are deceived by Rajesh, Vijay Kapoor's employee and son in law. A struggle begins by both father-son duos to regain their business and position.","Amitabh Bachchan, Rakhee Gulzar, Akshay Kumar, Karisma Kapoor",Suneel Darshan,7.3,#e94560,121
2635,15 Park Avenue,2005,Drama,"An exploration of the impact of schizophrenia on a young woman and her family in today's Calcutta. The narrative pivots around the relationship of two sisters, older sister Anjali is a ...                See full summary »","Shabana Azmi, Konkona Sen Sharma, Rahul Bose, Dhritiman Chatterjee",Aparna Sen,7.8,#533483,120
2636,Balika Badhu,1976,"Comedy, Drama, Romance","Set against the backdrop of a quaint village in British-ruled India, this exquisitely crafted social drama revolves around teenage couple Amal and Rajni. Their marriage is conducted with ...                See full summary »","Sachin Pilgaonkar, Rajni Sharma, Govardhan Asrani, A.K. Hangal",Tarun Majumdar,6.8,#4a1a1a,132
2637,Angoor,2005,Drama,"A girl with mental problems gets break in C grade movie and try to woo the producer to increase her payment. In between, it turn out that producer is homosexual, and likes the male lead of ...                See full summary »","Sapna Sappu, Rajesh Sabharwal, Amit Pachori, Anil Nagrath",Kanti Shah,7.6,#533483,125
2638,Baap Beti,1954,Drama,Add a Plot,"Sunalini Devi, Dolly, Tabassum Govil, Nasir Hussain",Bimal Roy,8.2,#2a2a1a,115
2639,Gardish,1993,"Action, Crime, Drama",A soon-to-be police officer takes a path of crime after his father gets attacked by hoodlums.,"Jackie Shroff, Amrish Puri, Dimple Kapadia, Farida Jalal",Priyadarshan,7.7,#4a4a1a,125
2640,Kill Dil,2014,"Action, Comedy, Drama","Abandoned when young, Bhaiyaji gives shelter to Dev and Tutu. A game of defiance, deception and love follows when free-spirited Disha enters their life.","Ranveer Singh, Ali Zafar, Parineeti Chopra, Govinda",Shaad Ali,6.3,#3a4a1a,140
2641,Aashiqui,1990,"Musical, Drama, Romance","Rahul and Anu fall in love with each other, but before they unite, they have their own problems to deal with.","Rahul Roy, Anu Agarwal, Avtar Gill, Tom Alter",Mahesh Bhatt,6.0,#1a3a1a,147
2642,Tridev,1989,"Action, Crime, Drama","When an exiled police officer, a bandit and the son of a police commissioner are framed by a smuggler, they join forces to teach him a lesson and prove their innocence.","Sunny Deol, Naseeruddin Shah, Jackie Shroff, Madhuri Dixit",Rajiv Rai,6.4,#533483,140
2643,Junko,2017,Crime,Add a Plot,"Neelam Deysarkar, Aayush Thakur, Aarav Mavi, Aashif Eqbal",Abhinav Thakur,7.3,#1a3a4a,129
2644,Baazi,1995,"Action, Thriller, Crime",A tough and honest police officer wages a one-man war against terrorists and a corrupt politician who have planned to assassinate the chief minister of the state.,"Aamir Khan, Mamta Kulkarni, Paresh Rawal, Avtar Gill",Ashutosh Gowariker,6.6,#1a1a2e,154
2645,Ankur Arora Murder Case,2013,"Drama, Thriller","A highly reputed doctor makes a small mistake, which costs the life of a kid Ankur Arora. Will he succeed in hiding his mistake or will the mother of the kid get Justice.","Kay Kay Menon, Visshesh Tiwari, Tisca Chopra, Arjun Mathur",Sohail Tatari,7.0,#1a4a1a,115
2646,Benaam,1974,"Drama, Mystery, Thriller","After helping a stabbing victim to the hospital, a man begins to receive anonymous threats. The only way to save his wife and child is to unravel the mystery of the killer's identity.","Amitabh Bachchan, Moushumi Chatterjee, Satyendra Kapoor, Madan Puri",Narendra Bedi,8.4,#2d4a22,141
2647,Parichay,1972,"Drama, Family, Musical","In desperate need of a job, unemployed Ravi (Jeetendra) goes to his maternal uncle (A.K. Hangal) and aunt (Leela Mishra) in their village for a few days. His uncle decides that he can be a ...                See full summary »","Jeetendra, Jaya Bachchan, Pran Sikand, A.K. Hangal",Gulzar,8.5,#16213e,154
2648,Kartoos,1999,"Action, Thriller",A cop trains a criminal Raja to end the reign of a deadly underworld don. But the mission falters when Raja falls in love and puts everyone's life and the mission at risk.,"Sanjay Dutt, Jackie Shroff, Manisha Koirala, Gulshan Grover",Mahesh Bhatt,7.9,#1a1a3a,131
2649,Imtihaan,1994,"Action, Drama, Romance",A woman's tragic past threatens to break up her marriage.,"Sunny Deol, Saif Ali Khan, Raveena Tandon, Govardhan Asrani",Harry Baweja,7.8,#0f3460,121
2650,Chintu Ka Birthday,2020,"Comedy, Drama, War","During US invasion of Iraq some illegal migrants are waiting to get back home to India. As one such family prepares to celebrate the 6th birthday of their youngest member Chintu, their kind-hearted Iraqi landlord lends them a helping hand.","Vinay Pathak, Tillotama Shome, Seema Pahwa, Khaled Masso","Devanshu Singh, Satyanshu Singh",7.6,#16213e,141
2651,Amavas,2019,"Horror, Thriller","The lives of a couple turn into a nightmare, as dark forces lie in wait beneath the shadows of the haunted bungalow in which they have decided to stay.","Ali Asgar, Ali Asgar, Vivan Bhatena, Sabina Chema",Bhushan Patel,8.8,#1a4a1a,128
2652,Bhindi Baazaar,2011,"Crime, Drama, Thriller",Power struggles ensue in a gang after the sudden death of their leader.,"Kay Kay Menon, Prashant Narayanan, Pawan Malhotra, Adil Feroz Khan",Ankush Bhatt,7.3,#4a3a1a,131
2653,Ankur,1974,Drama,"Belonging to a lower caste, Lakshmi and her deaf-mute husband Kishtayya serve the landlord's son, Surya. When Surya's young wife finds out about his affair with Lakshmi, they all find themselves at crossroads.","Shabana Azmi, Sadhu Meher, Anant Nag, Priya Tendulkar",Shyam Benegal,8.1,#533483,152
2654,Karz,1980,"Action, Musical, Romance",Ravi is killed by his wife after his marriage. He is reborn as Monty and is now a singer he goes to holiday in Ooty where he recollects his memories from previous life and inquires about his family from first life and his evil wife Kamini.,"Rishi Kapoor, Tina Ambani, Simi Garewal, Raj Kiran",Subhash Ghai,8.0,#1a1a1a,158
2655,Mr. Natwarlal,1979,"Action, Comedy, Romance","Natwar is just a young boy when his beloved older brother and caretaker, police officer Gridharilal (Ajit), is framed for bribery by sinister criminal mastermind Vikram (Amjad Khan). When ...                See full summary »","Amitabh Bachchan, Rekha, Ajit Khan, Kader Khan",Rakesh Kumar,7.4,#2a2a1a,152
2656,Rangeela Raja,2019,Comedy,A strong career woman changes the life of a business tycoon and upsets his family. His brother attempts to set everything back to normal. Will he succeed?,"Govinda, Mishika Chourasia, Karan Aanand, Anupama Agnihotri",Sikander Bharti,8.5,#533483,150
2657,Teri Meherbaniyan,1985,"Action, Crime, Drama","Ram is a govt official who tries to brings justice to an oppressed village. He almost succeed in his mission but is murdered by Vijay singh. His dream of justice is filled by his most loyal dog, MOTI.","Jackie Shroff, Poonam Dhillon, Raj Kiran, Swapna",Vijay Reddy,5.8,#4a3a1a,146
2658,Hum Se Badkar Kaun,1981,"Adventure, Drama",Four young boys tragically separated from their parents and each other grow up to become four different men with divergent values and conflicting methods. Fate eventually sets their paths for a head on collision.,"Ranjeet Bedi, Birbal, Mithun Chakraborty, Mohan Choti",Deepak Bahry,6.1,#2a2a1a,119
2659,Eeb Allay Ooo!,2019,"Comedy, Drama",A young migrant battles hordes of monkeys in the heart of New Delhi as a contractual monkey repeller.,"Shardul Bharadwaj, Mahender Nath, Nutan Sinha, Shashi Bhushan",Prateek Vats,6.9,#4a1a4a,144
2660,Haseena Maan Jaayegi,1999,"Action, Comedy, Romance","Separated from their wealthy father and each other, two brothers (Sanjay Dutt, Govinda) try to win the hearts of their dream girls.","Sanjay Dutt, Govinda, Karisma Kapoor, Pooja Batra",David Dhawan,7.6,#4a1a1a,133
2661,404: Error Not Found,2011,"Drama, Mystery, Thriller",A brilliant student starts hallucinating after moving into a room that was occupied by another who committed suicide.,"Rajvvir Aroraa, Imaaduddin Shah, Nishikant Kamat, Ruchir Raj",Prawaal Raman,7.0,#0f3460,113
2662,DJ Tillu,2022,"Action, Comedy, Crime","A lazy young man spends his time chasing girls, until an incident changes his life forever.","Neha Shetty, Sidhu Jonnalagadda, Pragathi, Brahmaji",Vimal Krishna,6.0,#533483,127
2663,Suraj Pe Mangal Bhari,2020,Comedy,"In the 1990s, a wedding detective has to perform background checks on prospective grooms. In the time before social media and mobile phones, everything has to be done in person.","Manoj Bajpayee, Karishma Tanna, Fatima Sana Shaikh, Abhishek Banerjee",Abhishek Sharma,7.3,#1a3a4a,164
2664,Adi Shankaracharya,1983,"Biography, Drama",The first Indian movie to be made in Sanskrit. The movie follows the life and times of Adi Shankaracharya - the founder of the non-duality (Advaita) school of Indian philosophy. The ...                See full summary »,"Sarvadaman Banerjee, M.V. Narayana Rao, Manjunath Bhatt, Leela Narayana Rao",G.V. Iyer,7.7,#1a1a3a,132
2665,The Final Exit,2017,Horror,"Caught in a surreal maze, a man tries to decode the mysterious hallucinations he's experiencing.","Kunaal Roy Kapur, Mukesh Hariawala, Elena Kazan, Reyhna Malhotra",Dhwanil Mehta,6.0,#16213e,149
2666,Dec-24,2023,"Horror, Thriller",Finding Medicine for Breathing issues that newborn baby's facing in some parts of the state of karnataka due to some environmental problems.,"Appu Badiger, Rakesh Bhoumik, Jagadeesha H G Doddi, Ravi K R Pete",Nagaraj 'MG' Gowda,6.2,#4a1a4a,135
2667,Dev Bhoomi,2016,Drama,"After a long exile, Rahul returns to his village in the Himalayas. It causes commotion amongst the villagers, who have never forgiven him for his sins in the past.","Victor Banerjee, Geetanjali Thapa, Uttara Baokar, Raj Zutshi",Goran Paskaljevic,7.7,#3a4a1a,122
2668,Bull,2023,"Action, Drama",Inspired by the real-life events of Brigadier Bulsara of Indian Army.,"Shahid Kapoor, Parth Siddhpura",Sangeeth Sivan,7.5,#1a1a2e,154
2669,Satellite Shankar,2019,"Action, Drama",The extraordinary journey of a soldier that brought a nation together. It stars Sooraj Pancholi and Megha Akash in the lead roles and is directed by Irfan Kamal.,"Sooraj Pancholi, Anil Reji, Saurabh Agnihotri, Megha Akash",Irfan Kamal,6.5,#4a1a1a,156
2670,Baton Baton Mein,1979,"Comedy, Romance","Nancy and Tony meet regularly on their daily commute to work and gradually fall in love. But when Tony shows reluctance toward marriage, Nancy's mother starts looking for a groom for her daughter.","Amol Palekar, Tina Ambani, Govardhan Asrani, David Abraham",Basu Chatterjee,7.2,#1a1a1a,149
2671,Soorya,2000,"Crime, Drama, Thriller",A retired police officer with adept investigative skills accidentally gets involved in a crime case after his ex-wife's unexpected demise.,"Sunny Deol, Ravi Kishan, Tanushree Chakraborty, Virti Vaghani",M. Padmakumar,6.6,#1a4a1a,113
2672,Kidnap,2008,"Action, Crime, Drama",A kidnapper has to settle a personal score with an influential businessman whose daughter he has kidnapped.,"Sanjay Dutt, Imran Khan, Minissha Lamba, Vidya Malvade",Sanjay Gadhvi,6.4,#4a4a1a,143
2673,Talaash: The Hunt Begins...,2003,"Action, Crime, Drama",#NAME?,"Rakhee Gulzar, Akshay Kumar, Kareena Kapoor, Pooja Batra",Suneel Darshan,6.4,#4a1a4a,139
2674,Chittagong,2012,"Action, Drama, War","School kids organize an armed revolt in the 1930s in British occupied Chittagong. There are casualties on both sides. Later, one of those kids successfully leads the peasants to regain their food-grains earlier commandeered by the British.","Manoj Bajpayee, Barry John, Delzad Hiwale, Vega Tamotia",Bedabrata Pain,7.7,#1a1a3a,115
2675,Batti Gul Meter Chalu,2018,Drama,"The life of three friends takes a tragic turn due to an inflated electricity bill, which leads to a courtroom drama and social awakening.","Shahid Kapoor, Shraddha Kapoor, Divyendu Sharma, Yami Gautam",Shree Narayan Singh,8.4,#533483,135
2676,Genie,2023,"Action, Fantasy",Add a Plot,"Wamiqa Gabbi, Jayam Ravi, Krithi Shetty, Kalyani Priyadarshan",Bhuvanesh Arjunan,7.3,#4a1a4a,149
2677,Boss,2013,"Action, Comedy, Crime","After his younger son falls prey to a corrupt police officer, an honest old man summons his estranged elder son to save the day.","Akshay Kumar, Shiv Panditt, Mithun Chakraborty, Ronit Roy",Anthony D'Souza,6.2,#4a3a1a,111
2678,Power,2014,"Action, Comedy, Crime",A young man desperate to become a police officer ends up getting embroiled in a plot to pose as his lookalike in order to re-capture an infamous criminal.,"Ravi Teja, Hansika Motwani, Regina Cassandra, Brahmanandam",K.S. Ravindra,8.2,#1a3a4a,135
2679,Tsunami,2000,"Drama, Thriller",23 million people should be evacuated in 2 hours.,Spencer Patwal,Madhu Sudhanan,7.4,#4a1a4a,111
2680,Viruddh... Family Comes First,2005,"Drama, Family",An ordinary 60 plus couple - Vidhyadhar Patwardhan and his wife are forced to search for their faith in human values and society after the death of their only son Amar. In the process they undergo the most testing struggle of their lives.,"Amitabh Bachchan, Sharmila Tagore, John Abraham, Sanjay Dutt",Mahesh Manjrekar,6.6,#1a4a1a,154
2681,Tango Charlie,2005,"Action, Adventure, Drama","Tarun Chauhan, a rookie army officer undergoes ups and downs in his mission and learns the true meaning of 'war' to overcome his weaknesses.","Ajay Devgn, Bobby Deol, Sanjay Dutt, Suniel Shetty",Mani Shankar,5.9,#0f3460,152
2682,Bank Chor,2017,"Action, Comedy, Crime","A comic-caper, that tells the story of 3 morons trying to rob a bank who pick the worst day possible when everything that can go wrong, goes wrong and how they're inadvertently caught in the crossfire.","Riteish Deshmukh, Vivek Oberoi, Rhea Chakraborty, Sahil Vaid",Bumpy,7.1,#1a1a1a,130
2683,Nautanki Saala!,2013,"Comedy, Drama, Romance","Ram, a successful theatre artist, saves Mandar from committing suicide. He then ends up developing a special bond with Mandar and even helps solve his problems.","Ayushmann Khurrana, Kunaal Roy Kapur, Pooja Salvi, Gaelyn Mendonca",Rohan Sippy,6.3,#4a4a1a,158
2684,Luv Shuv Tey Chicken Khurana,2012,Comedy,A fugitive frantically looks for a much-coveted chicken curry recipe with which his family can reclaim their pride and wealth.,"Kunal Kapoor, Huma Qureshi, Vinod Nagpal, Rajesh Sharma",Sameer Sharma,7.6,#1a1a1a,158
2685,Koshish,1972,Drama,A speech and hearing-impaired couple persists through unforgiving obstacles to be accepted by society and live a life of dignity.,"Sanjeev Kumar, Jaya Bachchan, Govardhan Asrani, Seema Deo",Gulzar,6.4,#1a2a1a,154
2686,Sakthi,2011,"Action, Adventure, Fantasy","While on a trip, a guide starts protecting the central minister's daughter from some Egyptians who want her and a holy diamond in their custody.","N.T. Rama Rao Jr., Ileana D'Cruz, Pooja Bedi, Sonu Sood",Meher Ramesh,7.2,#2d4a22,153
2687,Jajantaram Mamantaram,2003,"Action, Adventure, Comedy","A young man lands in the land of little people, who ask him to save them from their enemies.","Jaaved Jaaferi, Gulshan Grover, Manav Kaul, Joy Fernandes",Soumitra Ranade,5.9,#1a1a1a,118
2688,Inkaar,2013,"Drama, Romance, Thriller","At a leading ad agency, the battle for the top job between Rahul Verma, the advertising CEO, and Maya Luthra, his ambitious protégée, takes an ugly turn when Maya files a sexual harassment complaint against Rahul.","Arjun Rampal, Chitrangda Singh, Vipin Sharma, Mithun Rodwittiya","Sudhir Mishra, Jay Dev Banerjee",6.6,#1a4a1a,152
2689,Zamaana Deewana,1995,"Action, Comedy, Drama",A police commissioner enlists the aid of an eccentric inspector to end a gang war between bitter enemies.,"Jeetendra, Shatrughan Sinha, Shah Rukh Khan, Raveena Tandon",Ramesh Sippy,6.9,#4a1a1a,132
2690,American Desi,2001,"Comedy, Drama, Romance","College freshman Krishna Reddy, who has never cared for his Indian-American cultural heritage, looks forward to a new life on campus but is surprised to find that he has been assigned ...                See full summary »","Deep Katdare, Ronobir Lahiri, Purva Bedi, Rizwan Manji",Piyush Dinker Pandya,6.7,#e94560,146
2691,Jai Mummy Di,2020,"Comedy, Drama, Romance",Jai Mummy Di is a light-hearted family comedy that portrays the trials and tribulations a couple has to undergo due to the dynamics between their respective mothers.,"Poonam Dhillon, Supriya Pathak, Sunny Singh, Sonnalli Seygall",Navjot Gulati,8.7,#4a1a1a,119
2692,Rosie: The Saffron Chapter,2022,"Horror, Mystery, Thriller",A film based on true events in Gurugram.,"Arbaaz Khan, Tanishaa Mukerji, Shivin Narang, Vivek Oberoi",Vishal Mishra,6.7,#2d4a22,112
2693,Stree 2,2024,"Comedy, Horror",Add a Plot,"Shraddha Kapoor, Rajkummar Rao, Pankaj Tripathi, Varun Dhawan",Amar Kaushik,6.5,#4a1a4a,160
2694,Sooryavansham,1999,"Action, Drama","Heera fails to live up to expectations of his father Thakur Bhanupratap Singh, a powerful and respected man of his community. Despite all odds Heera struggles to keep his father's pride.","Amitabh Bachchan, Soundarya, Jayasudha, Mukesh Rishi","E.V.V. Satyanarayana, Pranavanand",7.3,#3a4a1a,113
2695,One Day: Justice Delivered,2019,"Action, Crime, Thriller",A Crime Branch Special Officer Investigates the Serial disappearance of high profile individuals in a state capital.,"Anupam Kher, Kumud Mishra, Esha Gupta, Zakir Hussain",Ashok Nanda,7.8,#3a4a1a,131
2696,Na Tum Jaano Na Hum,2002,"Comedy, Drama, Musical",A romantically inclined couple decide to get to know each other through letters without disclosing their identities.,"Hrithik Roshan, Saif Ali Khan, Esha Deol, Alok Nath",Arjun Sablok,8.2,#1a1a3a,160
2697,Mohalla Assi,2015,"Comedy, Drama",A Sanskrit priest decides to take matters in n his hand when the locals of holy town Banaras stars to lure foreign tourists with fake spiritual gurus.,"Sunny Deol, Sakshi Tanwar, Ravi Kishan, Saurabh Shukla",Chandra Prakash Dwivedi,7.0,#1a4a1a,115
2698,X: Past Is Present,2015,"Drama, Mystery, Romance",A filmmaker with a mid-life crisis meets a mysterious young girl who reminds of every woman in his past.,"Rajat Kapoor, Radhika Apte, Bidita Bag, Piaa Bajpai","Hemant Gaba, Pratim D. Gupta, Sudhish Kamath, Nalan Kumarasamy, Anu Menon, Sandeep Mohan, Qaushiq Mukherjee, Rajshree Ojha, Raja Sen, Abhinav Shiv Tiwari, Suparn Varma",8.0,#533483,112
2699,Despatch,2023,Drama,"News has turned digital, leaving veteran crime journalist Joy at the cusp of irrelevance. Determined to break the next big story and refashion his complicated personal life, Joy embarks on ...                See full summary »","Manoj Bajpayee, Shahana Goswami, Nikhil Vijay, Ajay Purkar",Kanu Behl,7.2,#3a4a1a,137
2700,Kuselan,2008,"Comedy, Drama, Family","Story related to old friends ,after one being a popular actor and other being a barber and managing family.","Rajinikanth, Pasupathy, Meena, Nayanthara",P. Vasu,7.9,#2a2a1a,129
2701,Lagaam,1976,Action,"Bhima, a strong and brave youth, according to an oath given to his mother renounces violence. This makes him suffer humiliation and indignity at the hands of Sambha - a gang leader. Finding...                See full summary »","Vinod Khanna, Yogeeta Bali, Bindu Desai, Prem Chopra",Desh Gautam,8.1,#1a4a1a,116
2702,Tere Mere Sapne,1971,"Drama, Romance","Dr. Anand Kumar attains his degree in medicine and re-locates to a small village to assist the local doctors there. Upon arrival, he is met by the ailing Dr. Prasad and his wife, and hired ...                See full summary »","Dev Anand, Mumtaz Askari, Mahesh Kaul, Vijay Anand",Vijay Anand,6.9,#3a4a1a,151
2703,Parineeta,2005,"Drama, Musical, Romance",The lifelong romance between Lolita (Balan) and Shekar (Khan) is upset by the arrival of another man.,"Vidya Balan, Saif Ali Khan, Sanjay Dutt, Dia Mirza",Pradeep Sarkar,7.3,#4a4a1a,136
2704,The Immortal Ashwatthama,2000,"Action, Adventure, Fantasy",Follows Ashwatthama's journey as he seeks redemption and immortality.,"Allu Arjun, Vicky Kaushal, Sara Ali Khan",Aditya Dhar,8.7,#2d4a22,151
2705,Jai Ho,2014,"Action, Drama","An upright ex-army man, Jai fights a solitary war against corruption and injustice. With a simple mantra to pay forward, he starts off by helping one person and forms an ever growing circle of people helping each other.","Salman Khan, Daisy Shah, Tabu, Danny Denzongpa",Sohail Khan,7.4,#1a1a2e,156
2706,Tanu Weds Manu Returns,2015,"Comedy, Drama, Romance",Tanu and Manu's marriage collapses. What happens when Manu meets Tanu's lookalike Kusum - and when Tanu returns?,"Kangana Ranaut, Madhavan, Jimmy Shergill, Deepak Dobriyal",Aanand L. Rai,6.2,#3a4a1a,123
2707,Tanu Weds Manu,2011,"Comedy, Drama, Romance","Manu comes to India to find a bride and falls for Tanu at first sight, but free-spirited Tanu has no plan to marry him.","Madhavan, Kangana Ranaut, Jimmy Shergill, Deepak Dobriyal",Aanand L. Rai,6.5,#1a1a1a,131
2708,Karma Strikes,2023,"Drama, Romance, Thriller",Every Love Story faces its Karma; so did theirs.,"Johnny Serret, Yuvradnyee, Michael Stephen Walls, Sagar Sharma",Kartik Swaminathan Venkatraman,7.4,#2a2a1a,134
2709,Kshatriya,1993,"Action, Drama, War","In order to get rain for the arid region in Rajasthan, India, two royal families, from Mirtagarh and Surjangarh, have come together with their warriors, and fought with each other annually,...                See full summary »","Sunil Dutt, Dharmendra, Vinod Khanna, Rakhee Gulzar",J.P. Dutta,7.0,#4a1a4a,142
2710,Dayavan,1988,"Action, Crime, Drama","The story of Dayavan, a benevolent gangster who dedicates his life to helping those less fortunate than himself.","Vinod Khanna, Feroz Khan, Amala Akkineni, Amrish Puri",Feroz Khan,8.2,#2d4a22,115
2711,Tamso,2023,"Drama, Horror, Thriller",Add a Plot,"Rashmi Somvanshi, Ritika Gupta, Vaishnavi Singh, Ansh Pandey",Stephen Alexander,7.5,#1a1a3a,155
2712,Haqeeqat,1995,"Action, Drama, Romance","After her husband, Ravi Malhotra, is killed, Sudha lives the life of a widow with her brother, Mahesh, and Bhabhi, Kamini. A new tenant, Ajay, comes to her rescue when she is molested by ...                See full summary »","Ajay Devgn, Tabu, Aruna Irani, Mohan Joshi",Kuku Kohli,6.0,#533483,134
2713,Hum Kisise Kum Naheen,1977,"Action, Comedy, Drama",Rajesh belonged to a wealthy family his father turned all his savings from Africa into diamonds and hid it in a belt and was returning to India where he is followed by gang of smugglers he ...                See full summary »,"Rishi Kapoor, Tariq, Kaajal Kiran, Amjad Khan",Nasir Hussain,5.8,#1a1a1a,163
2714,Apne 2,2000,Drama,Add a Plot,"Sunny Deol, Dharmendra, Bobby Deol, Rohit Choudhary",Anil Sharma,6.5,#1a3a1a,124
2715,Nehlle Pe Dehlla,2007,"Action, Comedy, Crime",Two crooks attempts to blackmail a rich hotelier in order to get a huge sum of money. The plan goes horribly wrong as the hotelier is murdered and they have no choice except keeping his body to show him alive in order to be safe from law.,"Sanjay Dutt, Bipasha Basu, Saif Ali Khan, Kim Sharma",Ajay Chandhok,7.4,#533483,146
2716,Yeshwant,1997,"Action, Crime, Drama","Tough policier about a straight, but maverick cop who does not believe in bending over, no matter what. He encourages his wife to become a top government officer and tutors her at home, ...                See full summary »","Nana Patekar, Madhoo, Atul Agnihotri, Mohan Joshi",Anil Mattoo,7.5,#1a1a3a,125
2717,The Hidden Strike,2020,War,The Hidden Strike is a fictional movie about a ground mission where a team of thirteen Indian Army officers and soldiers went across POK and destroyed the terrorist camp with a planned sub ...                See full summary »,"Deepraj Rana, Mir Sarwar, Jimmy Sharma, Lakhwinder",Suzad Iqbal Khan,7.7,#1a3a1a,148
2718,Woh Ladki Hai Kahaan,2023,"Comedy, Drama",An investigative comedy where a lady cop and a groom starts looking for the bride.,"Taapsee Pannu, Pratik Gandhi, Prateik Patil Babbar, Mahadev Singh Lakhawat",Arshad Syed,6.6,#2a2a1a,157
2719,Thadaiyara Thaakka,2012,"Action, Crime, Drama","A young man dreams of making a fortune in Chennai. He owns a travel agency and is all set to marry his lover. After he crosses paths with a loan shark, The Latter is Murdered, the young man runs for cover and plans to find the murderer.","Arun Vijay, Mamta Mohandas, Rakul Preet Singh, Vamsi Krishna",Magizh Thirumeni,6.2,#2a2a1a,125
2720,Return of Hanuman,2007,"Animation, Action, Adventure","A young boy, Minku, ridiculed by his friends, begs the gods to send him down to Earth, and his wish is granted.","Kathleen Barr, Lillian Carlson, Raj Singh Jhinjar, Irfan Khan",Anurag Kashyap,8.0,#1a3a1a,143
2721,Rang Rasiya,2008,"Biography, Drama, Romance",A look into the life of 19th century Indian painter Raja Ravi Varma.,"Randeep Hooda, Nandana Sen, Paresh Rawal, Ashish Vidyarthi",Ketan Mehta,8.8,#e94560,136
2722,Malamaal Weekly,2006,"Comedy, Drama, Romance","Lilaram sells lottery tickets and one customer has hit the jackpot but dies of shock upon finding out that he has won. Now, Lilaram wants all the money, and so does everyone around him.","Paresh Rawal, Om Puri, Riteish Deshmukh, Reema Sen",Priyadarshan,5.9,#1a4a1a,113
2723,Ticket ek Sangharsh,2023,"Drama, Thriller","In Rudranagar, the ticket is not just integral but also has multiple and divergent connotations. Although meanings would not be consensually agreed upon, but the desire to get one ticket at all costs unifies them all.","Mahi Dubey, Nirmal Soni, Sanjay Dubey, Neha Sharma",Mahi Dubey,8.4,#4a1a4a,110
2724,Angithee 2,2023,Drama,"Kavya, a married woman, lives a dull life with her husband Rajeev in a small town of Jammu. Sick of the monotonous routine, she seeks happiness and excitement. This is when a young boy enters her life and makes her feel liberated.","Rishi Bhutani, Fezan Khan, Shafaq Naaz",Shoib Nikash Shah,7.3,#1a3a1a,114
2725,Jaane Do,2023,Romance,A blind couple embark on a road trip only to break up from a relationship that they never entered.,"Pragati Anand, Abhishek Panwar",Jugal Raja,8.5,#0f3460,125
2726,Irumbu Thirai,2018,"Action, Crime, Thriller",A soldier takes on a gang of cyber criminals when money goes missing from his account.,"Vishal, Samantha Ruth Prabhu, Arjun Sarja, Delhi Ganesh",P.S. Mithran,6.0,#4a1a1a,141
2727,Haunted - 3D,2011,"Action, Fantasy, Horror",A realtor finds himself accompanied by two ghostly entities inside a mansion. He learns of a violent event that took place years ago and is sent back in time to prevent it from happening.,"Mimoh Chakraborty, Tia Bajpai, Achint Kaur, Mohan Kapur",Vikram Bhatt,8.1,#1a1a2e,147
2728,Thoda Pyaar Thoda Magic,2008,"Comedy, Drama, Family","An angel, a man and 4 orphans come together to bring you a story filled with fun, excitement, tears, love and magic.","Saif Ali Khan, Rani Mukerji, Rishi Kapoor, Akshat Chopra",Kunal Kohli,6.8,#1a3a1a,160
2729,Shakthi: The Power,2002,"Action, Drama, Thriller",A couple visits the husband's family in India and finds itself in the middle of a fratricidal battle.,"Karisma Kapoor, Nana Patekar, Sanjay Kapoor, Jai Gidwani",Krishna Vamsi,8.3,#2d4a22,116
2730,Chhoti Si Baat,1976,"Comedy, Romance",A timid suitor seeks the help of a ruthless colonel to win the woman of his dreams when a bold young man begins to pursue her in this romantic comedy.,"Ashok Kumar, Vidya Sinha, Amol Palekar, Govardhan Asrani",Basu Chatterjee,7.6,#0f3460,165
2731,Finding Fanny,2014,"Adventure, Comedy, Drama",A man embarks on a road trip to find his lost love.,"Deepika Padukone, Arjun Kapoor, Naseeruddin Shah, Dimple Kapadia",Homi Adajania,6.0,#3a4a1a,151
2732,Parampara,1993,"Action, Drama, Romance","The grandchildren of two sworn enemies want to put the bitterness between the families behind them, but will the bloodthirsty traditions compel them to do otherwise?","Sunil Dutt, Vinod Khanna, Aamir Khan, Ashwini Bhave",Yash Chopra,7.6,#0f3460,142
2733,Teri Meri Kahaani,2012,"Comedy, Drama, Romance","The true love between a couple in 1910, 1960 and 2012. Their love is so strong that even destiny wants to bring them together.","Shahid Kapoor, Priyanka Chopra Jonas, Prachi Desai, Neha Sharma",Kunal Kohli,8.5,#4a4a1a,137
2734,Bhoothnath Returns,2014,"Comedy, Drama, Fantasy","A ghost returns back from his world to prove something. But on earth, he has something more to do for his country.","Amitabh Bachchan, Boman Irani, Parth Bhalerao, Sanjay Mishra",Nitesh Tiwari,8.3,#1a3a4a,150
2735,Arjun Patiala,2019,"Action, Comedy","This spoof comedy narrates the story of a cop Arjun Patiala (Diljit Dosanjh) and his sidekick Onidda Singh (Varun Sharma). Together, will they be able to accomplish their mission of a crime-free town with their goofy style of policing?","Diljit Dosanjh, Kriti Sanon, Varun Sharma, Abhimanue Kamboj",Rohit Jugraj,8.6,#2a2a1a,130
2736,Udd Jaa Nanhe Dil,2000,Family,"The principal of a high profile school comes across a bright kid Raghu who is the son of a dhobi, and he gives him an opportunity to learn in his school along with the kids coming from rich...                See full summary »","Gaurav Kamble, Suniel Shetty, Surendra Pal, Rajgopal Iyer",Swaroop Raj Medara,8.4,#4a4a1a,139
2737,Balakot: the true story,2020,Action,Film on Balakot air strikes 2019.,Vivek Oberoi,Omung Kumar,7.7,#2a2a1a,129
2738,Roop Ki Rani Choron Ka Raja,1993,"Action, Drama, Musical","Custom Officer Verma red-handily catches Jagmohan Lal, alias Jugran, smuggling priceless diamonds through India's airport. Jugran kills Verma before Verma can arrest Jugran; Jugran goes on ...                See full summary »","Anil Kapoor, Sridevi, Anupam Kher, Paresh Rawal",Satish Kaushik,8.5,#2a2a1a,131
2739,Teesri Manzil,1966,"Comedy, Musical, Mystery","A woman blames a nightclub drummer for the suspicious death of her sister, and seeks revenge. However, the pair work together to solve the mystery and become romantically involved, after he introduces himself under another name.","Shammi Kapoor, Asha Parekh, Raj Mehra, Prem Chopra",Vijay Anand,6.2,#1a1a1a,133
2740,Satyakam,1969,Drama,The tale begins in the final days of the British Raj in India. A cohort of engineering students graduate a few months before Independence. Satyapriya and Naren are among the graduate ...                See full summary »,"Ashok Kumar, Dharmendra, Sharmila Tagore, Rabi Ghosh",Hrishikesh Mukherjee,8.3,#3a2a1a,136
2741,Agni Pankh,2004,"Action, Drama, Romance","Based on the true story of Air Force personnel in Srinagar, Kashmir.","Jimmy Shergill, Sameer Dharmadhikari, Rahul Dev, Shamita Shetty",Sanjeev Puri,7.1,#4a1a1a,157
2742,Rajma Chawal,2018,"Comedy, Drama, Family",An internet-rookie father attempts to use social media to enhance his faltering relationship with his millennial son.,"Amyra Dastur, Mukesh Chhabra, Rishi Kapoor, Sheeba Chaddha",Leena Yadav,6.4,#4a3a1a,152
2743,Bhai,1997,"Action, Drama",A simpleton turns into a gangster after his younger brother is killed and sets out for revenge on the perpetrators who destroyed his life.,"Suniel Shetty, Pooja Batra, Sonali Bendre, Shakti Kapoor",Deepak S. Shivdasani,6.6,#3a2a1a,124
2744,Guddu,1995,"Drama, Romance","When Guddu and Salina end up in a car accident, Salina loses her sight. Guddu soon finds out that he has a brain tumour, and decides to donate his eyes to Salina.","Deepti Naval, Mukesh Khanna, Manisha Koirala, Shah Rukh Khan",Prem Lalwani,6.7,#1a3a4a,110
2745,Himmatwala,1983,"Action, Comedy, Drama","A poor and wronged woman's son returns from the big city to avenge his father, a honest school teacher.","Sridevi, Jeetendra, Amjad Khan, Waheeda Rehman",K. Raghavendra Rao,8.7,#1a3a1a,120
2746,Big Brother,2007,"Action, Crime, Drama",A docile man gets enraged when a politician's son throws acid on her face and later kills the miscreant. He is then hunted by the police and politicians who wants him dead.,"Sunny Deol, Priyanka Chopra Jonas, Vikas Anand, Ashok Kumar Beniwal",Guddu Dhanoa,7.9,#533483,118
2747,Amrapali,1966,"Musical, Fantasy",A victory over neighboring state Vaishai has always eluded Magadh Samrat Ajaatshatru despite being winning and taking control over all neighboring states. He attacks Vaishali only get ...                See full summary »,"Vyjayanthimala, Sunil Dutt, Premnath Malhotra, Bipin Gupta",Lekh Tandon,8.3,#1a4a1a,145
2748,Hukumat,1987,"Action, Drama","A tough cop is posted to a small town where an evil businessman reigns like a tyrant. When the cop recognizes the businessman as his father's murderer, it becomes personal.","Dharmendra, Rati Agnihotri, Shammi Kapoor, Sadashiv Amrapurkar",Anil Sharma,7.8,#2a2a1a,114
2749,Chhoti Chhoti Baatein,1965,Drama,"Motilal has worked hard all his life to make ends meet. He inherits money from a cousin, settles his family with a good amount and leaves on a journey, looking for inner peace. He arrives ...                See full summary »","Motilal, Leela Mishra, Moti Sagar, Nadira",Motilal,7.5,#4a1a1a,137
2750,Minus 31: The Nagpur Files,2023,"Crime, Mystery","A murder has happened at the time of COVID, and the female cop is on duty to find the murderer.","Raghubir Yadav, Rucha Inamdar, Rajesh Sharma, Kaam Bhaari",Pratik Moitro,6.8,#3a2a1a,146
2751,No Entry,2005,"Comedy, Drama, Musical","Kishan and Sunny's life are troubled after their womanizing friend Prem sets them up with a hooker named Bobby, leading to web of lies and confusions.","Salman Khan, Anil Kapoor, Fardeen Khan, Bipasha Basu",Anees Bazmee,7.4,#4a3a1a,161
2752,Jism,2003,"Drama, Romance, Thriller",When an unemployed man falls for a wealthy woman and he is willing to do whatever he must to get her away from her abusive husband.,"Bipasha Basu, John Abraham, Gulshan Grover, Vinay Pathak",Amit Saxena,6.6,#3a2a1a,130
2753,Billoo Baadshah,1989,"Action, Crime, Drama",An orphan makes sacrifices for the family who took him in but subsequently faces humiliation and homelessness.,"Shatrughan Sinha, Anita Raj, Govinda, Neelam Kothari",Sisir Misra,5.8,#1a1a3a,156
2754,Auzaar,1997,"Action, Drama, Musical",Two college friends find themselves on the opposite side of the law when they reunite.,"Salman Khan, Sanjay Kapoor, Shilpa Shetty Kundra, Nirmal Pandey",Sohail Khan,6.5,#1a1a1a,138
2755,Nenu Local,2017,"Action, Comedy, Romance","A happy-go-lucky man accidentally falls in love with a woman whose father despises him. To further complicate matters, his lover has another suitor, who is deemed more worthy of her.","Nani, Keerthy Suresh, Naveen Chandra, Sachin Khedekar",Trinadha Rao Nakkina,6.0,#0f3460,145
2756,Hum Kaun Hai?,2004,"Horror, Drama, Mystery",Sandra Williams lives in an isolated house with her kids Sarah and David.While her husband Frank being a army man is away from the house in the war zone. Sandra writes a letter to ...                See full summary »,"Amitabh Bachchan, Dimple Kapadia, Dharmendra, Moushumi Chatterjee",Ravi Sharma Shankar,6.5,#1a1a1a,130
2757,ANOLB,2000,Sci-Fi,Add a Plot,Ravish Rajora,Shubham Mahadev,7.3,#2d4a22,160
2758,Biwi Ho To Aisi,1988,"Comedy, Drama","Family drama that revolves around the lead pair, a married couple played by Rekha and Farooq Shaikh. It's about how the character Shalu overcomes all of the obstacles in her married life to...                See full summary »","Rekha, Farooq Shaikh, Bindu Desai, Govardhan Asrani",J.K. Bihari,8.2,#1a1a2e,126
2759,Tere Bin Laden: Dead or Alive,2016,Comedy,A Bollywood director is hired by an American talent agent to make a film on Osama bin Laden. The plan to use an Osama doppelganger in order to prove his death boomerangs when a Taliban arms dealer hijacks their idea to prove he's alive.,"Maniesh Paul, Pradhuman Singh, Sikandar Kher, Parthaa Akerkar","Abhishek Sharma, Deepak Chandra",6.3,#1a3a4a,117
2760,Sampoorna Ramayana,1961,"Drama, Adventure, Action","This is the story of Lord Ram and his years spent in exile with his wife and brother, and also chronicles the end of the demon king Ravan and his family.","Mahipal, Anita Guha, Sulochana Latkar, Lalita Pawar",Babubhai Mistry,6.3,#e94560,112
2761,Deewana Mastana,1997,"Comedy, Romance",Chaos ensues when a small time crook and a mental patient tries to win heart of a beautiful woman with comical outcomes.,"Anil Kapoor, Govinda, Juhi Chawla, Johny Lever",David Dhawan,7.6,#1a2a1a,133
2762,Shadyantra,2022,Thriller,"It's a story about greed, ambition, self-preservation, and revenge, and it stars Chandan Roy Sanyal and Kunaal Roy Kapur in key roles.","Hina Khan, Chandan Roy Sanyal, Kunaal Roy Kapur, Shruti Bapna",Ganesh Yadav,7.2,#1a2a1a,129
2763,Roti,1974,"Drama, Romance, Thriller","Mangal Singh (Rajesh Khanna) has been a career criminal, whose criminal career began to steal food and to keep from starving, and thence got him in deeper and deeper in the criminal world. ...                See full summary »","Rajesh Khanna, Mumtaz Askari, Nirupa Roy, Sujit Kumar",Manmohan Desai,8.3,#2a2a1a,156
2764,Yaadon Ki Baaraat,1973,"Action, Drama, Musical","Three brothers are separated after their parents' murder. Years later, their only hope of avenging their parents and reuniting as a family lies in the song they learned as children.","Dharmendra, Zeenat Aman, Vijay Arora, Imtiaz Khan",Nasir Hussain,8.4,#4a1a4a,153
2765,Eiga Doraemon: Nobita no getsumen tansaki,2019,"Animation, Action, Adventure","Nobita saw a moon turned yellow last night and told his class about it but they think it's funny. Doraemon gives him the ""History Explorers Club Badge"" and discovers there's life on the moon. Until a new student changed him forever.","Wasabi Mizuta, Megumi Ohara, Yumi Kakazu, Subaru Kimura","Jeong-beom Lee, Shinnosuke Yakuwa",7.3,#0f3460,154
2766,Dhh,2017,"Drama, Family","Dhh is a heartwarming story of 3 friends (Gungun, Bajrang and Vakil) who think they are failure until The Magician comes in. All Three believe that only This Magician can help them out.","Naseeruddin Shah, Kahaan, Karan Patel, Kuldeep Sodha",Manish Saini,8.5,#0f3460,115
2767,Kaala Sona,1975,"Action, Thriller","Multi-millionaire businessman, Rakesh gets word from his servant, Ramdas that his father has been killed several years ago by a bandit named Poppy Singh and that Poppy Singh is still alive ...                See full summary »","Feroz Khan, Parveen Babi, Prem Chopra, Farida Jalal",Ravikant Nagaich,6.0,#e94560,154
2768,Dhaai Akshar Prem Ke,2000,"Drama, Romance","Karan Khanna is an orphan and a captain in the Rajputana Armed Forces. He's madly in love with beautiful model Nisha, with whom he plans to tie the knot during his next leave. On the way to...                See full summary »","Abhishek Bachchan, Aishwarya Rai Bachchan, Amrish Puri, Anupam Kher",Raj Kanwar,6.9,#1a1a2e,141
2769,Sandai Kozhi,2005,Action,"Balu, on a visit to his friend's hometown, falls for the latter's sister, Hema. When he learns that this area is ruled by a local goon, Kaasi, Balu teaches him a lesson. Now, Kaasi is seeking revenge.","Vishal, Meera Jasmine, Raj Kiran, Lal",N. Linguswamy,7.2,#1a4a1a,137
2770,Maama Mascheendra,2023,"Action, Drama",Add a Plot,"Eesha Rebba, Ajay, Sudheer Babu Posani, Mirnalini Ravi",Harsha Vardhan,6.8,#e94560,159
2771,99 Songs,2019,"Musical, Romance","Challenged to compose 100 songs before he can marry the girl he loves, a tortured but passionate singer-songwriter embarks on a poignant musical journey.","Ehan Bhat, Edilsy Vargas, Tenzing Dalha, Lisa Ray",Vishwesh Krishnamoorthy,7.6,#2d4a22,146
2772,A Sublime Love Story: Barsaat,2005,"Drama, Romance","Arav is an ambitious young Indian whose dream is to design cars. He travels to the United States seeking greener pastures, where he meets the beautiful Anna. Anna instantly goes head over ...                See full summary »","Bobby Deol, Priyanka Chopra Jonas, Bipasha Basu, Mahesh Thakur",Suneel Darshan,7.1,#3a4a1a,159
2773,72 Hours: Martyr Who Never Died,2019,"Action, Biography, Drama","The story is based on the life of Rifleman Jaswant Singh Rawat. 55 years ago during 1962 Indo-China war , when the destiny of war was pre decided, there stood a brave soldier from 4th ...                See full summary »","Avinash Dhyani, Prashil Rawat, Mukesh Tiwari, Yeshi Dema",Avinash Dhyani,7.1,#1a3a4a,118
2774,Diya Aur Toofan,1995,"Action, Drama, Thriller",Dr. Vijay performs a ground breaking surgical operation when he transplants the brain of a slain police officer on the brain-dead body of his to-be bride in order to avenge the death of the police officer.,"Mithun Chakraborty, Madhoo, Maya Alagh, Vijay Arora",K. Bapaiah,6.7,#1a2a1a,150
2775,Silsila Sidnaaz Ka,2021,Romance,"Will have unseen footage from the Bigg Boss house that will be all about friendship, love and romance. It will narrate the good and bad times of Shehnaz and Sidharth as a couple.","Mithun Chakraborty, Madhoo, Maya Alagh, Vijay Arora",K. Bapaiah,7.7,#1a3a4a,145
2776,Sheela Meri Jaan,1990,Thriller,Add a Plot,"Mithun Chakraborty, Madhoo, Maya Alagh, Vijay Arora",K. Bapaiah,7.2,#4a1a1a,154
2777,Issaq,2013,"Drama, Romance","A contemporary adaptation of Romeo and Juliet set in the backdrop of Varanasi in the UP heartland, complete with naxalism, sand mining mafia and of course the timeless love story.","Prateik Patil Babbar, Amyra Dastur, Ravi Kishan, Prashant Narayanan",Manish Tiwary,6.8,#0f3460,152
2778,8 x 10 Tasveer,2009,"Action, Crime, Drama",A forest ranger with the ability to visit the past by looking at photographs attempts to solve the mystery behind his father's sudden death.,"Akshay Kumar, Ayesha Takia, Jaaved Jaaferi, Girish Karnad",Nagesh Kukunoor,8.5,#4a4a1a,111
2779,Andhera,1975,"Crime, Drama, Thriller",Deepak drives a car and tries to chase Asha seeing his driving her brother Ranjeet offers him to work with him as a driver.Asha and Deepak fall in love Ranjeet and his partners tell him to ...                See full summary »,"Sameer Khan, Vani Ganpati, Imtiaz Khan, Dulari","Shyam Ramsay, Tulsi Ramsay",8.7,#16213e,136
2780,Style,2001,"Comedy, Musical, Mystery","In an attempt to woo the rich women, two prankster-loving men becomes prime suspects of a murder of a woman.","Sharman Joshi, Sahil Khan, Riya Sen, Shilpi Sharma",N. Chandra,6.3,#3a2a1a,113
2781,Jawani Ki Kahani,1986,Drama,Add a Plot,"Abhilasha, Vijay Arora, Ramesh Deo, Seema Deo",K.R. Rangan,7.8,#533483,145
2782,Monster,2000,Thriller,Add a Plot,"Amarjeet Singh, Hannah Panneriy",Keshhav Panneriy,6.7,#3a4a1a,163
2783,The Warrior,2001,"Adventure, Drama","In feudal India, a warrior (Khan) who renounces his role as the longitme enforcer to a local lord becomes the prey in a murderous hunt through the Himalayan mountains.","Irrfan Khan, Puru Chibber, Aino Annuddin, Manoj Mishra",Asif Kapadia,7.5,#1a1a2e,161
2784,Naqaab,2007,"Crime, Drama, Romance","Sophia is engaged to millionaire Karan, who is completely in love with her. She, however, finds true love in Vicky and gets into a relationship that causes problems between her and Karan.","Bobby Deol, Akshaye Khanna, Urvashi Sharma, Vikas Kalantri","Abbas Alibhai Burmawalla, Mastan Alibhai Burmawalla",7.8,#1a1a1a,119
2785,Sarkar 3,2017,"Action, Crime, Drama","The third film in Ram Gopal Varma's Sarkar trilogy, which chronicles the exploits of a powerful political figure.","Amitabh Bachchan, Yami Gautam, Manoj Bajpayee, Abhishek Bachchan",Ram Gopal Varma,5.9,#533483,164
2786,Mere Yaar Ki Shaadi Hai,2002,"Comedy, Drama, Romance",Sanjay wakes up to the truth that he loves his best friend Sanjana reluctantly but surely and sets off on a noble mission - to break her wedding.,"Uday Chopra, Jimmy Shergill, Bipasha Basu, Tanaaz Currim Irani",Sanjay Gadhvi,7.7,#1a1a3a,160
2787,Pyaar Hai Toh Hai,2023,Drama,Add a Plot,"Karan Hariharan, Paanie Kashyap, Rohit Choudhury, Shiv Prateek","Pradeep R.K. Chaudhary, Pradeep R.K. Chaudhary",5.9,#1a3a4a,143
2788,Nawabzaade,2018,"Comedy, Romance","Three best friends fall in love with a simple, stay-at-home girl from their neighbourhood. As they all go out of their way to win her love, they are pitted against each other in their efforts.","Dharmesh Yelande, Punit Pathak, Raghav Juyal, Isha Rikhi",Jayesh Pradhan,7.5,#3a4a1a,154
2789,Lipstick Under My Burkha,2016,"Comedy, Drama","In order to be independent and break free from the conservative society, four women sets on a journey to discover freedom and happiness.","Aahana Kumra, Ratna Pathak Shah, Konkona Sen Sharma, Plabita Borthakur",Alankrita Shrivastava,7.5,#3a4a1a,153
2790,Ghanchakkar,2013,"Comedy, Crime, Thriller",A safe cracker claims he has lost his memory when two criminals come calling for their cut of the bank heist loot.,"Emraan Hashmi, Vidya Balan, Namit Das, Rajesh Sharma",Raj Kumar Gupta,6.9,#1a1a1a,149
2791,Vaada,2005,"Crime, Drama, Mystery",A blind husband. An obsessed lover. And the missing body of a murdered wife...?,"Arjun Rampal, Zayed Khan, Ameesha Patel, Alok Nath",Satish Kaushik,8.3,#4a4a1a,137
2792,Khiladi 1080,2025,Action,"Four identical brothers Raghupati, Raghav, Raja, and Ram, all embark on an action adventure as they unwittingly get entangled in a dangerous criminal conspiracy that puts their lives and their loved ones at stake.with no regard.","Rakul Preet Singh, Sonakshi Sinha, Huma Qureshi, Shehnaaz Gill",Kabir Sadanand,7.4,#1a3a1a,126
2793,Meri Jung,1985,"Action, Drama",Two top lawyers battle against each other while the whole city witnesses the battle.,"Anil Kapoor, Girish Karnad, Nutan, Amrish Puri",Subhash Ghai,6.1,#533483,142
2794,Family: Ties of Blood,2006,"Action, Crime, Drama",A slacker abducts the family of a crime kingpin to avenge the death of his brother.,"Amitabh Bachchan, Akshay Kumar, Bhoomika Chawla, Aryeman Ramsay",Rajkumar Santoshi,6.5,#3a4a1a,125
2795,London Dreams,2009,"Drama, Music","The story revolves around two childhood friends Arjun and Munnu who find a way to get from a small village in India to Wembley as Rock stars, having overcome their personalities.","Salman Khan, Ajay Devgn, Om Puri, Aditya Roy Kapoor",Vipul Amrutlal Shah,8.3,#e94560,137
2796,C U at 9,2005,"Drama, Horror, Mystery",A film producer named Romeo falls in love with a mysterious woman named Juliet.,"Isaiah, Malavika Nair, Kanksha, Marion Rodrigues",Marion Rodrigues,8.2,#4a1a4a,127
2797,Balwaan,1992,"Action, Adventure",Arjun Singh lives with his mother and sister; he takes it upon himself to fight injustice. This gets notice by the police commissioner who decides to enlist Arjun into the police force and ...                See full summary »,"Suniel Shetty, Divya Bharti, Danny Denzongpa, Avtar Gill",Deepak Anand,6.4,#1a1a2e,128
2798,Aashiqui 3,2000,"Drama, Music, Romance",Plot unknown.,Kartik Aaryan,Anurag Basu,6.7,#4a1a4a,129
2799,Veergati,1995,"Action, Drama","A gangster and his flunkies abduct and kill a man's daughter. Soon, the man's adopted son sets out to avenge her death.","Salman Khan, Atul Agnihotri, Sudesh Berry, Pooja Dadwal",K.K. Singh,7.6,#1a4a1a,114
2800,Perversion,2020,Drama,Perversion is story of Family where every member has different perversions.,"Adiya, Natasha, Sneha, Tanisha",Sandeep Patra,6.6,#1a1a3a,162
2801,Eklavya,2007,"Action, Drama, Mystery","As the kingdom of Devigarh comes apart at the seams, an aging bodyguard attempts to protect the Royal Family, as well as keep its darkest secrets from ever coming to light.","Amitabh Bachchan, Saif Ali Khan, Sanjay Dutt, Vidya Balan",Vidhu Vinod Chopra,7.7,#533483,125
2802,Kunwara Baap,1974,"Comedy, Drama",A poor rickshaw-puller adopts an abandoned child and brings him up as his son but tragedy strikes when the boy becomes crippled as a result of polio infection.,"Mehmood, Bharathi, Aachi Manorama, Bhushan Tiwari",Mehmood,7.9,#3a4a1a,135
2803,Junglee Tarzan,2001,Action,A group of hunters come into a dense forest to recover a hidden treasure. Dacoit Aiappan captures this forest and is also searching for those valuable treasures. A jungle lady Bela confronts and restrains them from doing further wrong.,"Vijay Saxena, Nisha Kamat, Joginder Shelly, Jr. Shah Rukh Khan",Kishan Shah,8.0,#533483,117
2804,Naram Garam,1981,"Comedy, Drama",An impoverished employee tries to prevent his superiors and employers from marrying his sweetheart.,"Amol Palekar, Swaroop Sampat, Utpal Dutt, A.K. Hangal",Hrishikesh Mukherjee,7.0,#1a4a1a,136
2805,High Jack,2018,Comedy,Four angry employees hijack a Goa to Delhi plane to settle their dues and take revenge against their employer. Things take a turn when the passengers accidentally consume drinks laced with drugs.,"Sumeet Vyas, Mantra Mugdh, Sonnalli Seygall, Boloram Das",Akarsh Khurana,7.3,#1a3a4a,122
2806,Baaghi: A Rebel for Love,1990,"Action, Drama, Romance","A saga of love as a man turns rebellious and goes against his family and society to protect his love, a prostitute from evil.","Salman Khan, Nagma, Shakti Kapoor, Kiran Kumar",Deepak S. Shivdasani,8.5,#1a3a1a,162
2807,Tevar,2015,"Action, Drama, Romance","Caught in the middle of a lethal unrequited love, an athlete protects a young woman from an unwanted marriage.","Arjun Kapoor, Sonakshi Sinha, Manoj Bajpayee, Deepti Naval",Amit Ravindernath Sharma,8.1,#e94560,150
2808,Tuesdays and Fridays,2021,"Comedy, Musical, Romance","To avoid the burden of commitment, a young lawyer and a writer agree to be romantic partners only two days a week. That won't get complicated - right?","Anmol Dhillon, Jhataleka Malhotra, Niki Walia, Zoa Morani",Taranveer Singh,6.6,#533483,149
2809,Maa Tujhhe Salaam,2002,"Action, Drama",Major Pratab Singh works in the Indian army and he and his battalion has been assigned duty near the Indo-Pakistan border. There duty mainly consists of eliminating any terrorists trying to...                See full summary »,"Sunny Deol, Tabu, Arbaaz Khan, Tinnu Verma",Tinnu Verma,8.1,#1a3a1a,154
2810,Bombairiya,2019,"Comedy, Crime, Drama","A PR agent trying to find her stolen phone, a politician in trouble and a fading celebrity find their lives intertwined in unexpected, messy ways.","Radhika Apte, Akshay Oberoi, Siddhant Kapoor, Ravi Kishan",Pia Sukanya,8.6,#3a4a1a,160
2811,Chitrakut,2022,Drama,"Set against a lush Western Indian landscape during the monsoon season, CHITRAKUT delicately sets the tone, interweaving the lives of Saloni, Shaan, Debu, Alisha and Kim - all converging at ...                See full summary »","Auritra Ghosh, Vibhore Mayank, Naina Trivedi, Shruti Bapna",Himanshu Malik,8.8,#0f3460,121
2812,Ajanabee,1974,"Drama, Romance","Pregnant Reshmi decides not to have the baby after she wins a beauty pageant. But her husband Rohit doesn't agree, so she walks out of the marriage. Now, Rohit must try to win her back.","Rajesh Khanna, Zeenat Aman, Prem Chopra, Govardhan Asrani",Shakti Samanta,7.1,#1a4a1a,149
2813,Page 3,2005,Drama,A look at Mumbai's socialite party circle world through the eyes of a Page 3 journalist.,"Konkona Sen Sharma, Atul Kulkarni, Sandhya Mridul, Tara Sharma","Madhur Bhandarkar, Jay Dev Banerjee",6.2,#1a1a2e,165
2814,Geraftaar,1985,"Action, Drama","Kishan Kumar Khanna is a well-rate film actor who falls head over heels in love with young, beautiful and attractive Anuradha Saxena much to the dislikeness of her gangster brother who ...                See full summary »","Kamal Haasan, Poonam Dhillon, Amitabh Bachchan, Madhavi",Prayag Raj,7.0,#4a4a1a,145
2815,Masti,2004,"Comedy, Crime, Mystery","Bored of their wives, best friends, Meet, Prem and Amar, reunite after three years and decide to have an affair - but instead become the prime suspects in a murder investigation.","Ajay Devgn, Vivek Oberoi, Aftab Shivdasani, Riteish Deshmukh",Indra Kumar,7.2,#1a4a1a,148
2816,Love Per Square Foot,2018,"Comedy, Romance","Individually, Sanjay and Karina don't earn enough to be able to buy a home, so they enter into a marriage of convenience.","Vicky Kaushal, Angira Dhar, Alankrita Sahai, Raghubir Yadav",Anand Tiwari,6.7,#1a1a3a,153
2817,Daud: Fun on the Run,1997,"Action, Adventure, Comedy","Nandu, a small-time thief, is assigned to smuggle an unknown packet for a petty amount. With the police pursuing him, Nandu has to elude them and deliver the packet on time.","Sanjay Dutt, Urmila Matondkar, Paresh Rawal, Neeraj Vora",Ram Gopal Varma,8.6,#1a2a1a,131
2818,The Ladykiller,2000,Drama,"When a small-town playboy falls in love for a dangerous girl, they embark on a journey of a dangerous romance.","Bhumi Pednekar, Arjun Kapoor, Backagaindancer, Mrityunjay Pandey",Ajay Bahl,8.0,#4a1a4a,129
2819,Bypass Road,2019,"Drama, Mystery, Thriller",The Story revolves around a young man Vikram (Neil Nitin Mukesh) who is a fashion prodigy. The story is layered with a murder in town.,"Neil Nitin Mukesh, Adah Sharma, Gul Panag, Taher Shabbir",Naman Nitin Mukesh,6.8,#2a2a1a,154
2820,Durgamati: The Myth,2020,"Horror, Thriller","A bureaucrat is imprisoned in a haunted house for interrogation. However, things take an unexpected turn when she gets possessed by a spirit.","Bhumi Pednekar, Mahie Gill, Arshad Warsi, Jisshu Sengupta",Ashok G.,6.9,#1a3a4a,151
2821,Abhimaan,1973,"Drama, Musical","A popular singer convinces his new wife to enter show-business, but his pride is wounded when she outshines him.","Amitabh Bachchan, Jaya Bachchan, Govardhan Asrani, Bindu Desai",Hrishikesh Mukherjee,7.7,#1a3a4a,119
2822,Penthouse,2023,"Crime, Mystery, Thriller",A debauchery-filled gathering for five friends turns into a test of friendship and a web of suspicion when a dead body is found in their rented home.,"Manjari Fadnnis, Mouni Roy, Bobby Deol, Arjun Rampal","Abbas Alibhai Burmawalla, Mastan Alibhai Burmawalla",7.9,#1a3a1a,123
2823,Thokar,1974,"Action, Drama, Family","After being released from jail, Shyamu returns home to his village and his home to his mom, and blind sister, Radha. Shyamu and his mom try to get Radha married, but in vain, as no one ...                See full summary »","Baldev Khosa, Alka, Poonam Vaidya, Mehmood Jr.",Dilip Bose,6.8,#16213e,116
2824,Tum Bin...: Love Will Find a Way,2001,"Drama, Romance","Shekhar accidentally kills his associate Amar, and decides to watch over Amar's company and take care of his family and friends. However, he falls in love with Amar's fiancé Piya.","Priyanshu Chatterjee, Himanshu Malik, Sandali Sinha, Raqesh Bapat",Anubhav Sinha,6.9,#1a1a2e,147
2825,Gandhi Godse Ek Yudh,2023,"Drama, History",The fictional world where Mahatma Gandhi survives the attack on him and later meets Nathuram Godse in prison. Their conversation leads to a fiery debate between them.,"Deepak Antani, Chinmay Mandlekar, Tanisha Santoshi, Anuj Saini",Rajkumar Santoshi,7.8,#3a2a1a,146
2826,Shivaay,2016,"Action, Adventure, Crime",A skilled mountaineer races against time to rescue his mute daughter from the clutches of human traffickers in Bulgaria.,"Ajay Devgn, Abigail Eames, Erika Kaar, Sayyeshaa Saigal",Ajay Devgn,8.3,#4a4a1a,163
2827,Ajooba,1991,"Action, Adventure, Comedy","The evil Vizier of Baharistan kills the royal family and takes power himself but the real crown prince, who has survived his machinations, returns to his homeland to avenge his parents as a masked vigilante 'Ajooba'.","Amitabh Bachchan, Dimple Kapadia, Rishi Kapoor, Sonam","Shashi Kapoor, Gennadiy Vasilev",6.6,#1a1a1a,125
2828,Naajayaz,1995,"Action, Drama","Inspector Jai is an upright and fearless cop who is given the job to take down the criminal empire of Raj Solanki. Jai and his accomplice Inspector Sandhya, who also happens to be his love, start taking down Raj's empire with gusto.","Naseeruddin Shah, Ajay Devgn, Juhi Chawla, Deepak Tijori",Mahesh Bhatt,7.3,#3a4a1a,124
2829,Oru Kaidhiyin Diary,1985,"Crime, Drama, Thriller","Though David is loyal to Suryaprakash, a politician, he rapes and kills David's wife and sends him to jail. He comes back from jail, after serving life imprisonment to exact his revenge.","Kamal Haasan, Revathi, Radha, Janakaraj",Bharathiraja,8.8,#1a3a4a,133
2830,Junglemahal: The Awakening,2023,Horror,Loosely based on real incidents in the monsoon of mid 80s during the uprising of naxalites in eastern ghat range a group of travellers travels through the deep forests to reach the rescue ...                See full summary »,"Masoomeh Ab, Aditya Baliyan, Farhad Khairy, Suraiya Parvin",Arunava Chowdhury,6.6,#4a3a1a,145
2831,Apno Se Bewafai,2023,Drama,"""Vishal (played by Irfan Khan) arrives in Mumbai with dreams of becoming an actor but finds limited success, only landing small roles that barely sustain him. Desperate and lacking money, ...                See full summary »","Sonam Arora, Soni Bhoir, Mahima Chaudhry, Irrfan Khan",Prakash Bhalekar,7.7,#1a3a4a,119
2832,Desh Premee,1982,"Action, Comedy, Drama","Master Dinanath is an ex-freedom fighter. When he gets Thakur Pratap Singh arrested for arms smuggling, he has Master's wife Bharati and young daughter Priti kidnapped and also turns his ...                See full summary »","Amitabh Bachchan, Hema Malini, Navin Nischol, Parveen Babi",Manmohan Desai,8.0,#1a2a1a,115
2833,Gang,2000,"Action, Crime, Drama","After falling prey to underworld, four friends jeopardize their personal lives with point of no return.","Jackie Shroff, Nana Patekar, Kumar Gaurav, Jaaved Jaaferi",Mazhar Khan,7.7,#1a2a1a,126
2834,Tapa Tap,2021,Romance,Add a Plot,"Jackie Shroff, Nana Patekar, Kumar Gaurav, Jaaved Jaaferi",Mazhar Khan,7.4,#e94560,114
2835,Chalti Ka Naam Gaadi,1958,"Comedy, Musical, Romance",Three woman-hating brothers face changes in their respective lifestyles when two of them fall in love.,"Ashok Kumar, Madhubala, Anoop Kumar, Kishore Kumar",Satyen Bose,5.9,#4a3a1a,146
2836,Tezz,2012,"Action, Crime, Drama","To avenge his past, Aakash Rana plants a bomb in a train endangering the lives of 500 passengers.","Anil Kapoor, Ajay Devgn, Mohanlal, Kangana Ranaut",Priyadarshan,7.9,#1a3a4a,128
2837,Pyasa Darinda,1990,Horror,Add a Plot,"Anil Kapoor, Ajay Devgn, Mohanlal, Kangana Ranaut",Priyadarshan,8.2,#4a1a1a,120
2838,Budhia Singh: Born to Run,2016,"Biography, Drama, Sport","A biopic about Budhia Singh, the world's youngest marathon runner whose story garnered controversy and inspiration around the world.","Manoj Bajpayee, Mayur Mahendra Patole, Gajraj Rao, Tillotama Shome",Soumendra Padhi,8.5,#4a3a1a,164
2839,Kaash,1987,Drama,A Bollywood actor-turned-producer faces marital and financial challenges.,"Jackie Shroff, Dimple Kapadia, Master Makrand, Anupam Kher",Mahesh Bhatt,6.6,#4a1a1a,111
2840,I - Proud to Be an Indian,2004,"Action, Crime, Drama",I is an Indian. He travels to London for a family wedding and finds his family live in fear of the terrorism by National Front Skinheads and finds he has to become involved which escalates the situation.,"Sohail Khan, Tim Lawrence, Mona Ambegaonkar, Scott Hinds",Puneet Sira,8.8,#4a3a1a,132
2841,Force,2011,"Action, Crime, Drama",A vengeful gangster targets and terrorizes an entire police unit and their families.,"John Abraham, Genelia Deshmukh, Vidyut Jammwal, Raj Babbar",Nishikant Kamat,6.6,#4a3a1a,120
2842,Judaai,1997,"Comedy, Drama, Romance","In order to attain wealth and a luxurious life, a greedy wife sells her husband to a rich woman. However she realizes that with a luxurious life, she has to pay a heavy price for this decision.","Anil Kapoor, Sridevi, Urmila Matondkar, Paresh Rawal",Raj Kanwar,7.1,#1a4a1a,120
2843,Tom Dick and Harry Returns,2021,Comedy,"Three struggling friends hit upon new means to live a happy life, by imposing as COPS. v Wearing the uniform makes them an overnight neighborhood sensation. v Life changes when these Fake ...                See full summary »","Jimmy Shergill, Pooja Chopra, Sanjay Dutt, Nazia Hussain",Deepak Tijori,6.6,#4a1a1a,150
2844,Padikkathavan,1985,Drama,"Two brothers are ousted from their house by their stepbrother's wife. Years later, when one of the brothers is framed for a murder, his stepbrother, who is a judge, returns as a lawyer to save him.","Rajinikanth, Ambika, Vijay Babu, Shivaji Ganesan",Rajasekar,6.3,#1a1a1a,135
2845,Souten,1983,"Drama, Musical, Romance","Shyam, a middle-class man, falls in love with a millionaire's daughter and marries her. However, as their relationship starts deteriorating, Shyam finds solace in the company of Radha.","Rajesh Khanna, Tina Ambani, Padmini Kolhapure, Prem Chopra",Saawan Kumar Tak,5.9,#16213e,123
2846,Caravan,1971,"Action, Comedy, Musical","Sunita is a young woman who ends up married to the wrong man, Rajan. Thinking that he has conspired with his girlfriend, Monica to murder her, she runs away to find an old friend of her ...                See full summary »","Asha Parekh, Jeetendra, Aruna Irani, Mehmood Jr.",Nasir Hussain,8.7,#1a3a1a,120
2847,Ek Ajnabee,2005,"Action, Crime, Drama","Suryaveer, an ex-army officer, is assigned the task of protecting a young girl, Anamika. When Anamika gets kidnapped, he decides to use all his skills to rescue her.","Amitabh Bachchan, Arjun Rampal, Perizaad Zorabian, Rucha Vaidya",Apoorva Lakhia,7.6,#3a2a1a,127
2848,Apurva,2000,"Drama, Thriller","Apurva, a brilliant and enigmatic detective, is drawn into a complex web of deceit, secrets, and a dangerous conspiracy.","Tara Sutaria, Abhishek Banerjee, Rajpal Naurang Yadav, Dhairya Karwa",Nikhil Nagesh Bhat,7.2,#4a4a1a,160
2849,Poorna,2017,"Action, Adventure, Biography",An Adivasi 13-year-old from Telangana becomes the youngest girl in history to climb Mount Everest.,"Aditi Inamdar, Rahul Bose, Heeba Shah, Arif Zakaria","Rahul Bose, Prashant Pandey",6.3,#3a4a1a,112
2850,Am I Next,2023,Crime,"A sudden shock grabs the family of 14-year old Honey, when they get to know that their teenage daughter is pregnant. She was raped and now there is a long court battle to seek her right to terminate the pregnancy.","Anushka Sen, Neelu Dogra, Tariq Khan, Ahmer Haider",Rahhat Shah Kazmi,6.0,#0f3460,151
2851,Bhuddah Hoga Tera Baap,2011,"Action, Comedy, Crime","A quick-tempered, flamboyantly-dressed, retired hit-man returns to India for one last job. Just don't call him ""Buddah""","Amitabh Bachchan, Hema Malini, Sonu Sood, Sonal Chauhan",Puri Jagannadh,6.6,#1a3a4a,115
2852,Red Swastik,2007,"Crime, Drama, Thriller","The police hunt a femme fatale who, after intercourse, brutally murders her lovers and leaves behind a swastika calling card.","Sherlyn Chopra, Harsh Chhaya, Deepshikha Nagpal, Deepraj Rana",Vinod Pande,8.7,#1a1a2e,125
2853,Firangi,2017,"Comedy, Drama","When there are disputes in life, love overcomes all challenges and truth prevails. Set in the colonial era, Firangi is the story of a mutiny staged by the villagers against the Britishers.","Kapil Sharma, Ishita Dutta, Monica Gill, Edward Sonnenblick","Rajiv Dhingra, Rizwan Mohammad",6.8,#1a3a1a,148
2854,The Deceivers,1988,"Adventure, Crime, Drama","Fact-based account of a secret society of murderers, and of the man who exposed them in British India 1825.","Pierce Brosnan, Saeed Jaffrey, Shashi Kapoor, Helena Michell",Nicholas Meyer,8.1,#3a2a1a,154
2855,Kaashi in Search of Ganga,2018,Thriller,"The movie is about two siblings, Kashi (Sharman Joshi) and his sister Ganga. The film is set in the Indian city of Benaras, also known as Kashi.[9] Kashi is a man who belongs to a community who are involved in performing cremation rituals.","Prince Adhikari, Aishwarya Devan, Sukriti Gupta, Kranti Prakash Jha",Dhiraj Kumar,8.2,#4a4a1a,110
2856,Risk,2007,"Action, Crime, Drama","Modern day Bombay is ruled by Bangkok-based underworld don, Khalid Bin Jamal, who has the Home Minister, A.R. Sarang, as well as the Police Commissioner on his payroll. Khalid would like to...                See full summary »","Vinod Khanna, Randeep Hooda, Tanushree Dutta, Madhuri Bhagwat",Vishram Sawant,8.8,#2a2a1a,151
2857,Bees Saal Baad,1962,"Thriller, Musical, Mystery","When a young man's family gets haunted by a spirit, he gets warned not to return to his hometown. So he then decides to investigate the issue.","Biswajeet Chatterjee, Waheeda Rehman, Manmohan Krishna, Madan Puri",Biren Nag,7.9,#533483,117
2858,Raat,1992,Horror,"Mini shifts to her new house along with her parents Mr. and Mrs. Shrma, as well as, nephew Bunty. Bunty finds a cat in the backyard of the house and gets attracted to it but the cat soon ...                See full summary »","Revathi, Rohini Hattangadi, Om Puri, Akash Khurana",Ram Gopal Varma,7.8,#2a2a1a,120
2859,R... Rajkumar,2013,"Action, Comedy, Crime",An aimless youth starts working for a drug baron and his mission is to kill the rival.,"Shahid Kapoor, Sonakshi Sinha, Sonu Sood, Ashish Vidyarthi",Prabhu Deva,7.0,#4a4a1a,123
2860,Sulaikha Manzil,2023,"Comedy, Drama, Family","When the marriage between Haala and Ameen gets decided in a short span of time with very little time for preparations, it leads dramatic ride between the families.","Noushad Ali, Lukman Avaran, Shebin Benson, Jolly Chirayath",Ashraf Hamza,7.6,#1a2a1a,125
2861,Sherni,2021,"Action, Adventure, Drama",An upright Forest Officer who strives for balance in a world of man-animal conflict while she also seeks her true calling in a hostile environment.,"Vidya Balan, Vijay Raaz, Neeraj Kabi, Mukesh Khanna",Amit Masurkar,7.4,#1a1a3a,121
2862,1920 London,2016,"Horror, Mystery","After her husband is possessed by an evil spirit, a woman turns to her former lover to perform an exorcism.","Sharman Joshi, Meera Chopra, Vishal Karwal, Surendra Pal",Tinu Suresh Desai,8.6,#1a1a2e,122
2863,Chori Chori Chupke Chupke,2001,"Comedy, Drama, Musical",A prostitute agrees to get impregnated and then give the baby to a couple (Raj and Priya) in exchange for a million rupees. Everything changes when she develops feelings for the baby and Raj.,"Salman Khan, Rani Mukerji, Preity G Zinta, Amrish Puri","Abbas Alibhai Burmawalla, Mastan Alibhai Burmawalla",8.5,#16213e,120
2864,International Khiladi,1999,"Action, Crime, Drama",A crime boss is accused by a reporter of murdering her brother and raping her. He investigates the frame-up.,"Akshay Kumar, Twinkle Khanna, Rajat Bedi, Vivek Shauq",Umesh Mehra,6.7,#4a1a4a,139
2865,Play Girls,1995,Thriller,Add a Plot,"Akshay Kumar, Twinkle Khanna, Rajat Bedi, Vivek Shauq",Umesh Mehra,6.3,#4a1a1a,141
2866,100%,2000,Comedy,Add a Plot,"Shehnaaz Gill, Nora Fatehi, Riteish Deshmukh, Sahil Chaudhary",Sajid Khan,5.9,#1a1a1a,125
2867,Sehar,2005,"Action, Crime, Drama","Ajay Kumar the newly appointed, honest SSP of Lucknow police cracks down on the nefarious cop-mafia nexus in Uttar Pradesh, but finds a cunning and ruthless adversary in Gajraj.","Arshad Warsi, Pankaj Kapur, Mahima Chaudhry, Sushant Singh",Kabeer Kaushik,7.8,#4a4a1a,142
2868,Bade Achhe Lagte Hai,2017,Crime,19-year-old Moksha lives in his own world and does not listen to anyone. This habit takes him to such a turn that he did not even imagine.,"Rohan Shah, Azhar Sheikh, Suman Singh, Boishali Sinha",Sunil Subramani,6.0,#4a1a4a,147
2869,Kala Bazar,1960,"Crime, Drama, Musical","A man sells movie tickets on the black market, but starts to have a change of heart after he falls in love.","Dev Anand, Waheeda Rehman, Nanda Karnataki, Vijay Anand",Vijay Anand,8.1,#2a2a1a,119
2870,Touch Chesi Chudu,2018,"Action, Comedy, Crime",A peaceful man completely devoted to his family finds his violent past resurfacing.,"Ravi Teja, Raashi Khanna, Seerat Kapoor, Murli Sharma",Vikram Sirikonda,6.6,#0f3460,116
2871,Aap Ki Kasam,1974,"Romance, Drama",Rajesh Khanna plays Mumtaz's jealous husband who begins to doubt her fidelity when his best friend Sanjeev Kumar enters their lives. She is unable to convince Rajesh Khanna that she loves ...                See full summary »,"Rajesh Khanna, Mumtaz Askari, Sanjeev Kumar, Rehman Khan",J. Om Prakash,8.7,#2a2a1a,165
2872,Bewakoofiyaan,2014,"Comedy, Drama, Romance",Bewakoofiyaan is a slice-of life comedy when recession strikes and the lack of money tests love. Is living on love and fresh air really possible?,"Ayushmann Khurrana, Sonam Kapoor, Rishi Kapoor, Swedha Singh",Nupur Asthana,8.6,#3a4a1a,146
2873,Khamoshi,1970,"Drama, Romance",Tale of a female nurse trying to maintain a balance between her professional life and her emotions who falls victim to the natural feeling of love and compassion when a person takes care of another person.,"Rajesh Khanna, Waheeda Rehman, Nasir Hussain, Snehlata",Asit Sen,6.5,#0f3460,161
2874,Sanam Bewafa,1991,"Drama, Romance","Salman falls in love with Ruksar but their fathers, despite being neighbours, are sworn enemies. The couple end up marrying but they are shocked when they finally discover the reason why their fathers allow the marriage to take place.","Salman Khan, Chandni, Kanchan, Pran Sikand",Saawan Kumar Tak,7.6,#4a3a1a,124
2875,Rocket Gang,2022,"Comedy, Drama, Fantasy","A roller-coaster ride of friendship, camaraderie, love and dance as the team of 5 children step into the biggest dance competition to accomplish their dream.","Aditya Seal, Nikita Dutta, Jason Tham, Mokshada Jaikhani",Bosco Martis,7.6,#2d4a22,153
2876,Andaman,2021,Drama,Andaman is an inspirational social drama about a quarantine centre in an unprivileged village.,"Vishal Agiran, Arav Aryavanshi, Arav Aryavanshi, Dinesh Awasthi",Smita Singh,6.3,#1a3a1a,143
2877,Samadhi,1972,"Action, Drama, Romance","Lakhan Singh gives his life of a Dacoit and lives a happy life with his wife Champa when his son Jaswant becomes three years old, Champa becomes ill with cancer and circumstances force him to be again a Dacoit.","Asha Parekh, Dharmendra, Jaya Bachchan, Tun Tun",Prakash Mehra,6.2,#1a3a4a,165
2878,Kareeb,1998,"Drama, Romance","Birju is a young man who lives with his mom, dad, elder brother, Bhabhi and nephew in an upper middle class home. His father would like him to work as well as accept some responsibility, ...                See full summary »","Bobby Deol, Shabana Raza, Abhay Chopra, Moushumi Chatterjee",Vidhu Vinod Chopra,8.1,#4a3a1a,136
2879,Kuldip Patwal: I Didn't Do It!,2017,"Crime, Drama, Mystery","A commoner is thrown into a jail cell on suspicion of murder of a local politician. Can he survive the State entrapment, or did he actually do it?","Deepak Dobriyal, Gulshan Devaiah, Raima Sen, Parvin Dabas",Remy Kohli,6.4,#2d4a22,121
2880,Dil Ne Jise Apna Kaha,2004,"Drama, Romance","A wealthy man working in an advertising agency and a dedicated doctor fall in love and marry. When his wife dies, the devastated man must fulfil her last wishes.","Salman Khan, Preity G Zinta, Bhoomika Chawla, Rati Agnihotri",Atul Agnihotri,8.7,#1a4a1a,161
2881,Pokhar Ke Dunu Paar,2022,Drama,"Amidst the 2020 Coronavirus Pandemic, Sumit and Priyanka, an eloped couple, return to the security of their hometown. While Priyanka feels uneasy in the suffocating familiarity of her town, Sumit immerses himself in his tribe of friends.","Abhinav Jha, Tanaya Khan Jha, Dheeraj Kumar, Sheelnidhi",Parth Saurabh,6.3,#4a1a4a,151
2882,Wonder Women,2022,Drama,"Narrates the story of six pregnant women, who arrive at a prenatal class with beliefs, confusion, and questions regarding pregnancy and childbirth.","Nadia Moidu, Nithya Menen, Parvathy Thiruvothu, Padmapriya",Anjali Menon,8.0,#1a3a1a,128
2883,"Gallit Gondhal, Dillit Mujra",2009,Comedy,"Kolsewadi has never seen any progress in the village, thanks to the bickering and fights between MLA Chandrakant Tope and Sarpanch Bajirao Dole. Narayan Wagh, a villager, makes the most of ...                See full summary »","Makarand Anaspure, Suzanne Bernert, Nagesh Bhonsle, Ramchandra Dhumal",Nagesh Bhonsle,8.3,#3a2a1a,152
2884,Gol Maal,1979,"Comedy, Romance",A man's simple lie to secure his job escalates into more complex lies when his orthodox boss gets suspicious.,"Amol Palekar, Bindiya Goswami, Deven Verma, Shobha Khote",Hrishikesh Mukherjee,7.2,#4a3a1a,139
2885,Kabhie Kabhie,1976,"Drama, Romance",Kabhi Kabhie is a movie about the love story of generations and how a chain of events brings together old lovers as friends.,"Amitabh Bachchan, Shashi Kapoor, Rakhee Gulzar, Waheeda Rehman",Yash Chopra,8.4,#1a4a1a,114
2886,Mystery of the Tattoo,2023,Thriller,"An art student/therapist befriends her new neighbor. Soon after which she starts experiencing deadly psychological and hallucinating events, only to realize later that they were all a set-up by her neighbor to apprehend an old killer.","Rohit Raaj, Arjun Rampal, Daisy Shah, Manoj Joshi",Kalaiarasi Sathappan,7.7,#2d4a22,139
2887,Dhoomam,2023,"Action, Adventure, Drama","Avinash wants to quit his marketing job at a top cigarette company, but it comes with consequences.","Fahadh Faasil, Roshan Mathew, Aparna Balamurali, Achyuth Kumar",Pawan Kumar,6.8,#1a4a1a,163
2888,Karma,1986,"Action, Adventure, Drama",The BSO is a British oriented group who wants to take control of India. When senior police inspector Vishwa Pratap Singh arrests there leader Dr. Michael Dang the authorities blast the jail...                See full summary »,"Dilip Kumar, Nutan, Naseeruddin Shah, Jackie Shroff",Subhash Ghai,5.9,#533483,148
2889,Satyam Shivam Sundaram: Love Sublime,1978,"Drama, Musical, Romance","Rupa (Zeenat Aman) grew up being cursed as ""unlucky"" in her birth village. Her mother died during childbirth, then a kitchen accident leaves half her face disfigured. This is an artistic ...                See full summary »","Shashi Kapoor, Zeenat Aman, Kanhaiyalal Chaturvedi, A.K. Hangal",Raj Kapoor,7.2,#1a3a1a,119
2890,Chandni,1989,"Drama, Musical, Romance",Fate leaves Chandni shattered as her love Rohit disappears from her life. She meets Lalit and they befriend each other until Rohit knocks on her door.,"Sridevi, Rishi Kapoor, Vinod Khanna, Waheeda Rehman",Yash Chopra,6.4,#4a4a1a,146
2891,Colour Photo,2020,Drama,A tragic-comedy that is set in the 90s between two different personalities coming from different backgrounds that change their lives in a tale of love.,"Suhas, Chandini Chowdary, Sunil, Harsha Chemudu",Sandeep Raj,7.5,#2a2a1a,121
2892,Bhouri,2016,Drama,"A tragic love story of Bhouri, a 23-year old who is married to a 55-year old, the film highlights the exploitation of women in male dominated society.","Raghubir Yadav, Masha Pour, Kunika Sadanand, Vicky Ahuja","Jasbir Bhaati, Jasbir R Bhati",8.2,#3a2a1a,164
2893,Yamla Pagla Deewana Phir Se...,2018,"Action, Comedy, Drama",An upright Ayurveda practitioner is hounded by big pharmacy giants for his age-old formula that cures everything.,"Dharmendra, Sunny Deol, Bobby Deol, Kriti Kharbanda",Navaniat Singh,8.0,#2d4a22,116
2894,Katti Batti,2015,"Comedy, Drama, Romance",A romantic comedy that follows Maddy and Payal's live-in relationship until a sudden turn of events creates a distance between them.,"Imran Khan, Kangana Ranaut, Abhishek Saha, Suhaas Ahuja",Nikkhil Advani,8.3,#2d4a22,116
2895,Chidiakhana,2023,"Drama, Sport","It is a coming-of-age story of a Bihari boy who is embraced by residents of a Marathi Chawl due to his grit, imagination and especially his footballing skills.","Ritvik Sahore, Avneet Kaur, Rajeshwari Sachdev, Prashant Narayanan",Manish Tiwary,7.1,#1a1a2e,131
2896,Hari Singh Nalwa - Champion of the Khalsa Ji,2022,Biography,Add a Plot,"Ritvik Sahore, Avneet Kaur, Rajeshwari Sachdev, Prashant Narayanan",Manish Tiwary,7.2,#533483,138
2897,I See You,2006,"Comedy, Drama, Fantasy","Dr. Shivani Dutt lives a wealthy lifestyle in London, England with her widowed mom and a dog named Kaali. She works at the Thomwell Hospital. One day she notices that some of her fellow ...                See full summary »","Arjun Rampal, Vipasha Agarwal, Chunky Pandey, Boman Irani",Vivek b Agrawal,8.4,#4a3a1a,122
2898,Mirch Masala,1986,"Drama, Thriller","In colonial India, subedars (tax collectors) went from village to village with soldiers, often demanding more than taxes. A subedar commands Sonbai, a beautiful and confident woman whose ...                See full summary »","Smita Patil, Naseeruddin Shah, Om Puri, Ratna Pathak Shah",Ketan Mehta,6.2,#1a1a2e,131
2899,Khilona,1996,"Drama, Romance","After being double crossed by his boss Dabla, Rajkumar takes revenge on him and becomes the ruling Don of the city. His arch enemy, Ronny, carries out several attacks towards him but fails ...                See full summary »","Aditya Pancholi, Shakti Kapoor, Mohan Joshi, Monica Bedi",Deepak Pawar,7.5,#1a4a1a,119
2900,Gharwali Baharwali,1998,Comedy,"On discovery of his spouse's infertility, a man starts a search for a new wife.","Anil Kapoor, Raveena Tandon, Rambha, Satish Kaushik",David Dhawan,7.0,#4a4a1a,142
2901,Saat Uchakkey,2016,Comedy,"SAAT UCHAKKEY is a comedy caper about 7 petty crooks blundering their way through an exciting gamut of mystery, greed, treachery and running into one riotous crisis after another. Set ...                See full summary »","Manoj Bajpayee, Vijay Raaz, Aditi Sharma, Annu Kapoor",Sanjeev Sharma,8.6,#1a3a1a,143
2902,Anamika,1973,"Mystery, Romance, Musical","A writer rescues a young woman lying injured on the road. She awakens with amnesia, but insists that she is the writer's wife. Is she the victim or the perpetrator of a devious plot?","Sanjeev Kumar, Jaya Bachchan, Iftekhar, Govardhan Asrani",Raghunath Jhalani,6.3,#4a1a1a,111
2903,Weapon,2000,"Action, Sci-Fi, Thriller",Add a Plot,"Vasanth Ravi, Shiyas Kareem, Sathyaraj, Tanya Hope",Guhan Senniappan,7.6,#1a3a4a,121
2904,Collar Bomb,2021,"Action, Thriller","A glorified cop's life is thrown into chaos as he is forced to commit a series of crimes before a suicide bomber blows up a school. As he races against time, he's confronted by an evil that is hell-bent on striking raw, primal terror.","Jimmy Shergill, Sparsh Srivastav, Rajshri Deshpande, Asha Negi",Dnyanesh Zoting,6.8,#4a1a4a,119
2905,Party,1984,Drama,A planned social gathering is held to commemorate Divakar Barve for the award he receive pertaining his contributions to Indian Arts and films. The social event is greeted by some important...                See full summary »,"Deepa Sahi, Ila Arun, Raju Barot, Mohan Bhandari",Govind Nihalani,6.6,#1a1a3a,133
2906,Ek Ladka Ek Ladki,1992,"Comedy, Romance","An arrogant heiress becomes amnesiac after her greedy uncle attempts to kill her. A hard-working farmer, who bears a grudge against her, impersonates her husband and brings her to his home as revenge.","Salman Khan, Neelam Kothari, Anupam Kher, Govardhan Asrani",Vijay Sadanah,8.0,#3a4a1a,126
2907,Parzania,2005,"Drama, History","A parsi family struggles to find thier son in a genocide carried out by vested interests outfits during 2002, commonly known as Gujarat riots which broke out after the Godhra Train Burning incident. During riots more than 790 Muslim and 289 Hindus died and around 300 people missing in the Indian state of Gujarat.","Naseeruddin Shah, Corin Nemec, Sarika Thakur, Parzaan Dastur",Rahul Dholakia,7.8,#1a1a3a,114
2908,Vodka Diaries,2018,"Mystery, Thriller","In the misty town of Manali, ACP Ashwini Dixit attempts to solve a series of mysterious murders happening in a single night, which might be connected to the night club, Vodka Diaries.","Kay Kay Menon, Raima Sen, Mandira Bedi, Sharib Hashmi",Kushal Srivastava,8.3,#e94560,142
2909,Phool Khile Hain Gulshan Gulshan,1978,"Drama, Family","Aware that his grandson has acquired all the bad habits of a rich and spoiled brat, including womanizing and alcohol, Lala Ganpat Rai, instructs his lawyers to make it conditional that he, ...                See full summary »","Rishi Kapoor, Moushumi Chatterjee, Ashok Kumar, Amjad Khan",Sikandar Khanna,6.6,#4a1a1a,152
2910,Meri Biwi Ka Jawab Nahin,2004,"Action, Comedy, Romance",Ajay gets married to his childhood friend Durga; who is illiterate unable to differentiate between the style of these days and that of long time ago. When Ajay is given the post as police ...                See full summary »,"Akshay Kumar, Sridevi, Gulshan Grover, Laxmikant Berde","Pankaj Parashar, S.M. Iqbal",7.9,#16213e,111
2911,Undertrial,2007,"Crime, Drama","Sagar Hussain, a factory worker, is falsely accused of and imprisoned for raping his own daughters. Later, when his lawyer digs deeper, the truth reveals itself to be much worse than imagined.","Rajpal Naurang Yadav, Kader Khan, Prem Chopra, Pratima Kazmi",Aziz Khan,7.1,#e94560,151
2912,Agni Sakshi,1996,"Drama, Musical, Romance",Newly married Suraj and Shivangi are on honeymoon where they meet Vishwanath - who claims that Shivangi is his wife.,"Jackie Shroff, Nana Patekar, Manisha Koirala, Divya Dutta",Partho Ghosh,7.9,#1a2a1a,160
2913,Suryaa: An Awakening,1989,"Action, Drama",Shikarpur is ruled by Gangadhar Chaudhary whose known to grab lands of poor farmers and kill them if they don't agree one such victim of his crime is Veer Singh who gets killed leaving his ...                See full summary »,"Raaj Kumar, Vinod Khanna, Raj Babbar, Bhanupriya",Esmayeel Shroff,6.5,#1a3a1a,141
2914,...Aur Pyaar Ho Gaya,1997,"Comedy, Drama, Musical","Grandpa and Grandma Kapoor live a wealthy life-style with their only widower son, Kailashnath and his daughter Ashi who is of marriage-able age. Kailashnath arranges his daughter's marriage...                See full summary »","Bobby Deol, Aishwarya Rai Bachchan, Shammi Kapoor, Anupam Kher",Rahul Rawail,7.0,#0f3460,112
2915,Fever,2016,"Crime, Mystery","An assassin loses his memory in an accident. He wakes up knowing only his name, and a subconscious memory of a crime he has committed.","Rajeev Khandelwal, Gauahar Khan, Gemma Atkinson, Ankita Makwana",Rajeev Jhaveri,6.9,#4a4a1a,158
2916,Rakhta Charitra,2010,"Action, Biography, Crime",A killer bandit decides to become a politician in order to avenge deaths in his family.,"Vivek Oberoi, Shatrughan Sinha, Sudeep, Abhimanyu Singh",Ram Gopal Varma,6.6,#4a3a1a,124
2917,Raag Desh,2017,"Action, Drama, History",A period film based on the historic 1945 Indian National Army Red Fort Trials.,"Kunal Kapoor, Amit Sadh, Mohit Marwah, Kenneth Desai",Tigmanshu Dhulia,6.5,#1a1a3a,154
2918,Pudhiya Geethai,2003,"Action, Drama, Romance","Sarathy is a brilliant and carefree young man who is unaware that an astrologer has predicted his death at the age of 27. Eventually, he comes to loggerheads with Reddiar over a land deal gone bad.","Joseph Vijay, Meera Jasmine, Ameesha Patel, Kalabhavan Mani",Jagan,7.2,#1a1a3a,128
2919,Akaash Vani,2013,"Drama, Romance",Follows the love story of a boy and a girl.,"Kartik Aaryan, Nushrratt Bharuccha, Sunny Singh, Gautam Mehra",Luv Ranjan,6.8,#3a2a1a,142
2920,Kundan,1993,"Action, Drama",Thakur Shamsher Singh lives a wealthy life that is funded chiefly by criminal activities such smuggling and dealing in drugs. He has never been arrested as he has several high-ranking ...                See full summary »,"Dharmendra, Jaya Prada, Amrish Puri, Farha Naaz",K.C. Bokadia,8.2,#3a4a1a,164
2921,Apradhi,1992,"Action, Crime, Drama","Satyaprakash is an honest security officer who works at the docks in a small town in India, and lives with his parents, Mr. and Mrs. Vishambernath; wife, Janki, a blind daughter, Munni; and...                See full summary »","Vikas Anand, Aparajita, Arun Bakshi, Rajni Bala",K. Ravi Shankar,6.2,#e94560,148
2922,House Arrest,2019,Comedy,A world-weary man's self-imposed home confinement becomes a comedy of errors with the simultaneous arrivals of a peculiar package and a curious journalist.,"Ali Fazal, Shriya Pilgaonkar, Jim Sarbh, Barkha Singh","Samit Basu, Shashanka Ghosh",6.0,#1a1a3a,164
2923,Garm Hava,1974,Drama,"In post-partition India, a Muslim businessman and his family struggle for their rights in a country which was once their own.","Balraj Sahni, A.K. Hangal, Geeta Kak, Jamal Hashmi",M.S. Sathyu,8.7,#1a2a1a,122
2924,Saat Hindustani,1969,"Action, Adventure, Drama",A woman awaiting surgery recalls her life as a revolutionary along with seven other countrymen.,"Utpal Dutt, Jalal Agha, Anwar Ali, Madhu",Khwaja Ahmad Abbas,6.0,#2d4a22,146
2925,ABCD (Any Body Can Dance),2013,"Drama, Music","When a capable dancer is provoked by the evil design of his employer, naturally he will be out to prove his mettle.","Prabhu Deva, Ganesh Acharya, Kay Kay Menon, Lauren Gottlieb",Remo D'Souza,6.2,#4a1a4a,119
2926,Nil Battey Sannata,2015,"Drama, Family",A story about a single woman (a Mom) and dreams on her Daughter.,"Swara Bhasker, Riya Shukla, Ratna Pathak Shah, Pankaj Tripathi",Ashwiny Iyer Tiwari,7.8,#1a3a1a,161
2927,Badmaash Babes,2023,Drama,"When the stripper from Alisha's bachelor party is found dead the next morning, the high society lives of best friends Alisha, Maya and Zee go through a roller coaster ride.","Bhumika Gurung, Pratibha Phogat, Chandni Srivastava",Ajay V.,6.4,#1a2a1a,152
2928,376 D,2020,"Crime, Thriller","In a series of heinous events one dark night, in the by lanes of Delhi; two brothers come face-to-face with a nightmare they never imagined. Their entire life turns upside down. Soon they ...                See full summary »","Vivek Kumar, Deeksha Joshi, Sumit Singh Sikarwar, Priyanka Sharma","Gunveen Kaur, Robin Sikarwar",7.9,#2d4a22,163
2929,Shola Aur Shabnam,1992,"Action, Comedy, Drama","The spoiled and arrogant brother, Bali, of notorious gangster, Kali Baba, enlists in the National Cadet Corps, and wants to have his way with his fellow-students and trainer, Inder Mohan ...                See full summary »","Govinda, Divya Bharti, Gulshan Grover, Alok Nath",David Dhawan,7.3,#2a2a1a,133
2930,Naina,2005,"Drama, Horror, Mystery","After receiving an eye transplant, a young woman realizes that she can see into the supernatural world.","Urmila Matondkar, Anuj Sawhney, Malavika Nair, Amardeep Jha",Shripal Morakhia,7.4,#4a4a1a,157
2931,Noorie,1979,"Drama, Family, Romance",NOORIE tells a simple and touching story of Noorie and Yusuf's fearless love and dream at all cost.,"Farooq Shaikh, Poonam Dhillon, Madan Puri, Iftekhar",Manmohan Krishna,6.6,#16213e,149
2932,Satya 2,2013,"Action, Crime, Drama","To build a strong underworld, a man comes to Mumbai to rectify the errors made by previous mafia leaders.","Puneet Singh Ratn, Sharwanand, Anaika Soti, Mahesh Thakur",Ram Gopal Varma,7.5,#1a2a1a,158
2933,Marigold,2007,"Comedy, Music, Romance",Ali Larter plays an American actress who becomes immersed in the Bollywood film world.,"Salman Khan, Ali Larter, Nandana Sen, Ian Bohen",Willard Carroll,6.7,#1a1a2e,135
2934,Teraa Surroor,2016,"Action, Drama, Romance","Tara Wadia (Farah Karimaee), a singer and girlfriend of a gangster Raghu (Himesh Reshammiya) lives with her mother (Shernaz Patel). She goes to Dublin where she gets detained after being ...                See full summary »","Himesh Reshammiya, Farah Karimaee, Naseeruddin Shah, Shekhar Kapur",Shawn Arranha,6.6,#0f3460,135
2935,Be Happy,2000,Drama,Story of a father and his 13 year old daughter.,"Abhishek Bachchan, Nora Fatehi",Remo D'Souza,8.4,#4a1a1a,127
2936,Valley of Flowers,2006,"Adventure, Drama, Fantasy","A great Asian love story, an unforgettable tale about passion, death and reincarnation. A mesmerizing Himalayan epic that spans two centuries, from the Silk Route of the early 19th century to the bustling metropolis of modern-day Tokyo.","Milind Soman, Mylène Jampanoï, Naseeruddin Shah, Jampa Kalsang Tamang",Pan Nalin,6.7,#4a4a1a,161
2937,Zameen,2003,"Action, Adventure, Thriller","Colonel Ranvir and ACP Jaideep joins forces to fight against Pakistani terrorists, who hijacks an Indian airplane and demands to free their militant leader in return.","Ajay Devgn, Abhishek Bachchan, Bipasha Basu, Mukesh Tiwari",Rohit Shetty,6.3,#1a1a3a,147
2938,Odd Couple,2019,Drama,The movie revolves around two couples with age gaps of 15 years.,"Pradeep Singh Adhikari, Sumit Gulati, Suchitra Krishnamoorthi, Manoj Pahwa",Prashant Johari,7.8,#1a2a1a,139
2939,Ayee Milan Ki Raat,1991,Romance,"A Tantrik converts two lovers into a snake, one at sunset and one at sunrise.","Avinash Wadhawan, Shaheen, Anupam Kher, Kulbhushan Kharbanda",K. Pappu,6.1,#3a2a1a,138
2940,Fakira,1976,"Action, Drama, Thriller","Vijay helps the poor and robs the rich, while Ajay is assigned the job to bring Vijay to justice. Thirsty for each other's blood, both men are unaware that they are brothers separated at a young age.","Shashi Kapoor, Shabana Azmi, Govardhan Asrani, Aruna Irani",C.P. Dixit,7.5,#1a3a4a,145
2941,SOS: Secrets of Sex,2013,Drama,Prachi becomes pregnant and she and her boyfriend are trying to solve the matter by the way of abortion.,"Kumaar Aadarsh, Gagan Guru, Harman Preet Kaur, Ritesh Raghuvanshi",Kumaar Aadarsh,8.2,#3a2a1a,157
2942,Leera the Soulmate,2018,Sci-Fi,"Salman Khan Also Has An Important Cameo In One The Scene's. While leaving the space Salman comes to pick her up to take her back. Later on this scene was removed as the director said ""Salman Didn't Act Well""","Rishabh Arora, Dank Rishu, Mehul Adwani, Emiway Bantai",Sumnash Sri Kaljai,6.9,#2d4a22,133
2943,Red Rose,1980,"Crime, Horror, Mystery","Anand lives a wealthy lifestyle in Bombay in a palatial house, and runs a business 'Export India'. While shopping at Roopsagar Clothing Store, he meets one of the Sales Clerks', Sharda, and...                See full summary »","Rajesh Khanna, Poonam Dhillon, Aruna Irani, Om Shivpuri",Bharathiraja,6.5,#3a2a1a,152
2944,Ghar Ho To Aisa,1990,Drama,"The Kumar family consists of Ramprasad, his wife, Durga; their married son, Vijay, his wife, Sharda, their daughter, Pinky; a married daughter who lives with them, Kanchan, her husband, ...                See full summary »","Anil Kapoor, Meenakshi Sheshadri, Raj Kiran, Deepti Naval",Kalpataru,6.6,#1a1a3a,130
2945,Khooni Mahal,1987,Horror,"After years of burial, a monster is accidentally set free by a group of people which leads to disastrous sequence of incidents.","Raj Kiran, Shoma Anand, Javed Khan, Neelam Mehra",Mohan Bhakri,6.3,#533483,114
2946,Crook: It's Good to Be Bad,2010,"Action, Crime, Drama",Corrupt police and racially motivated attacks against Indian students complicate a re-located crook's life in Australia.,"Emraan Hashmi, Neha Sharma, Arjan Bajwa, Mashhoor Amrohi",Mohit Suri,5.9,#0f3460,112
2947,Pareshan,2023,Comedy,"Set up in the backdrop of Singareni and Coalaries, the movie sheds light on troubles that arise between friends, family and lovers.","Bunny Abiran, Raju Bedigela, Muralidhar Goud, Pavani Karanam",Rupak Ronaldson,6.0,#1a1a3a,111
2948,Apaharan,2005,"Action, Crime, Drama","Story of a tumultuous and complex relationship between a father (Mohan Agashe) and son (Ajay Devgan), set against the backdrop of a thriving kidnapping industry in the Hindi heartland of Bihar.","Ajay Devgn, Nana Patekar, Bipasha Basu, Ayub Khan",Prakash Jha,8.5,#1a1a2e,115
2949,InCar,2023,"Drama, Thriller",A kidnapped girl's terrifying journey of survival.,"Sandeep Goyat, Manish Jhanjholia, Gyan Prakash, Samsher Singh Sam",Harsh Warrdhan,6.9,#3a4a1a,124
2950,Bhangra Paa Le,2020,"Comedy, Drama, Music","Determined to bring traditional bhangra to the world stage, a dancer preps for an international competition against a rival with dreams of her own.","Sunny Kaushal, Rukshar Dhillon, Shriya Pilgaonkar, Parmeet Sethi",Sneha Taurani,6.2,#4a1a4a,141
2951,Krishna,1996,"Action, Drama, Romance","A convict freshly out of prison is given an undercover name ""Krishna"" and the task to bring down a drug kingpin and his cartel.","Suniel Shetty, Karisma Kapoor, Shakti Kapoor, Tinnu Anand","S. Deepak, Deepak S. Shivdasani",8.7,#533483,121
2952,Mumbai Express,2005,"Action, Comedy",A bike rider and three small-time crooks kidnap a rich man's son for a huge ransom. But they soon discover that they have the wrong boy who is the illegitimate son of a police officer.,"Kamal Haasan, Manisha Koirala, Pasupathy, Nassar","Singeetam Srinivasa Rao, Dinesh Shailendra",7.5,#1a3a4a,136
2953,Shalimar,1978,"Action, Adventure, Crime","Sir John Locksley, the greatest jewel thief, decides his most prized possession, the Shalimar Ruby, should be passed on to a worthy successor. He invites the best rival jewel thieves to his island estate to participate in a deadly contest.","Dharmendra, Zeenat Aman, Rex Harrison, Sylvia Miles",Krishna Shah,6.1,#1a3a1a,138
2954,Aadhi Bhagavan,2013,"Action, Crime, Thriller",An action film about two lookalike criminals in which one wants the other to get killed.,"Jayam Ravi, Nitu Chandra, Sudha Chandran, Saiju Kurup",Ameer Sultan,6.2,#e94560,110
2955,Kya Yehi Pyaar Hai,2002,"Drama, Romance",A college slacker pursues the girl of his dreams and will do just about anything to get her to like him.,"Jackie Shroff, Aftab Shivdasani, Ameesha Patel, Anupama Verma",K. Muralimohana Rao,8.1,#3a2a1a,143
2956,Friendship,2021,"Action, Crime, Drama","Set in college, Friendship is an emotional saga where two friends go out of their way to help a girl get justice, who is sexually abused and killed by goons. Will they succeed? After all, justice delayed is justice denied.","Harbhajan Singh, Arjun Sarja, Losliya Mariyanesan, Sathish","ShamSurya JohnPaulRaj, Jpr, John Paul Raj, Sham Surya",8.3,#16213e,140
2957,Dunno Y Na Jaane Kyun...,2010,"Drama, Romance",Two men fall in love but struggle to be in a relationship openly in society.,"Zeenat Aman, Kabir Bedi, Hazel Croney, Helen",Sanjay Sharma,6.7,#2d4a22,154
2958,Teen Devian,1965,"Musical, Romance","Devdutt Anand works in a company selling musical instruments, and is always late for work, infuriating his boss, I.S. Johar. Things change for the better when Johar finds out that Devdutt ...                See full summary »","Dev Anand, Nanda Karnataki, Simi Garewal, I.S. Johar",Amarjeet,8.4,#1a1a1a,135
2959,Noblemen,2018,Drama,"A 15 year old boy, struggling with his adolescent years, is terrorized by a gang of bullies in a posh boarding school. This sets forth a chain of events that leads to a loss of life and innocence.","Kunal Kapoor, Ali Haji, Mohammed Ali Mir, Ivan Rodrigues",Vandana Kataria,6.9,#4a1a1a,135
2960,Angaar,1992,"Action, Crime, Drama","An angry slum-dweller is arrested, found guilty, and institutionalized.","Jackie Shroff, Dimple Kapadia, Nana Patekar, Om Puri",Shashilal K. Nair,6.3,#1a1a1a,121
2961,3G: A Killer Connection,2013,"Horror, Mystery, Sci-Fi",Sam purchase's a second hand cellphone and starts getting mysterious calls.,"Neil Nitin Mukesh, Sonal Chauhan, Mrinalini Sharma, Asheesh Kapur","Shiirshak S. Anand, Shantanu Ray Chhibber",7.4,#3a4a1a,124
2962,Milenge Milenge,2010,"Drama, Romance","Hoping that destiny will re-unite them, a couple, on the verge of getting married, attempt to locate each other.","Kareena Kapoor, Shahid Kapoor, Aarti Chhabria, Delnaaz Irani",Satish Kaushik,6.6,#1a1a3a,164
2963,Sri,2023,"Biography, Drama",An industrialist Srikanth Bolla who didn't let his visual impairment come in the way of his vision and founded Bollant Industries.,"Alaya F, Jyotika, Sharad Kelkar, Deepak Mahato",Tushar Hiranandani,6.3,#4a4a1a,115
2964,English Babu Desi Mem,1996,"Comedy, Drama, Musical","After his brother dies, wealthy Vikram reluctantly goes back to India and forms a surprise bond with his orphaned nephew and the showgirl raising him.","Shah Rukh Khan, Sonali Bendre, Rajeshwari, Saeed Jaffrey",Praveen Nischol,8.3,#e94560,160
2965,Kahani Rubberband Ki,2022,"Comedy, Drama, Family","The regular life of a young couple in Uttar Pradesh until a contraceptive device malfunction results in an unintended pregnancy. While maintaining his friendship with Kavya, Narendra decides to take on the condom manufacturer","Manish Raisinghan, Avika Gor, Pratik Gandhi, Gaurav Gera",Sarika Sanjot,8.4,#1a1a1a,150
2966,Doosara Aadmi,1977,"Drama, Family, Romance","Kanu, Timsi and Nisha find themselves entangled in an emotional saga, the struggle of Nisha's past, Kanu and Timsi's present and an uncertain future.","Shashi Kapoor, Rishi Kapoor, Neetu Singh, Rakhee Gulzar",Ramesh Talwar,6.9,#1a2a1a,135
2967,Mithya,2008,"Comedy, Crime, Thriller",A two-bit actor faces challenges after he is asked by Police to impersonate a look-alike gangster.,"Ranvir Shorey, Neha Dhupia, Naseeruddin Shah, Saurabh Shukla",Rajat Kapoor,7.0,#3a4a1a,110
2968,Wajood,1998,"Action, Crime, Drama","This story revolves around Malhar Gopaldas Agnihotri, a out-of-work actor, poor, and dependent on his father, who is heading for retirement. Malhar knows that he can act, very well indeed, ...                See full summary »","Nana Patekar, Madhuri Dixit, Mukul Dev, Ramya Krishnan",N. Chandra,7.9,#2a2a1a,132
2969,Arzoo,1965,"Drama, Musical, Romance","After completing his medical studies, Gopal (Rajendra Kumar) takes a break and goes on holiday in Kashmir. There he meets with Usha (Sadhana) and both fall in love with each other. Back ...                See full summary »","Rajendra Kumar Tuli, Sadhana Shivdasani, Feroz Khan, Nazima",Ramanand Sagar,7.8,#3a2a1a,122
2970,Aamdani Atthanni Kharcha Rupaiya,2001,"Comedy, Drama, Family","In order to make ends meet, three women steps out from their houses for earning. However, this irks their jobless husbands who can go to extreme lengths to stop them.","Govinda, Juhi Chawla, Tabu, Chandrachur Singh","K. Raghavendra Rao, A.S. Ravindra Babu",6.0,#4a1a4a,139
2971,Ghar Parivaar,1991,Drama,"Noble Shankar sells all his property and sends his step-brother Balwant to the city for higher education, but Balwant returns with a wife who refuses to adjust to the simple village life and becomes the reason for the family to split.","Rajesh Khanna, Rishi Kapoor, Raj Kiran, Moushumi Chatterjee",Mohanji Prasad,7.1,#1a1a3a,151
2972,Dev,2004,Drama,"Joint Commissioner of Police Dev Pratap Singh, a duty-bound, self-righteous officer, and Special Commissioner Tejinder Khosla, the balancing force between the political interests of Chief ...                See full summary »","Amitabh Bachchan, Om Puri, Fardeen Khan, Kareena Kapoor",Govind Nihalani,5.9,#16213e,155
2973,Khamosh,1986,"Mystery, Thriller","When a starlet is murdered on a film location, a detective arrives to investigate the cast and crew.","Shabana Azmi, Amol Palekar, Naseeruddin Shah, Soni Razdan",Vidhu Vinod Chopra,5.8,#e94560,129
2974,Corporate,2006,Drama,Two corporate giants compete in order to recklessly maximize their respective profits.,"Bipasha Basu, Kay Kay Menon, Raj Babbar, Rajat Kapoor",Madhur Bhandarkar,6.7,#e94560,124
2975,Avtaar,1983,Drama,"Avtaar Krishen lives a poor lifestyle with his wife, Radha, and two sons, Ramesh and Chander. He works in a factory and toils hard so that his sons can get the necessary education, and live...                See full summary »","Rajesh Khanna, Shabana Azmi, Sujit Kumar, A.K. Hangal",Mohan Kumar,7.1,#4a1a4a,140
2976,Juliet's X-Tape,2000,Thriller,Add a Plot,"Aparna Bajpai, Aditya Rajput",Pravein Birje,8.4,#0f3460,115
2977,Munna,2007,Action,"Munna is a college student who targets Khakha, a local gangster with whom he has a personal vendetta since childhood.","Prabhas, Ileana D'Cruz, Prakash Raj, Kota Srinivasa Rao",Vamshi Paidipally,5.9,#0f3460,149
2978,Loev,2015,"Drama, Romance","A weekend trip between friends takes a sudden turn, making them each question what love is and what it means to them.","Dhruv Ganesh, Siddharth Menon, Shiv Panditt, Dixit",Sudhanshu Saria,8.6,#4a3a1a,128
2979,Dushman Duniya Ka,1996,Drama,A social drama about the drug addiction among the youth and its adverse effects on their lives.,"Laila, Mehmood, Manzoor Ali, Chetana Das","Mehmood, Tabrez Hashmi",6.3,#1a1a1a,154
2980,Girlfriend,2004,Drama,"A man comes between two lesbian lovers, hence forming a triangle with bleak consequences.","Isha Koppikar, Aashish Chaudhary, Amrita Arora, Sumit Nijhawan",Karan Razdan,7.4,#16213e,118
2981,Humse Na Jeeta Koi,1983,Comedy,"Sunder Singh lives with his wife, Lajwanti, and three sons, Bheema, Kishan, and Vijay, in a small town in India. His two elder sons are slackers and up to mischief and wrestling. They find ...                See full summary »","Amjad Khan, Randhir Kapoor, Raj Kiran, Asha Sachdev",Shibu Mitra,7.7,#1a4a1a,140
2982,Sapoot,1996,"Action, Crime, Drama","When a gangster is killed by his rivals, his two sons vow revenge.","Akshay Kumar, Suniel Shetty, Karisma Kapoor, Sonali Bendre",Jagdish A. Sharma,6.1,#533483,146
2983,Aashik Aawara,1993,Drama,"Raised by a kindly thief, orphaned Jimmy goes on the run from goons and falls in love with Jyoti, whose father indirectly caused his parents' deaths.","Saif Ali Khan, Mamta Kulkarni, Mohnish Behl, Rakesh Bedi",Umesh Mehra,7.6,#1a2a1a,163
2984,Andaz,1971,"Drama, Romance","Rajoo (Rajesh Khanna) and Sheetal (Hema Malini) are in love, and expecting some opposition from Rajoo's dad (Ajit), they marry in a simple temple ceremony. But Rajoo's dad vehemently ...                See full summary »","Shammi Kapoor, Rajesh Khanna, Hema Malini, Simi Garewal",Ramesh Sippy,6.8,#533483,114
2985,Masterji,1985,"Comedy, Drama, Romance","Percocious village belle, Radha, the daughter of Mukhiya Jamnadas, takes a liking to the widowed school-master, Masterji, the father of a toddler; when he spurns her, she publicly accuses ...                See full summary »","Rajesh Khanna, Sridevi, Anita Raj, Kader Khan",K. Raghavendra Rao,7.7,#4a4a1a,149
2986,Mr. X,2015,"Action, Crime, Drama","After gaining the power of invisibility; a man becomes a vigilante, in order to take revenge on those who have wronged him.","Emraan Hashmi, Amyra Dastur, Tanmay Bhat, Sushil Pandey",Vikram Bhatt,6.8,#1a1a3a,160
2987,Shaan,1980,"Action, Adventure, Comedy",Two brothers go after the international mafia kingpin who murdered their cop brother. They are later joined by another man who wants revenge against the gangster.,"Sunil Dutt, Shashi Kapoor, Amitabh Bachchan, Shatrughan Sinha",Ramesh Sippy,6.6,#1a4a1a,135
2988,Biwi No. 1,1999,"Comedy, Drama, Romance","A housewife learns that her husband is cheating on her. Thus, her quest to bring him back begins","Karisma Kapoor, Salman Khan, Anil Kapoor, Sushmita Sen",David Dhawan,8.6,#1a1a1a,123
2989,Angry Young Men,2000,Drama,Add a Plot,"Karisma Kapoor, Salman Khan, Anil Kapoor, Sushmita Sen",David Dhawan,8.3,#2a2a1a,112
2990,Love Nation,2023,"Drama, Sci-Fi","This is a Story of Scientist Played by Deepak Parashar who was the messenger to Peacefulness and the Lover of Mankind, lost his life while following the path of ''Ahimsa Parmo Dharma'' by ...                See full summary »","Dharmendra, Adeeb, Maviya, Govind Namdeo",Basith Ahmed Khan,8.4,#2a2a1a,110
2991,Get Educated: Paathshaala,2010,"Drama, Family",A new English school-teacher also teaches music but ends up leading both teachers and students to revolt against the school management.,"Nana Patekar, Shahid Kapoor, Ayesha Takia, Sushant Singh",Milind Ukey,7.3,#4a1a1a,146
2992,Doodh Ka Karz,1990,"Action, Drama, Fantasy","Sapheran Parvati, along with her newborn son, Suraj, watches helplessly as her husband, Gangu, is wrongly accused of theft, and then beaten to death by Raghuveer Singh, Bhairav Singh, and ...                See full summary »","Jackie Shroff, Neelam Kothari, Prem Chopra, Aruna Irani",Ashok Gaekwad,8.4,#1a3a4a,149
2993,Shortcut Romeo,2013,"Action, Crime, Drama",Suraj spots a couple making love on a golf course and video films the entire event. He blackmails the couple and asks them to ensure that he has a luxurious life in return for the footage.,"Neil Nitin Mukesh, Ameesha Patel, Puja Gupta, Jatin Garewal",Susi Ganesan,6.2,#1a4a1a,159
2994,Bhaiaji Superhit,2018,"Action, Comedy, Drama",A goon tries to win his wife back by making a movie on their love story.,"Sunny Deol, Preity G Zinta, Arshad Warsi, Ameesha Patel",Neeraj Pathak,7.1,#2d4a22,140
2995,Himmat,1996,"Action, Comedy, Drama","Two Indian secret agents, Ajay and Abdul, share a brotherly bond. However, when Abdul is killed in the line of duty, the mission is handed over to Ajay, who decides to avenge his friend's death.","Naseeruddin Shah, Sunny Deol, Tabu, Shilpa Shetty Kundra","Sunil Sharma, Anand",5.8,#4a3a1a,123
2996,Siddharth,2013,Drama,"A chain-wallah from Delhi travels across India in search of his missing son, in the hopes that whoever took him, returns him unharmed.","Rajesh Tailang, Tannishtha Chatterjee, Anurag Arora, Shobha Sharma Jassi",Richie Mehta,8.8,#4a3a1a,122
2997,C Kkompany,2008,"Comedy, Drama, Thriller","Three down on their luck men adapts a strategical idea of extortion, only to find themselves in deep trouble.","Tusshar Kapoor, Anupam Kher, Rajpal Naurang Yadav, Raima Sen",Sachin Yardi,7.1,#1a4a1a,126
2998,Aan: Men at Work,2004,"Action, Crime, Drama",DCP Patnaik and his team's fights against corrupted politicians and mafia rule Mumbai city. However their faith in law and order is tested with serious outcomes.,"Akshay Kumar, Shatrughan Sinha, Suniel Shetty, Paresh Rawal",Madhur Bhandarkar,8.0,#1a1a1a,155
2999,Time Out,2015,"Drama, Family, Music","Years of friendship, laughter and love shared between two brothers faces the music when a 14 year old boy is confronted with the complexities of a simple relationship.","Chirag Malhotra, Pranay Pachauri, Kaamya Sharma, Aditya Jain",Rikhil Bahadur,6.8,#0f3460,147
3000,Monalisa,2021,Romance,Add a Plot,"Ankit Dubey, Sharanya Jit Kaur, Vishal Raj Sharma",Rehan Khan,8.3,#1a1a3a,133
3001,Phool Aur Angaar,1993,"Action, Drama","Vijay Saxena lives a middle-class lifestyle along with his college-going sister, Sweety, in a small town in India. He gets a job as a Professor at the City College, where he meets with ...                See full summary »","Govardhan Asrani, Bajrangi, Arun Bali, Nimai Bali",Ashok Gaekwad,7.1,#1a3a1a,126
3002,Jai Gangaajal,2016,"Crime, Drama",A newly appointed Senior Inspector finds herself against very powerful goons and having people from her own department against her.,"Priyanka Chopra Jonas, Prakash Jha, Manav Kaul, Ninad Kamat",Prakash Jha,8.4,#1a3a1a,110
3003,Yudh,1985,"Action, Crime, Drama","Savitri's twin sons get s abducted by a criminal named Gama Mating. In need of a son, Savitri adopt a young boy, but searches frantically for her twin babies. Years later her adopted son ...                See full summary »","Jackie Shroff, Anil Kapoor, Tina Ambani, Nutan",Rajiv Rai,8.4,#e94560,162
3004,Knock Out,2010,"Action, Crime, Drama","Hidden with a mysterious agenda, a sniper holds a businessman hostage in a closed phone booth, where he is ordered to obey the sniper or he will be killed.","Sanjay Dutt, Irrfan Khan, Kangana Ranaut, Gulshan Grover",Mani Shankar,8.6,#3a2a1a,127
3005,London Paris New York,2012,Romance,"Nikhil and Lalitha are two completely different individuals who are drawn to each other in spite of their differences -- or perhaps because of it. Follow their journey as they meet in London, Paris and New York for a night in each city.","Ali Zafar, Aditi Rao Hydari, Candice Pereira, Scherrikar Bell",Anu Menon,7.3,#1a1a1a,111
3006,Vampires of Vijay Nagar,2000,"Comedy, Horror, Thriller","A determined historian, sifts through old manuscripts, seeking clues about the mysterious legends of vampires in Vijay Nagar.","Samantha Ruth Prabhu, Ayushmann Khurrana, Aparshakti Khurana, Sapthami Gowda",Amar Kaushik,8.2,#3a2a1a,150
3007,Khudgarz,1987,Drama,"Sita Sinha watches as her young son, Bihari fights another young, wealthy lad, Amar for spattering dirt on his body using his car. Sita then intervene, separates both, take them to her ...                See full summary »","Jeetendra, Shatrughan Sinha, Bhanupriya, Amrita Singh",Rakesh Roshan,6.7,#1a1a1a,149
3008,Bol Radha Bol,1992,"Action, Comedy, Crime",A man returning from a trip discovers that an impostor has taken over his life.,"Rishi Kapoor, Juhi Chawla, Kader Khan, Shakti Kapoor",David Dhawan,6.9,#4a3a1a,119
3009,Junglee,2019,"Action, Adventure, Thriller","The story revolves around a vet, who on his homecoming to his father's elephant reserve, encounters and fights an international poachers racket.","Vidyut Jammwal, Lars Kjeldsen, Asha Bhat, Vishwanath Chatterjee",Chuck Russell,6.0,#4a3a1a,115
3010,Thangalaan,2024,"Action, Adventure, Drama","Based on the true events that revolve around the lives of mine workers in the Kolar Gold Fields, Karnataka.","Vikram, Parvathy Thiruvothu, Malavika Mohanan, Pasupathy",Pa. Ranjith,8.4,#4a1a4a,162
3011,Irudhi Suttru,2016,"Action, Drama, Sport",The story of a former boxer who quits boxing following a fallout with the authorities over the underlying politics but goes on to coach a fisherwoman to fulfill his dream through her.,"Madhavan, Nassar, Radha Ravi, Kaali Venkat",Sudha Kongara,7.8,#533483,111
3012,World Famous Lover,2020,"Comedy, Drama, Romance","An amalgamation of four different love stories: Seenayya and Suvarna, a middle-class couple in a small town; Gautham, a youngster romancing in Paris with Iza, Union Leader Srinu in love with his boss lady, and a first college romance.","Vijay Deverakonda, Raashi Khanna, Aishwarya Rajesh, Catherine Tresa",Kranthi Madhav,6.5,#4a4a1a,148
3013,Chupke Chupke,1975,"Comedy, Drama, Romance",A newly wedded husband plays a practical joke on his wife's family with full support from his wife and friends.,"Dharmendra, Sharmila Tagore, Amitabh Bachchan, Jaya Bachchan",Hrishikesh Mukherjee,8.2,#1a3a4a,137
3014,Jahaan Chaar Yaar,2022,"Comedy, Drama",The journey of four married friends who set off to Goa seeking solace from their ordinary lives and find themselves in - an extraordinary adventure,"Swara Bhasker, Meher Vij, Shikha Talsania, Pooja Chopra",Kamal Pandey,8.6,#2d4a22,117
3015,Dil Dosti Etc,2007,"Comedy, Crime, Drama","Two college boys from diverse backgrounds believe that since time is on their side, anything is possible. Consequently, their arrogance leads them to challenge each other to prove their efficiencies.","Imaaduddin Shah, Shreyas Talpade, Smriti Mishra, Nikita Anand",Manish Tiwary,7.4,#1a1a1a,114
3016,Krazzy 4,2008,"Comedy, Crime, Drama",4 mental patients formulate the plan to rescue their kidnapped doctor and teach the kidnappers a lesson.,"Juhi Chawla, Irrfan Khan, Arshad Warsi, Rajpal Naurang Yadav",Jaideep Sen,8.6,#1a2a1a,126
3017,Anupama,1966,"Drama, Romance","Mohan Sharma (Tarun Bose) is a workaholic whose life changes dramatically after his wife dies giving birth to their daughter Uma (Sharmila Tagore). He despises the daughter by day, and ...                See full summary »","Dharmendra, Sharmila Tagore, Shashikala Jawalkar, Deven Verma",Hrishikesh Mukherjee,7.3,#0f3460,129
3018,Chacha Bhatija,1977,"Action, Comedy, Drama","Teja's family consists of himself, his wife, Sita, his brother, Shanker, and a son, Sunder. They all live happily. Things take a turn for the worse, when Sita passes away. Teja decides to ...                See full summary »","Dharmendra, Hema Malini, Randhir Kapoor, Yogeeta Bali",Manmohan Desai,7.2,#1a3a4a,146
3019,Patthar Ke Phool,1991,"Action, Drama, Romance",A young police officer and the daughter of a gangster fall in love at first sight.,"Salman Khan, Raveena Tandon, Kiran Kumar, Manohar Singh",Anant Balani,7.2,#533483,144
3020,The Death Sentence: Mrityu Dand,1997,"Action, Drama",Three women are sentenced to Death as they dare to speak out and threaten to break the Status Quo of a male dominated society.,"Shabana Azmi, Madhuri Dixit, Ayub Khan, Shilpa Shirodkar",Prakash Jha,7.1,#2a2a1a,146
3021,The Fighter Suman,2023,"Action, Drama","The Fighter Suman is a captivating love story with a twist. Suman, the son of a wealthy businessman, falls in love with a girl named Pooja, only to have her mysteriously killed. Devastated,...                See full summary »","Rajani Bharadwaj, Zayleen Ganapathy, Dharma Keerthiraj, Nimika Ratnakar",Ravi Sagar M,7.9,#1a3a1a,137
3022,Shor,1972,Drama,"Shankar (Manoj Kumar), his lovely wife Geeta (Nanda) and Deepak (Master Satyajeet) are a poor but happy family. Tragedy strikes one day, when Deepak wonders over to the railway tracks. When...                See full summary »","Manoj Kumar, Jaya Bachchan, Premnath Malhotra, Kamini Kaushal",Manoj Kumar,6.6,#1a1a3a,133
3023,Batwara,1989,"Action, Drama","In India circa after the British Rule, there is a princely family consisting of Bade Thakur (Shammi Kapoor), his sons Devan (Vijayendra Ghatge), Vikram Singh (Vinod Khanna), and a third son...                See full summary »","Dharmendra, Vinod Khanna, Dimple Kapadia, Poonam Dhillon",J.P. Dutta,5.9,#e94560,130
3024,Bullett Raja,2013,"Action, Crime, Drama","A common man who transforms into a gangster revolts against the very system he once obediently followed by declaring war on the police, the government, and the industrialists.","Saif Ali Khan, Sonakshi Sinha, Vidyut Jammwal, Jimmy Shergill","Tigmanshu Dhulia, Ajit Sable, Sanjiv Trigunayat",7.3,#533483,120
3025,Unfreedom,2014,"Crime, Drama, Romance",A lesbian daughter fights off an arranged marriage in India while a religious fundamentalist targets an anti-extremist scholar in New York.,"Victor Banerjee, Adil Hussain, Bhanu Uday, Preeti Gupta",Raj Amit Kumar,6.9,#1a1a1a,162
3026,Aaja Nachle,2007,"Drama, Family, Music",Dia's dance teacher is dying. She returns to the town where she learnt to live and dance and most importantly to save the endangered Ajanta theatre.,"Madhuri Dixit, Darshan Jariwala, Raghubir Yadav, Divya Dutta",Anil Mehta,7.3,#4a4a1a,147
3027,Albert Pinto Ko Gussa Kyon Ata Hai,1980,"Comedy, Drama, Romance",A man from Mumbai (then Bombay) is angry about various issues in different circumstances.,"Naseeruddin Shah, Shabana Azmi, Smita Patil, Dilip Dhawan",Saeed Akhtar Mirza,7.7,#1a3a1a,148
3028,Angaaray,1998,"Action, Crime, Drama","A Bangalore-based police officer is told to go undercover in Mumbai, infiltrate the gang run by his childhood friends and bring them to justice.","Akshay Kumar, Nagarjuna Akkineni, Pooja Bhatt, Sonali Bendre",Mahesh Bhatt,6.8,#1a1a3a,125
3029,Jeene Nahi Doonga,1984,Action,"Bitter animosity and hatred has existed between the communities of Jangavar and Dilavar. While Dilavar's Roshan wants to bring peace between everyone, he sets an example by marrying Chandni...                See full summary »","Dharmendra, Shatrughan Sinha, Raj Babbar, Anita Raj",Rajkumar Kohli,8.6,#1a2a1a,114
3030,Woh 3 Din,2022,Drama,an uncomplicated man with few uncomplicated dreams - Sanjay Mishra as Rikshaw Driver.,"Parnika Chandak, Shobha Gavane, Thulla Khan, Ayush Kumar",Raaj Aashoo,7.4,#0f3460,116
3031,Testing Movie1,2015,"Animation, Adventure, Family",testing one from prod trivial trivia from 2010,"Dom Fantana, Marty Bower, Paul Ohlhaut, Justin Campbell","Dom Fantana, James Hannay, James P Savage, Ruarc Sorensen, Timothy Fantastic, Elise Huard",8.6,#4a3a1a,164
3032,Mujhse Fraaandship Karoge,2011,"Comedy, Drama, Romance","When you can't make it on your own, the best thing to do is to fake it. But, the question remains, how long can you fake true love?","Saqib Saleem, Saba Azad, Nishant Dahiya, Tara D'Souza",Nupur Asthana,6.3,#4a3a1a,139
3033,Quotation Gang,2000,"Crime, Thriller",The film revolves around a bold female contract killer. She takes up the crime syndicate and fights for power. An incident changed her life upside down.,"Priyamani, Sunny Leone, Jackie Shroff, V. Jayaprakash",Vivek,6.8,#4a1a4a,121
3034,Mere Apne,1971,Drama,Anandi Devi is an old widow living in her village she is bought to the city by her distant relative Arun. Anandi Devi realizes that Arun and his wife wanted to keep her as a maid following ...                See full summary »,"Meena Kumari, Vinod Khanna, Shatrughan Sinha, Sumita Sanyal",Gulzar,7.9,#3a4a1a,144
3035,Teri Khata,2022,Drama,"A story of a husband cheating his wife, capturing her property and killing her father. The wife then hires a killer to carry out the killing and manage the situation.","Abhik Benazir, Ram Kumar Singh Bhadouria, Ravi Bhatia, Manish Chawla",Prashant Kumar Giri,6.2,#3a4a1a,115
3036,Fight Club: Members Only,2006,"Action, Crime, Drama","Four college friends starts an underground fight club in order to earn quick money, nevertheless they become suspects of a murder of a man, who turns out to be the mob boss' brother.","Suniel Shetty, Sohail Khan, Zayed Khan, Dino Morea","Abhay Chopra, Vikram Chopra",8.3,#16213e,161
3037,Hum To Mohabbat Karega,2000,"Action, Comedy, Romance","Raju, a waiter, is crazy about TV reporter, Geeta. During an investigation, in order to prolong their meetings, he bears false witness to a murder and misleads the police with a fake description.","Karisma Kapoor, Bobby Deol, Rohit Roy, Sadashiv Amrapurkar",Kundan Shah,7.5,#16213e,165
3038,Sanaa,2022,Drama,It follows an ambitious girl who is raging against an internal battle that is rooted in unhealed trauma.,"Radhika Madan, Pooja Bhatt, Shikha Talsania, Sohum Shah",Sudhanshu Saria,8.2,#16213e,160
3039,Karam,2005,"Action, Crime, Drama","A guilt-ridden hit man tries to quit his job after a traumatic killing, before his boss kidnaps his wife in order to make him do one last job.","John Abraham, Priyanka Chopra Jonas, Bharat Dabholkar, Vishwajeet Pradhan",Sanjay F. Gupta,6.6,#1a1a3a,155
3040,Majboor,1974,"Drama, Mystery, Thriller","A terminally ill man frames himself for murder to allow his family to collect the reward money. After a successful operation, he escapes police custody and searches for the real killer.","Amitabh Bachchan, Parveen Babi, Pran Sikand, Farida Jalal",Ravi Tandon,8.3,#4a1a1a,142
3041,Pran Jaaye Par Shaan Na Jaaye,2003,"Comedy, Drama",Aman Joshi (Aman Verma) is on a research assignment. His subject is the chawl dwellers in Bombay City. He rents a small tenement there and talks to the people living there. He soon gets ...                See full summary »,"Raveena Tandon, Namrata Shirodkar, Rinke Khanna, Divya Dutta",Sanjay Jha,8.0,#1a4a1a,149
3042,Lootere,1993,"Action, Romance, Thriller",A police officer is tasked with protecting a murder witness.,"Sunny Deol, Juhi Chawla, Dinesh Anand, Pooja Bedi",Dharmesh Darshan,8.1,#4a4a1a,143
3043,Chand Sa Roshan Chehra,2005,Romance,Teen lovers are separated by parental snobbery; their efforts to reunite drive the plot.,"Samir Aftab, Shabbir Ahluwalia, Shahid Ahmed, Talat Aziz",Shahab Shamsi,7.2,#1a3a1a,142
3044,Bobby,1973,"Comedy, Musical, Romance","Raj, the son of strict, wealthy parents, falls in love with Bobby, the daughter of a poor Christian fisherman -- a romance his parents oppose.","Dimple Kapadia, Rishi Kapoor, Pran Sikand, Premnath Malhotra",Raj Kapoor,5.9,#3a2a1a,133
3045,Dhruva,2016,"Action, Crime, Thriller","A committed police officer is on a very dangerous mission to destroy the most corrupt person in the country, Siddharth Abhimanyu.","Ram Charan, Arvind Swami, Rakul Preet Singh, Navdeep",Surender Reddy,7.0,#3a2a1a,127
3046,Regina,2023,"Crime, Thriller","Regina is an upright and straightforward girl whose world revolves around her father. However, things change when her father gets killed. She soon gets married to Jo, an employee at a Private bank. What will happen when Jo dies too?","Sunaina, Ananth Nag, Nivas Adithan, Vivek Prasanna",Domin D'Silva,8.4,#4a4a1a,153
3047,Bhopal: A Prayer for Rain,2014,Drama,"Interwoven stories of people in India and US as they face dilemmas of life time in the months leading to the biggest Industrial disaster in human history that claimed 10,000 innocent lives within a few hours. Inspired by real events.","Mischa Barton, Martin Sheen, Kal Penn, Lisa Dwan",Ravi Kumar,6.4,#3a4a1a,124
3048,Saindhav,2023,"Action, Crime, Drama",Add a Plot,"Nawazuddin Siddiqui, Ruhani Sharma, Venkatesh Daggubati, Arya",Sailesh Kolanu,7.3,#1a1a3a,135
3049,Christopher,2023,"Action, Crime, Drama","A maverick cop is forced to work outside the limits of law, when the system fails.The story weaves across the past and present while revealing the motives that shape his actions.","Mammootty, Vinay Rai, Shine Tom Chacko, Jinu Joseph",B. Unnikrishnan,7.5,#4a1a4a,114
3050,Pyaar Impossible!,2010,"Comedy, Romance",Everybody loves beautiful Alisha and it's no surprise that nerdy Abhay loves her too but she doesn't know he exists until years later their paths cross.,"Priyanka Chopra Jonas, Anupam Kher, Dino Morea, Uday Chopra",Jugal Hansraj,6.7,#1a3a1a,143
3051,Insaf Ka Tarazu,1980,"Crime, Drama","Ramesh, a businessman, is arrested for molesting Bharati, a beauty queen. She is later accused of murdering him and arrested. The events that unfold show what compelled her to do so.","Zeenat Aman, Raj Babbar, Deepak Parashar, Padmini Kolhapure",B.R. Chopra,6.7,#4a1a4a,145
3052,Sanjog,1985,Drama,"Bombay-bred Narain goes to a village, where he meets and falls in love with a village belle, Yashodra. She also is attracted to him, and both get married. After their marriage, both go to ...                See full summary »","Jeetendra, Jaya Prada, Vinod Mehra, Aruna Irani",K. Viswanath,8.1,#1a1a2e,122
3053,Kyun! Ho Gaya Na...,2004,"Comedy, Drama, Romance","A woman decides to marry her childhood friend, after getting her heart broken by her sweetheart.","Amitabh Bachchan, Vivek Oberoi, Aishwarya Rai Bachchan, Om Puri",Samir Karnik,8.6,#4a1a1a,141
3054,Netaji Subhas Chandra Bose: The Forgotten Hero,2005,"Biography, Drama, History","The film, which is about the last five years of the Indian leader Subhas Chandra's life, also includes his life's story in flashback sequences.","Vinay Anand, Ila Arun, Pankaj Berry, Nicolas Chagrin",Shyam Benegal,8.4,#4a4a1a,120
3055,Sector Balakot,2023,War,"The story begins with a Shootout scene where NIA officers are on raid to a secret location in Jungle where 8 Terrorists and 1 Master mind is hiding, who are planning a Big event before the ...                See full synopsis »","Elakshi A Gupta, Vipul Gupta, Ridoyanul Hoq, Puneet Issar",Hitesh Paulbhai Khristy,5.9,#e94560,113
3056,Nibunan,2017,"Action, Crime, Thriller","Along with his partners Inspector Joseph and Vandhana, DSP Ranjith Kalidoss attempts to hunt down a psychotic killer before realizing he's himself suffering from an unwanted disorder.","Arjun Sarja, Prasanna, Varalaxmi Sarathkumar, Sruthi Hariharan",Arun Vaidyanathan,8.0,#1a3a4a,151
3057,Anari,1993,"Comedy, Drama, Romance","A rich girl appoints a simpleton, as her bodyguard. She soon falls in love with him, which creates havoc in his life.","Rakhee Gulzar, Venkatesh Daggubati, Karisma Kapoor, Suresh Oberoi",K. Muralimohana Rao,5.9,#1a3a4a,117
3058,MCA Middle Class Abbayi,2017,"Action, Comedy","A youngster tries to protect his sister-in-law, a transport official, from a dreaded goon who runs an illegal road transport business.","Nani, Sai Pallavi, Bhoomika Chawla, Rajeev Kanakala",Venu Sriram,6.1,#2a2a1a,156
3059,Music Teacher,2019,"Drama, Romance",A dejected small-town music teacher grapples with guilt and regret when his ex-pupil who once loved him returns home as the star he always wanted to be.,"Divya Dutta, Neena Gupta, Manav Kaul, Niharika Lyra Dutt",Sarthak Dasgupta,5.9,#3a4a1a,162
3060,Taxi No. 9 2 11: Nau Do Gyarah,2006,"Comedy, Drama, Thriller",A cabbie (Patekar) and businessman (Abraham) both in need of big money partake in a two-hour adventure together.,"John Abraham, Nana Patekar, Sonali Kulkarni, Sameera Reddy",Milan Luthria,7.6,#0f3460,143
3061,Shatranj Ke Khilari,1977,"Comedy, Drama, History","Wazed Ali Shah was the ruler of one of the last independent kingdoms of India. The British, intent on controlling this rich country, had sent General Outram on a secret mission to clear the...                See full summary »","Sanjeev Kumar, Saeed Jaffrey, Shabana Azmi, Farida Jalal",Satyajit Ray,8.3,#1a1a3a,130
3062,Main Khiladi Tu Anari,1994,"Action, Comedy, Drama",A Bombay police officer seeks revenge when his brother is killed by a powerful underworld figure. Things get complicated when a matinee movie idol begins to shadow the policeman so he can research a movie role.,"Akshay Kumar, Saif Ali Khan, Shilpa Shetty Kundra, Raageshwari",Sameer Malkan,6.7,#2a2a1a,119
3063,Sangam,1964,"Drama, Musical, Romance","Returning home from war after being assumed dead, a pilot weds the woman he has long loved, unaware that she had been planning to marry his best friend.","Raj Kapoor, Rajendra Kumar Tuli, Vyjayanthimala, Iftekhar",Raj Kapoor,6.2,#2d4a22,134
3064,Satte Pe Satta,1982,"Action, Comedy, Drama","The eldest of seven brothers, who run a family farm together, marries a pretty nurse, inspiring his country-bumpkin siblings to follow his example.","Amitabh Bachchan, Hema Malini, Ranjeeta Kaur, Amjad Khan",Raj N. Sippy,7.9,#1a1a3a,153
3065,D Company,2021,"Action, Crime, Thriller","The biggest saga of the year is about to unfold the dark side of India's underworld enterprise. The film will showcase the true story behind India's biggest underworld enterprise, D Company...                See full summary »","Sandeep Bose, Abhilash Chaudhary, Gaurav Daagar, Pranay Dixit",Ram Gopal Varma,6.7,#16213e,146
3066,The Test,2000,Sport,Add a Plot,"Nayanthara, Madhavan, Siddharth, Meera Jasmine",S. Sashikanth,6.1,#4a4a1a,137
3067,Red: The Dark Side,2007,"Drama, Romance, Thriller","Neel has a fatal heart ailment. Luckily, He gets a heart transplant. After this surgery, he meets Anahita.","Aftab Shivdasani, Celina Jaitly, Amrita Arora, Amin Hajee",Vikram Bhatt,6.9,#16213e,145
3068,Fool N Final,2007,"Action, Comedy, Crime",A bunch of misfits and gangsters embarks on a journey to find a lost and stolen diamond.,"Sunny Deol, Shahid Kapoor, Vivek Oberoi, Ayesha Takia",Ahmed Khan,6.8,#16213e,149
3069,Home Delivery: Aapko... Ghar Tak,2005,"Comedy, Romance","Sunny Malhotra (Vivek Oberoi) is a 28 year old writer who has carved a name for himself as a popular agony uncle, named Gyan Guru, writing for the Times of Hindustan. Sunny also managed to ...                See full summary »","Vivek Oberoi, Mahima Chaudhry, Ayesha Takia, Boman Irani",Sujoy Ghosh,7.7,#1a3a1a,133
3070,Vaah! Life Ho Toh Aisi!,2005,"Comedy, Drama, Family",Adi Chachu faces a dilemma - and it's a big one! What if YOU were told by the God of Death himself you had only 15 minutes of life left? What would YOU do?!,"Shahid Kapoor, Amrita Rao, Sanjay Dutt, Arshad Warsi",Mahesh Manjrekar,7.3,#16213e,117
3071,Khandaani Shafakhana,2019,"Comedy, Drama",A feisty girl from Punjab tries to continue her family traditions by opening a sex clinic to help and aware others in her hometown.,"Sonakshi Sinha, Badshah, Varun Sharma, Priyansh Jora",Shilpi Dasgupta,8.1,#2a2a1a,144
3072,Hostel,2011,"Action, Crime, Drama","An Engineering student is molested, beaten and humiliated when he goes to reside in a hostel.","Vatsal Sheth, Tulip Joshi, Mukesh Tiwari, Nagesh Bhonsle",Manish Gupta,8.7,#1a1a3a,149
3073,Lucknow Central,2017,"Action, Crime, Drama","When an innocent man aspiring to be a musician is framed for committing a murder, he decides to form a music band with his co-prisoners for a competition, but his real intention seems to be different.","Farhan Akhtar, Diana Penty, Ronit Roy, Gippy Grewal",Ranjit Tewari,6.5,#1a1a3a,128
3074,Tere Naal Love Ho Gaya,2012,"Comedy, Drama, Romance","Mini isn't eager to wed the rich suitor who's been chosen for her, so she stages her own kidnapping and runs off with a man who works for her father.","Riteish Deshmukh, Genelia Deshmukh, Om Puri, Tinnu Anand",Mandeep Kumar,7.2,#2a2a1a,155
3075,M.... Matric Pass,2014,"Drama, Romance",A film about an Innocent Girl trapped in Delhi Sex Scandal,"Seema Dogra, Paras Sharma, Sushma Sharma, Kaash Sherawat",Suresh Jain,7.0,#1a3a1a,125
3076,Children of War,2014,"Drama, History, War",Would you go to war for peace? A war child's search for acceptance and a nation inundated in blood.,"Farooq Shaikh, Victor Banerjee, Pawan Malhotra, Indraneil Sengupta",Mrityunjay Devvrat,7.8,#1a3a1a,155
3077,Anjaana,1969,Romance,"Raju lives with his widowed mother, Janki, in a small town and works as garage mechanic. One day he meets with wealthy Rachna Malhotra, and after a few misunderstandings, both fall in love ...                See full summary »","Rajendra Kumar Tuli, Babita Kapoor, Pran Sikand, Prem Chopra",Mohan Kumar,7.6,#3a2a1a,118
3078,Mirzya,2016,"Action, Drama, Fantasy","A horse groom reconnects with his childhood love, but she is engaged to marry the local prince.","Harshvardhan Kapoor, Saiyami Kher, Art Malik, Anuj Choudhry",Rakeysh Omprakash Mehra,6.1,#3a2a1a,141
3079,Boyfriend.com,2018,Drama,Add a Plot,"Harshvardhan Kapoor, Saiyami Kher, Art Malik, Anuj Choudhry",Rakeysh Omprakash Mehra,7.5,#1a1a1a,158
3080,Mera Saaya,1966,"Drama, Musical, Mystery","A lawyer's wife dies in his arms. Yet, another woman - identical in appearance and accused of aiding a gang of bandits - claims to be the lawyer's wife. A courtroom drama ensues.","Sunil Dutt, Sadhana Shivdasani, Jagdish Sethi, K.N. Singh",Raj Khosla,7.2,#e94560,134
3081,Mere Dad Ki Maruti,2013,"Comedy, Drama, Romance","In the midst of a loud Punjabi wedding, a boy sneaks his dad's fancy new car to impress the college hottie and all hell breaks loose when he loses it.","Saqib Saleem, Rhea Chakraborty, Ram Kapoor, Prabal Panjabi",Ashima Chibber,7.8,#4a1a1a,165
3082,Shubh Nikah,2023,"Comedy, Drama, Family","Families of two different cultures join hands and come together for love, humanity, and peace with a strong message of national integrity","Aksha Pardasany, Rohit Vikkram, Arsh Sandhu, Kunwar Aziz",Arshad Siddiqui,6.4,#1a2a1a,137
3083,School Romance: Pure Love Web Series,2021,Romance,Add a Plot,"Shivaay Aryan, Sadhna Baksh, Riya Bhagat, Asim Hussain",Alfa Aryan,7.6,#1a1a1a,118
3084,Andolan,1995,"Action, Comedy, Drama","Collegian Adarsh and his elder brother, Aniket paves two different path ways leading to the same goals when they excel in studies leading to bright futures only to find their respective ...                See full summary »","Sanjay Dutt, Govinda, Somy Ali, Mamta Kulkarni",Aziz Sejawal,8.7,#0f3460,160
3085,Gumnaami,2019,"Action, Drama, History",Gumnaami is a film based on the Mukherjee Commission Hearings which happened from 1999 to 2005 where the three theories about Netaji Subhas Chandra Bose's death were discussed and debated.,"Prasenjit Chatterjee, Anirban Bhattacharya, Tanushree Chakraborty, Sanjay Gurbaxani",Srijit Mukherji,7.1,#1a2a1a,140
3086,Dobaara,2018,"Drama, Romance","22-year-old Parvathy is a free-spirited girl who loves to live life on her terms. However, when she is left with no option but to tie the knot with a man of her parents' choice, her life ...                See full summary »","Aishwarya Arora, Manav Kaul, Parvathy Omanakuttan",Bejoy Nambiar,7.8,#2a2a1a,157
3087,"Main, Meri Patni... Aur Woh!",2005,"Comedy, Drama, Romance","A short, nondescript man, Mithilesh Shukla marries a tall and beautiful woman. Now jealousy and Mithilesh's own insecurities threaten to wreck his happy home.","Rajpal Naurang Yadav, Rituparna Sengupta, Naseeruddin Shah, Kay Kay Menon",Chandan Arora,7.5,#4a1a4a,138
3088,Guddi,1971,"Drama, Comedy, Family","A teenage girl will not accept her family's attempt to arrange a marriage for her, as her heart is currently too full of love for the movies and heartthrob actor ""Dharmendra.""","Dharmendra, Jaya Bachchan, Sumita Sanyal, Utpal Dutt",Hrishikesh Mukherjee,7.9,#1a2a1a,131
3089,Shagird,2011,"Action, Crime, Drama","A rookie cop questions the tactics of his superior, and attempts to track the abductors of his girlfriend.","Nana Patekar, Mohit Ahlawat, Rimi Sen, Anurag Kashyap",Tigmanshu Dhulia,8.6,#4a4a1a,144
3090,Ishaqzaade,2012,"Action, Drama, Romance",A love story of a passion ignited by hatred. Of two people. Born to hate. Destined to love.,"Arjun Kapoor, Parineeti Chopra, Gauahar Khan, Anil Rastogi",Habib Faisal,7.2,#1a1a1a,118
3091,Do Anjaane,1976,Drama,A man (Amitabh Bachchan) is found wounded on railway tracks and when he awakens he has no memory of who he is and doesn't remember anything about his life. Six years later he is living with...                See full summary »,"Amitabh Bachchan, Rekha, Prem Chopra, Pradeep Kumar",Dulal Guha,6.1,#2d4a22,125
3092,Chalta Purza,1977,"Action, Thriller","Rajesh Khanna plays the role of Amar an unemployed struggle in life, just because he believes in honesty. Ammar's eyes open when his mother dies in a car accident. He realizes that his ...                See full summary »","Rajesh Khanna, Parveen Babi, Rakesh Roshan, Ajit Khan",Bhappi Sonie,7.9,#0f3460,127
3093,Safar,1970,"Drama, Romance",Dr Neela is asked to assist in a a surgery by her senior Dr Chandra but the patient passes away and Dr Chandra tells her that patient had zero chances of survival and he asked her to ...                See full summary »,"Rajesh Khanna, Sharmila Tagore, Feroz Khan, Ashok Kumar",Asit Sen,7.1,#1a1a3a,146
3094,Badhaai Ho Badhaai,2002,"Comedy, Drama, Musical","The D'Souza and Chaddha families are neighbors and have been good friends for as long as they can remember; despite their diverse religious and cultural beliefs, they celebrate Diwali and ...                See full summary »","Anil Kapoor, Rana Jung Bahadur, S.K. Batra, Panni Chatterjee",Satish Kaushik,6.3,#1a3a1a,116
3095,Tera Intezaar,2017,"Romance, Thriller",A woman sets out to uncover how her lover went missing.,"Arbaaz Khan, Sunny Leone, Bhani Singh, Salil Ankola",Raajeev Walia,7.3,#3a4a1a,159
3096,Sehra,1963,"Drama, Romance","This vintage Bollywood drama centers on a courageous girl named Angara, who finds herself torn between true love and loyalty to her gypsy band and her father when she falls for Vikram, a warrior from a rival clan.","Sandhya, Lalita Pawar, Prashanth, Mumtaz Askari",Shantaram Rajaram Vankudre,8.0,#1a3a4a,161
3097,Welcome to Sajjanpur,2008,"Comedy, Drama","An educated man spends his days writing letters for the varied inhabitants of his small, poor, and illiterate village, in this political and social satire.","Shreyas Talpade, Amrita Rao, Ravi Kishan, Ila Arun",Shyam Benegal,7.6,#1a4a1a,136
3098,Ram-Avtar,1988,"Action, Drama, Romance",Ram and Avtar are both childhood best friends. The difference between the two friends is that Ram would willingly make priceless sacrifice for his friend; the time when both are separated ...                See full summary »,"Sunny Deol, Anil Kapoor, Sridevi, Shakti Kapoor",Sunil Hingorani,6.8,#1a1a3a,144
3099,Mosagallu,2021,"Crime, Drama, Thriller",The story of the world's biggest I.T. scam.,"Vishnu Manchu, Kajal Aggarwal, Suniel Shetty, Ruhi Singh",Jeffrey Gee Chin,8.4,#1a1a2e,120
3100,Sardar Ka Grandson,2021,"Comedy, Drama, Romance",A devoted grandson embarks on a complicated and comic journey to fulfill his ailing grandmother's last wish.,"John Abraham, Rakul Preet Singh, Aditi Rao Hydari, Arjun Kapoor",Kaashvi Nair,8.1,#1a4a1a,152
3101,Always Kabhi Kabhi,2011,"Comedy, Crime, Drama","A story centered on four students coming of age during a year at their school, St. Marks.","Samir Chandra, Lillete Dubey, Satyajeet Dubey, Ali Fazal",Roshan Abbas,8.7,#2d4a22,119
3102,Xcuse Me,2003,Comedy,"Chantu and Bantu are two meddling friends who join a hotel management program in Goa by deceit. During their training, they expose the illicit activities of many hotel personnel and guests.","Sharman Joshi, Sahil Khan, Anil Chaudhary, Snehal Dabi",N. Chandra,7.4,#1a3a1a,134
3103,Chuhiya,2022,Drama,"This Story is the most comprehensive look at the Education System, Caste System and Gender Inequality in India. Motivated by ancient religious edicts, no amount of governmental ...                See full summary »","Hyder Kazmi, Onkar Das Manikpuri, Anupama Prakash, Akshay Verma",Hyder Kazmi,5.9,#4a3a1a,118
3104,Dillagi,1999,"Drama, Musical, Romance","When Ranvir, the responsible elder brother of a middle-class Indian family, realises that his reckless younger brother Rajvir is in love, he arranges for Rajvir's marriage, not realising that the girl is the same person he is in love with.","Sunny Deol, Bobby Deol, Urmila Matondkar, Dara Singh Randhawa",Sunny Deol,6.3,#1a1a2e,127
3105,Love Love Love,1989,"Drama, Romance","Amit, the son of a taxi driver, and Reema, a rich business man's daughter, fall in love. However Reema's father wants to marry her to Vicky, who's father is the biggest gangster in Mumbai. How will their love triumph?","Aamir Khan, Juhi Chawla, Gulshan Grover, Dalip Tahil",Babbar Subhash,8.5,#4a1a4a,148
3106,Raaz 3: The Third Dimension,2012,"Horror, Romance, Thriller","When an ingénue's sudden popularity threatens to shove her out of the spotlight, a movie star uses black magic in an attempt to derail her career.","Bipasha Basu, Emraan Hashmi, Esha Gupta, Samir Chandra",Vikram Bhatt,6.6,#4a3a1a,143
3107,Ragini MMS,2011,"Drama, Horror, Mystery","Out to relax and have fun at a farmhouse, a couple experience horror at the hands of an unknown entity.","Kainaz Motivala, Rajkummar Rao, Rajat Kaul, Janice",Pavan Kirpalani,6.4,#1a3a1a,135
3108,Lakeer Ka Fakeer,2013,Crime,"The film revolves around the lives of three friends-cum-petty crooks whose biggest crime is the fact that they reside in Mumbai's notorious area, where nefarious activities of the organized-crime syndicates take shape.","Vinod Acharya, Vicky Ahuja, Saaikat Bagbaan, Ajaz Khan",Zubair Khan,6.2,#4a4a1a,159
3109,Yeh Dillagi,1994,"Comedy, Drama, Musical",A poor girl is rebuked by a rich boy. She leaves town to return successful and rich. He falls for her but his brother is already in love with the girl.,"Kajol, Akshay Kumar, Saif Ali Khan, Saeed Jaffrey",Naresh Malhotra,6.6,#e94560,121
3110,Suspect,2022,"Crime, Drama",Three bachelors used to stay in a row house. They are fond of illegal activities One of the bachelor takes revenge to other flatmates for Her family past. Her neighbour and family members end up saving her for her innocent revenge.,"Pritesh Bharucha, Mousumi Das, Kanika Gaba, Neeraj Gurjar","Sudhir Tandel, Prakash Vora",5.9,#1a1a1a,127
3111,Parwana,1971,"Romance, Thriller","Kumar Sen is an artist of eminence, a talented painter, and a renowned sculptor; and like the majority of his clan, he has a sensitive introvert. But no artist can achieve any degree of ...                See full summary »","Navin Nischol, Amitabh Bachchan, Yogeeta Bali, Om Prakash",Jyoti Swaroop,8.8,#533483,152
3112,#Mute,2023,Thriller,A lone divorcee sets the race against time to search for the person that shattered her life.,"Archana Jois, Sidhaartha Maadhyamika, Aadukalam Naren, Tejus Venkatesh",Prashantt Chandraah,6.9,#533483,128
3113,Gulaab Gang,2014,"Action, Drama",A fearless woman fights social injustice; creating a sanctuary for abused women and battling a crooked politician.,"Madhuri Dixit, Juhi Chawla, Divya Jagdale, Priyanka Bose",Soumik Sen,5.9,#1a4a1a,125
3114,Yaraana,1995,"Drama, Romance, Thriller",Lalita (Madhuri Dixit) catches the eye of J.B. (Raj Babbar) and he immediately falls in love with her and decides he must marry her. He bribes Lalita's uncle Madanlal (Tej Sapru) into ...                See full summary »,"Rishi Kapoor, Madhuri Dixit, Raj Babbar, Kader Khan",David Dhawan,6.1,#e94560,127
3115,MSG: The Messenger of God,2015,"Action, Comedy, Drama",Guru Ji is a social reformer who works to help people fight against social evils.,"Gurmeet Ram Rahim Singh, Daniel Kaleb, Flora Saini, Jayshree Soni","Jeetu Arora, Gurmeet Ram Rahim Singh",8.1,#2a2a1a,161
3116,Kaantha,2000,Drama,Plot under wraps.,Dulquer Salmaan,Selvamani Selvaraj,8.4,#2a2a1a,110
3117,Maa,1992,"Drama, Fantasy, Horror","A multi-millionaire, Ram Khanna, is advised by a fake astrologer that he will meet and marry a woman whose name will start with ""M"". Ram does meet Mamta, and they both fall in love. Ram ...                See full summary »","Jeetendra, Jaya Prada, Aruna Irani, Sahila Chaddha",Ajay Kashyap,6.7,#16213e,154
3118,Tadapti Jawani,2005,Thriller,Kaajal's husband has to join the army as war is about to start and Kaajal develops feelings for Manohar who saved her from an accident. There is also Maya and Kamini fighting for Manohar's ...                See full summary »,"Poonam Dasgupta, Rajesh Sabharwal, Aman Sagar",Jaspal Neelam,6.5,#16213e,151
3119,Bewafai,1985,"Drama, Romance","Asha's jealousy gets the better of her when she finds out that the man she loves, Ashok, is showering his attention to other two girls, Vinny and Renu.","Rajesh Khanna, Rajinikanth, Tina Ambani, Padmini Kolhapure",R. Thyagaraajan,6.0,#1a3a4a,125
3120,God Tussi Great Ho,2008,"Comedy, Drama, Fantasy",A TV anchor keeps on blaming God for his unsuccessful life. God appears and he is given the God's Power for 10 days just to see how he manages to keep everyone happy.,"Amitabh Bachchan, Salman Khan, Priyanka Chopra Jonas, Anupam Kher",Rumi Jaffery,6.9,#1a3a1a,141
3121,Paar,1984,Drama,"This is Goutam Ghose's speculative commentary on poverty and exploitation in rural Bihar, based on Bengali story Paathi.","Naseeruddin Shah, Shabana Azmi, Utpal Dutt, Anil Chatterjee",Goutam Ghose,6.1,#0f3460,134
3122,Chori Chori,1956,"Comedy, Musical, Romance",A spoiled rich girl on the run travels with a reporter looking for a news scoop.,"Nargis, Raj Kapoor, Gope, Master Bhagwan",Anant Thakur,8.3,#1a1a3a,147
3123,Tamanna,1998,Drama,"In 1975 Mahim, Bombay, eunuch Tikku is the only child of yesteryear Bollywood actress Nazneen Begum, who has fallen upon hard times, is virtually destitute, and is dependent on Tikku, who ...                See full summary »","Paresh Rawal, Pooja Bhatt, Sharad S. Kapoor, Manoj Bajpayee",Mahesh Bhatt,5.8,#4a1a4a,125
3124,Haunted Evil Dead,2022,Horror,Ida and Albin are a happy couple. They set off to a cabin in the vast Swedish woodlands to have a fun holiday with their friends. But under the floorboards waits an evil from Sweden's dark past.,"Paresh Rawal, Pooja Bhatt, Sharad S. Kapoor, Manoj Bajpayee",Mahesh Bhatt,7.7,#3a2a1a,163
3125,Lal Baadshah,1999,"Action, Crime, Drama","Lal Singh (Amitabh Bachchan) lives with his mother (Nirupa Roy) in a small basti in Bombay and grows up with the poor and needy, who call him Lal Badshah. He's a helpful person dead-set ...                See full summary »","Amitabh Bachchan, Manisha Koirala, Shilpa Shetty Kundra, Shakti Kapoor",K.C. Bokadia,6.7,#4a1a1a,144
3126,Teesri Aankh,1982,"Action, Thriller","Childless Malti is married to a honest man, Kailash Nath, who one day brings home a newborn baby boy and asks her to take care of him. Malti names the boy Ashok, and brings him up as her ...                See full summary »","Dharmendra, Shatrughan Sinha, Zeenat Aman, Neetu Singh",Subodh Mukherji,5.9,#1a1a1a,163
3127,Phir Milenge,2004,Drama,Tamanna Sahni (Shilpa Shetty) is a dedicated staff member of a top advertising agency; her ideas and designs have mainly contributed to the agency's success. She leaves for a college ...                See full summary »,"Salman Khan, Abhishek Bachchan, Shilpa Shetty Kundra, Mita Vashisht",Revathi,6.2,#3a4a1a,141
3128,Karm,1977,"Drama, Family","Asha and Arvind are in love but are not allowed to marry by her astrologer father. They start living together and plan to start a family without getting married, but fate intervenes.","Rajesh Khanna, Vidya Sinha, Shabana Azmi, Govardhan Asrani",B.R. Chopra,7.0,#1a1a2e,158
3129,Millitary Raaj,1998,Action,"An army major is transferred to a training camp after being blamed by the police for doing their job. However, when the law and order worsens, the police ask him to take over the nation's security.","Mithun Chakraborty, Prem Chopra, Siddharth Dhawan, Irfan Kamal",Sanjay Sharma,7.9,#1a4a1a,147
3130,Jaan Tere Naam,1992,"Drama, Romance","Lovely Pinky Malhotra is a heart-breaker in the college where she studies, and has a number of young men who would lay down their lives for her. Amongst them are Sunil and Vicky. She is ...                See full summary »","Ronit Roy, Farheen, Sulabha Deshpande, Vijay Arora",Deepak Balraj Vij,7.9,#2a2a1a,139
3131,Madam Chief Minister,2021,Drama,The right of a woman to live with dignity has always been at crossroads with society's norms.,"Richa Chadha, Manav Kaul, Saurabh Shukla, Akshay Oberoi",Subhash Kapoor,7.2,#1a1a1a,155
3132,Sabse Bada Khiladi,1995,"Action, Crime, Thriller",A police officer impersonates his murdered twin brother in order to bring his killers to justice.,"Akshay Kumar, Mamta Kulkarni, Mohnish Behl, Avtar Gill",Umesh Mehra,6.4,#1a3a1a,163
3133,Chaalbaaz in London,2022,Comedy,"Chaalbaaz In London is a Bollywood comedy movie, directed by Pankaj Parashar. The cast of Chaalbaaz In London includes Shraddha Kapoor",Shraddha Kapoor,Pankaj Parashar,7.5,#0f3460,126
3134,Pyaar Diwana Hota Hai,2002,"Comedy, Drama, Romance",A villager pretends to be disabled in order to be near an NRI (Non-Resident Indian).,Shraddha Kapoor,Pankaj Parashar,6.2,#4a3a1a,140
3135,Bulandi,2000,"Action, Drama",A noble family presides over a small town in India.,"Anil Kapoor, Rekha, Raveena Tandon, Rajinikanth",Rama Rao Tatineni,8.0,#1a3a4a,157
3136,Bhakta Kannappa,2000,"Action, Adventure, Drama",Add a Plot,"Nayanthara, Prabhas, Madhoo, Vishnu Manchu",Mukesh Kumar Singh,6.8,#2d4a22,133
3137,Gaddaar,1995,"Action, Drama, Romance",Add a Plot,"Suniel Shetty, Harish, Sonali Bendre, Kiran Kumar",Raam Shetty,7.9,#1a2a1a,163
3138,Maa Beta,1962,"Comedy, Crime, Drama","Dependent on his elder brother, Bishan, Ganga and his wife, Rameshwari, are abused and asked to leave. They work hard, set up their own business, and soon become wealthy enough to even ...                See full summary »","Manoj Kumar, Ameeta, Vijay Dutt, Sheila Ramani",Lekhraj Bhakri,7.0,#3a2a1a,157
3139,Parvarish,1977,"Action, Crime, Drama","A policeman adopts the son of a bandit. A misunderstanding leads the officer's own biological son to believe he is the bandit's son and he takes up a secret life of crime; meanwhile, the adopted son becomes an officer of the law.","Shammi Kapoor, Amitabh Bachchan, Vinod Khanna, Neetu Singh",Manmohan Desai,7.2,#1a1a3a,154
3140,Barkhaa,2015,"Drama, Romance","Follows the relationship between two young minds, which took a unfavorable turn.","Sara Loren, Priyanshu Chatterjee, Muntazir Ahmad, Taha Shah Badussha",Shadaab Mirza,5.9,#533483,110
3141,Bheja Fry,2007,"Comedy, Drama","Ranjit, who makes fun of idiots, gets completely annoyed when he invites a tax inspector and a singer to his house.","Vinay Pathak, Rajat Kapoor, Sarika Thakur, Milind Soman",Sagar Ballary,6.3,#4a3a1a,135
3142,Saheb Biwi Aur Gangster,2011,"Action, Crime, Drama","Hired to kill a nobleman, the assassin instead falls for the former's unstable wife.","Jimmy Shergill, Mahie Gill, Randeep Hooda, Shreya Narayan",Tigmanshu Dhulia,6.9,#1a1a2e,139
3143,Dil Maange More!!!,2004,"Musical, Romance","Nikhil, a simple naive young man, twice fails in his quest for love. Will he be third time lucky?","Shahid Kapoor, Ayesha Takia, Tulip Joshi, Soha Ali Khan",Anant Mahadevan,7.9,#0f3460,151
3144,Khullam Khulla Pyaar Karen,2005,Comedy,"International Criminal Don, Supremo, alias Trikal Anna is concerned when he hears that two of his trusted lieutenants are at war with each other. So he decides to travel to India to settle ...                See full summary »","Govinda, Preity G Zinta, Prem Chopra, Sadashiv Amrapurkar",Harmesh Malhotra,8.8,#0f3460,160
3145,Pareeksha,2020,Drama,The film revolves around the story of an ordinary rickshaw driver in Bihar who aspires and dreams of providing a maximum possible quality education to his son by making arrangements for him to study at a private English medium school.,"Adil Hussain, Priyanka Bose, Shourya Deep, Shubham","Prakash Jha, Saurabh Choubey",5.8,#2a2a1a,110
3146,Gambler,1995,"Action, Comedy, Crime","Police Inspector Dayashanker Pandey is a slacker who wants a risk-free life; he's quite comfortable sharing tall tales and a desk job. But fate has other plans: whenever he goes outside, he...                See full summary »","Govinda, Shilpa Shetty Kundra, Aditya Pancholi, Gulshan Grover",Dayal Nihalani,7.7,#1a3a4a,122
3147,Humjoli,1970,"Comedy, Drama, Romance","Village-based Gopalnath (Pran) had always dreamed of becoming rich. On a visit to Bombay city, his dreams are fulfilled when he agrees to marry plain-looking Roopa, the sole heiress of a ...                See full summary »","Jeetendra, Leena Chandavarkar, Pran Sikand, Shashikala Jawalkar",Ramanna,6.4,#16213e,157
3148,Wrong Way,2023,Horror,Shiva and his 4 friends are driving to Lonavala to have some good time but little did they know what awaits them,"Naveen Jagbir Sandhu, Shiva Dagar, Ankita Sharma, Gamya Wijayadasa","Devendra Rajput, Salil Sand",7.5,#1a1a2e,114
3149,Zabardast,1985,"Action, Drama","Ratan Kumar lives a middle-class existence with his wife, Pushpa and son, Sunder. When he is asked to commit a crime for Balram Singh, he does so, but decides to keep a suitcase full of ...                See full summary »","Sanjeev Kumar, Sunny Deol, Rajeev Kapoor, Jaya Prada",Nasir Hussain,6.5,#1a1a3a,144
3150,Salaakhen,1998,"Action, Drama","When an honest school teacher testifies in a rape case against a prominent businessman's son, he is psychologically tortured and forced to commit suicide. His young son then takes the law into his own hands in order to avenge his father.","Sunny Deol, Raveena Tandon, Anupam Kher, Farida Jalal",Guddu Dhanoa,6.9,#4a1a4a,149
3151,Shlok - The Desi Sherlock,2000,"Crime, Thriller","Follows a detective looking into several crimes. As more crimes occur nearby, an unexpected event takes place.","Hiten Patel, Bobby Deol, Lee Nicholas Harris, Karishma Kotak","Kunal Kohli, Laura Lake",8.2,#16213e,157
3152,Ravan Raaj: A True Story,1995,"Action, Crime, Thriller",In Bombay a series of kidnapping takes place and many young women go missing. The police force is also not doing much to stop this until Arjun Verma is assigned to the case.During the ...                See full summary »,"Mithun Chakraborty, Madhoo, Aditya Pancholi, Paresh Rawal",Rama Rao Tatineni,6.9,#e94560,142
3153,Anmol,1993,"Drama, Family, Romance","Anmol is made to work as a maid in her own house by her step-mother and step-sisters. Later, a singer falls for her and decides to free her from her evil family.","Maya Alagh, Sudha Chopra, Anil Dhawan, Sunil Dhawan",Ketan Desai,7.3,#2a2a1a,127
3154,Hebbuli,2017,"Action, Drama, Thriller",A fearless commando arrives home at the news of his brother's suicide until he starts to deeply investigate the reason behind his mysterious demise.,"V. Ravichandran, Sudeep, Amala Paul, Ravi Kishan","S Krishna, Rudresh M. Gowda",6.5,#4a3a1a,136
3155,Dadagiri,1987,"Action, Crime, Drama","After the passing of her parents, a young heiress suffers abuse at the hands of her relatives.","Rati Agnihotri, Rakesh Bedi, Mohan Choti, Sudhir Dalvi",Deepak S. Shivdasani,6.5,#1a3a4a,127
3156,Tute Khwab,2019,"Comedy, Family, Musical",Add a Plot,"Pramod Sharma, Dhanashri Rathod, Mahesh Kumar, Rajesh Pr Dadu",Pramod Sharma,8.7,#1a1a3a,139
3157,Tony,2018,Thriller,"Four psychology students plant a camera in a church's confession box and come across a serial killer confessing to murder to the priest. Life takes a bizarre turn when they meet TONY, the serial killer and go on a murdering spree with him.","Mahesh Jilowa, Yashodhan Rana, Manoj Chandila, Dhruv Souran",Vipul K. Rawal,8.6,#533483,137
3158,Rosh,2023,"Drama, Thriller",Rajat Ronika and Alina hits a delivery boy on road and he dies on the spot. After some time door bell rings and an injured delivery boy enters in house stating he is late because someone hit him on road by a car and thrill starts.,"Allu Ashish, Mimoh Chakraborty, Vrajesh Hirjee, Jillian Kilroy",Jayveer Panghaal,7.7,#1a1a2e,140
3159,P Se Pyaar F Se Faraar,2019,"Crime, Drama, Romance","High-school sweethearts Suraj Maali and Janvi Singh are well aware of their diverse socio-economic backgrounds and so, the young lovers opt for marriage by elopement. This, in turn, conjures up a storm the couple isn't prepared for.","Bhavesh Kumar, Jimmy Shergill, Kumud Mishra, Sanjay Mishra",Manoj Shidheshwari Tiwari,6.2,#2a2a1a,134
3160,The Royal Bengal Tiger,2014,Thriller,"A soft spoken, timid person changes drastically after he comes across his old friend .","Jeet, Abir Chatterjee, Priyanka Sarkar, Shraddha Das",Rajesh Ganguly,7.6,#2a2a1a,146
3161,Brahmachari,1968,"Comedy, Drama, Musical","Abandoned as a child, Brahmachari lives in a mortgaged house with twelve young orphans. He saves a woman from dying and she changes his life forever. But first she has to deal with her own affairs.","Shammi Kapoor, Rajshree, Pran Sikand, Mumtaz Askari",Bhappi Sonie,5.8,#3a4a1a,162
3162,Ekk Deewana Tha,2012,"Drama, Romance",An aspiring filmmaker from Mumbai falls in love with a woman from a strict orthodox Christian family.,"Prateik Patil Babbar, Amy Jackson, Sachin Khedekar, Manu Rishi Chadha",Gautham Vasudev Menon,5.9,#3a4a1a,163
3163,Missing,2018,"Drama, Mystery, Thriller","Sushant Dubey checks in at a beach resort of Mauritius late night with his lovely wife Aparna and three-year-old daughter, Titli, who has high fever. As Aparna wakes up the next morning, ...                See full summary »","Manoj Bajpayee, Tabu, Annu Kapoor, Rajesh Jais",Mukul Abhyankar,7.7,#3a4a1a,136
3164,Thugs,2023,"Action, Thriller",The lives of a few gangsters in Kanyakumari.,"Hridhu Haroon, Sarath Kumar, Munishkanth, Thenappan P.L.",Brinda Master,6.4,#0f3460,132
3165,Middle Class Love,2022,"Comedy, Drama, Romance",A young college boy is frustrated being in middle-class family setup and finds love the ideal way to get out of it.,"Prit Kamani, Eisha Singh, Kavya Thapar, Manoj Pahwa",Ratnaa Sinha,8.3,#16213e,117
3166,Mutamestri,1993,"Action, Drama",The story of a vegetable market worker who rises to the state of a minister.,"Chiranjeevi, Meena, Roja, Sharat Saxena",A. Kodandarami Reddy,7.0,#1a1a3a,110
3167,Akayla,1991,"Action, Drama, Thriller","Inspector Vijay Verma is a very lonely cop whose only family is a younger brother, Ajay Verma, who is studying abroad. He also has two good friends, Shekhar and Seema. One day when he ...                See full summary »","Amitabh Bachchan, Jackie Shroff, Amrita Singh, Meenakshi Sheshadri",Ramesh Sippy,7.8,#0f3460,123
3168,Oonche Log,1985,"Drama, Family","Thakur Vikram Singh, while driving home in his chauffeur-driven car, loses control, and crashes it in a building, instantly killing a woman. Vikram finds out that the woman had a young son,...                See full summary »","Rajesh Khanna, Salma Agha, Pradeep Kumar, Danny Denzongpa",Brij,7.4,#533483,124
3169,Shikari: The Hunter,1991,"Action, Adventure","Shankar and Chanchal earn their living by doing road shows. Once, Shankar sees Natasha on a circus poster and dreams of working with her. He gets an offer to work in the circus in Russia","Mithun Chakraborty, Naseeruddin Shah, Irina Kushnareva, Varsha Usgaonkar","Latif Faiziyev, Umesh Mehra",7.6,#1a1a3a,115
3170,RK/RKAY,2021,Drama,"RK is a filmmaker, making a new film, in which he also plays the lead character of Mahboob. Its a quaint film, like a tribute to the cinema of the sixties. People close to him are not ...                See full summary »","Rajat Kapoor, Mallika Sherawat, Ranvir Shorey, Chandrachoor Rai",Rajat Kapoor,6.5,#1a1a3a,118
3171,Go Goa Gone 2,2000,"Action, Adventure, Comedy",Sequel of the 2013 'zom-com' film Go Goa Gone.,"Saif Ali Khan, Radhika Madan, Abhishek Banerjee, Fahim Fazli","Krishna D.K., Raj Nidimoru",6.1,#1a4a1a,152
3172,Double Dhamaal,2011,"Comedy, Crime, Drama",Four slackers decide to avenge their humiliation at the hands of a con-man.,"Sanjay Dutt, Riteish Deshmukh, Arshad Warsi, Jaaved Jaaferi",Indra Kumar,6.6,#16213e,116
3173,Ek Chalis Ki Last Local,2007,"Adventure, Comedy, Crime",A comic thriller about two people who miss the last local train at 1:40 am and how missing of their train changes their course of life forever.,"Abhay Deol, Neha Dhupia, Amit Mistry, Nawazuddin Siddiqui",Sanjay M. Khanduri,7.0,#16213e,151
3174,Golmaal 5,2000,"Adventure, Comedy, Mystery","A group of childhood friends, gets caught in a puzzled up situation together, as they have a knack for it.","Ajay Devgn, Arshad Warsi, Kunal Kemmu, Shreyas Talpade",Rohit Shetty,7.4,#2a2a1a,119
3175,Jannat 2,2012,"Crime, Drama, Thriller",A dealer of illegal guns is bullied into being an informer for a cop who wants to put an end to this racket.,"Emraan Hashmi, Randeep Hooda, Esha Gupta, Mohd. Zeeshan Ayyub",Kunal Deshmukh,7.2,#1a4a1a,119
3176,Zeher,2005,"Crime, Drama, Mystery","Siddharth and Sonia are happily married to each other until Anna walks into Siddharth's life. Things takes a worst turn, when Anna gets killed and Siddharth finds himself in deep trouble.","Emraan Hashmi, Shamita Shetty, Udita Goswami, Sameer Kochhar",Mohit Suri,7.2,#3a2a1a,161
3177,Gangaajal,2003,"Action, Crime, Drama","An IPS officer motivates and leads a dysfunctional, corrupt police force of Tezpur to fight against the corrupt politician.","Ajay Devgn, Gracy Singh, Mohan Joshi, Yashpal Sharma",Prakash Jha,7.7,#16213e,112
3178,Untitled Ranveer Singh & Shankar Film,2000,Drama,Add a Plot,Ranveer Singh,S. Shankar,6.4,#1a1a2e,142
3179,Hum Paanch,1980,"Action, Drama","Wealthy, lecherous Zamindar Thakur Vir Pratap Singh lords over a small region in rural India, mercilessly killing anyone who opposes his rule. He gets the male villagers addicted to ...                See full summary »","Sanjeev Kumar, Shabana Azmi, Mithun Chakraborty, Deepti Naval",Bapu,5.8,#1a1a2e,137
3180,Bandini,1963,"Drama, Musical, Romance","During the British Raj of the 1930s, a prison-doctor falls in love with a convict who eventually reveals the story of her past and her connection to a freedom fighter.","Ashok Kumar, Nutan, Dharmendra, Raja Paranjpe",Bimal Roy,6.0,#1a1a2e,120
3181,Plan,2004,"Action, Comedy, Crime","To pay off their gambling debt, four best friends kidnap an organized crime figure having mistaken him for a wealthy businessman.","Sanjay Dutt, Priyanka Chopra Jonas, Dino Morea, Sameera Reddy",Hriday Shetty,7.7,#4a3a1a,161
3182,Shudra the Rising,2012,History,Shudra - The Rising is the story of 250 million people subjugated in war and condemned to slavery and bestial existence for ages. These peace loving and imprudent people of ancient times ...                See full summary »,"Priya Annatram, Habib Azmi, Pravin Baby, Mahesh Balraj",Sanjiv Jaiswal,6.7,#1a3a4a,147
3183,Ilaaka,1989,"Action, Drama","Ilaaka - has a small little world of its own. A world of dreams and desires love and longings, hatred and hardships. This is Raja who stands at the cross roads of truth and traditions.. In ...                See full summary »","Mithun Chakraborty, Sanjay Dutt, Madhuri Dixit, Amrish Puri",Aziz Sejawal,7.6,#e94560,120
3184,Kamaal Dhamaal Malamaal,2012,"Comedy, Drama","Jhonny is often fooled by villagers as he is fit for nothing. He is in love with Maria but is often targeted by her brothers. Then enters Sam, who will be like a Samaritain to Jhonny's family.","Nana Patekar, Shreyas Talpade, Om Puri, Paresh Rawal",Priyadarshan,7.4,#1a1a2e,128
3185,We R Friends,2006,Drama,Add a Plot,"Addy, Ashok Asrani, Bhupindder Bhoopii, Nazneen Contractor",Jaidev Chakraborty,6.9,#1a1a2e,128
3186,Geet Gaata Chal,1975,"Comedy, Drama, Family","Durga Babu, and his wife, Ganga, comes across Shyam, an orphan, who sings and dances on special occasions, and decide to take him home. Shyam meets with their daughter, Radha, and she ...                See full summary »","Sachin Pilgaonkar, Sarika Thakur, Urmila Bhatt, Madan Puri",Hiren Nag,7.9,#2d4a22,155
3187,Luv Ka the End,2011,"Comedy, Drama","Rhea, the girl next door falls in love with Luv Nanda, only to find out he is not as nice as she thought he was. She decides to get even with Luv Nanda.","Shraddha Kapoor, Taha Shah Badussha, Errol Peter Marks, Meherzan Mazda",Bumpy,6.1,#1a1a2e,142
3188,Thanedaar,1990,"Action, Crime, Drama","A policeman is killed in a brawl - one of his boys is adopted by another policeman, the other whisked away and brought up by bandits. Years later, the boys meet-again on opposite sides of the law.","Jeetendra, Sanjay Dutt, Jaya Prada, Madhuri Dixit",Raj N. Sippy,7.2,#1a2a1a,144
3189,Miss Mary,1957,Comedy,"R.K. Raju, a private investigator is assigned the task of locating the missing daughter of a wealthy Hindu couple. His investigation take him to different locales, and he comes across Miss ...                See full summary »","Meena Kumari, Kishore Kumar, Gemini Ganesan, Jamuna",L.V. Prasad,7.9,#2d4a22,119
3190,Bombai Ka Babu,1960,"Drama, Musical, Romance","Babu and Malik are two inseparable friends who live in a small town in India. One day they decide to play a prank and steal something. They get caught, while Malik's dad come to bail out ...                See full summary »","Dev Anand, Suchitra Sen, Jeevan Dhar, Nasir Hussain",Raj Khosla,7.2,#2d4a22,159
3191,Souten: The Other Woman,2006,Thriller,"After the accidental death of her lover, Mitali gets married to wealthy widower Ranbeer Singh who lives in a palace in Rajasthan, India, along with his daughter, Sapna. The trio settle down...                See full summary »","Mahima Chaudhry, Padmini Kolhapure, Shakti Kapoor, Gulshan Grover",Karan Razdan,8.6,#1a3a4a,133
3192,Humko Tumse Pyaar Hai,2006,"Drama, Romance","A blind woman is taken care by a wealthy nobleman after her fiancee is presumed to be dead. Things takes a turn when her former fiancee comes back to her, which puts her in a dilemma.","Arjun Rampal, Ameesha Patel, Bobby Deol, Achint Kaur",Bunty Soorma,8.7,#533483,124
3193,Faraar,1975,"Action, Crime, Drama","When two lovers separated due to financial circumstance are reunited several years later under one roof, sparks fly and emotions run high. How will they resolve this relationship?","Sanjeev Kumar, Sharmila Tagore, Amitabh Bachchan, Sulochana Latkar",Shankar Mukherjee,8.5,#1a1a2e,137
3194,Taxi Driver,1954,"Musical, Romance","Mangal drives a taxi by day, then drinks at night, listens to his singer girlfriend Sylvie and then goes into a drunken stupor - and wakes up with a hangover. One day, while assisting ...                See full summary »","Dev Anand, Kalpana Kartik, Sheila Ramani, Johnny Walker",Chetan Anand,7.4,#4a1a1a,150
3195,Kalicharan,1976,"Action, Adventure, Crime",A police officer goes undercover to catch a wealthy and reputable person who is involved in criminal activities.,"Shatrughan Sinha, Reena Roy, Ajit Khan, Premnath Malhotra",Subhash Ghai,7.9,#1a3a4a,138
3196,Heeriye,2000,Thriller,Add a Plot,"Shatrughan Sinha, Reena Roy, Ajit Khan, Premnath Malhotra",Subhash Ghai,7.6,#3a2a1a,111
3197,Sur: The Melody of Life,2002,"Drama, Musical, Romance","A renowned music teacher mentors a promising young singer, but when her fame begins to overshadow his own, he lets jealousy and competition take over.","Lucky Ali, Simone Singh, Achint Kaur, Ehsan Khan",Tanuja Chandra,7.0,#1a4a1a,139
3198,Time to Dance,2021,"Musical, Romance","When a ballroom dancer's shot at a crucial tournament is jeopardized, a street dancer must face his own painful past and step up as her new partner.","Sooraj Pancholi, Isabelle Kaif, Waluscha D'Souza, Rajpal Naurang Yadav",Stanley D'Costa,7.6,#e94560,125
3199,Nigahen: Nagina Part II,1989,"Drama, Family, Fantasy","After the tragic deaths of his son Ajit and daughter-in-law Rajni, Raja Saheb decides to educate his granddaughter Neelam in the city. Years later, Neelam has grown up and returns ...                See full summary »","Sunny Deol, Sridevi, Anupam Kher, Gulshan Grover",Harmesh Malhotra,8.2,#1a3a4a,163
3200,Kyo Kii... Main Jhuth Nahin Bolta,2001,"Action, Comedy, Drama","Raj is a successful lawyer due to constant cheating and dishonesty. When his wife comes to know about this, she threatens to leave him. Fearful of his parents' divorce, Raj's son wishes that his father become unable to lie.","Govinda, Sushmita Sen, Rambha, Anupam Kher",David Dhawan,6.2,#3a4a1a,143
3201,Dune: Part Two,2024,"Action, Adventure, Sci-Fi",Paul Atreides unites with Chani and the Fremen while seeking revenge against the conspirators who destroyed his family.,"Timothée Chalamet, Zendaya, Rebecca Ferguson",Denis Villeneuve,8.6,#1a1a2e,166
3202,Inside Out 2,2024,"Animation, Comedy, Family, Drama",Teenager Riley's mind headquarters undergoes a sudden demolition to make room for new Emotions.,"Amy Poehler, Maya Hawke, Kensington Tallman",Kelsey Mann,7.9,#2d4a22,96
3203,Deadpool & Wolverine,2024,"Action, Comedy, Sci-Fi",Deadpool is pulled from his quiet life by the Time Variance Authority and teams up with a weary Wolverine to save his universe.,"Ryan Reynolds, Hugh Jackman, Emma Corrin",Shawn Levy,7.8,#3a2a1a,128
3204,Kalki 2898 AD,2024,"Action, Adventure, Sci-Fi","A modern avatar of Vishnu, a Hindu god, is believed to have descended to earth to protect the world from evil forces in a post-apocalyptic era.","Prabhas, Amitabh Bachchan, Kamal Haasan, Deepika Padukone",Nag Ashwin,7.3,#1a3a4a,181
3205,Shaitaan,2024,"Horror, Mystery, Thriller",A family's retreat is interrupted by an uninvited guest who takes control of their daughter's mind with dark black magic.,"Ajay Devgn, R. Madhavan, Jyotika",Vikas Bahl,6.7,#1a4a1a,132
3206,Gladiator II,2024,"Action, Adventure, Drama","Years after witnessing the death of the revered hero Maximus, Lucius is forced to enter the Colosseum after his home is conquered by the tyrannical Emperors.","Paul Mescal, Pedro Pascal, Denzel Washington",Ridley Scott,7.1,#16213e,148
3207,Wicked,2024,"Fantasy, Musical, Romance","Elphaba, an misunderstood green-skinned young woman, forms an unlikely friendship with Glinda, a popular blonde, before their lives take diverging paths.","Cynthia Erivo, Ariana Grande, Jonathan Bailey",Jon M. Chu,7.8,#533483,160
3208,Avatar: Fire and Ash,2025,"Action, Adventure, Sci-Fi","Jake Sully and Neytiri travel across Pandora and encounter a new, aggressive volcanic clan of Na'vi known as the 'Ash People'.","Sam Worthington, Zoe Saldana, Oona Chaplin",James Cameron,8.0,#16213e,165
3209,Superman,2025,"Action, Adventure, Sci-Fi","Superman reconciles his heritage with his human upbringing, guiding a world that sees him as a beacon of hope and justice.","David Corenswet, Rachel Brosnahan, Nicholas Hoult",James Gunn,8.2,#1a1a2e,145
3210,The Fantastic Four: First Steps,2025,"Action, Adventure, Sci-Fi",Marvel's first family ventures into the cosmos and must defend Earth from the cosmic threat of Galactus and Silver Surfer.,"Pedro Pascal, Vanessa Kirby, Joseph Quinn, Ebon Moss-Bachrach",Matt Shakman,7.8,#533483,135
3211,Bhool Bhulaiyaa 3,2024,"Comedy, Horror",Rooh Baba travels to a haunted castle in Bengal to confront two malevolent spirits claiming to be the original Manjulika.,"Kartik Aaryan, Vidya Balan, Madhuri Dixit, Triptii Dimri",Anees Bazmee,6.5,#3a4a1a,158
